transaction_id,timestamp,sender_id,receiver_id,amount,transaction_type,merchant_id,device_id,ip_id,location,channel,is_fraud,fraud_type,scenario_id
TX_00001649,1704069890.9033902,ACC_000300,ACC_000269,104.4,p2m,MERCH_00021,DEV_000246,IP_000073,domestic,qr_code,0,none,scenario_b
TX_00002257,1704073475.3345914,ACC_000134,ACC_000151,66875.93,intermediary_transfer,None,DEV_000330,IP_000051,domestic,upi_app,1,basic_mule,scenario_d
TX_00002258,1704075163.4721122,ACC_000151,ACC_000469,64200.9,intermediary_transfer,None,DEV_000014,IP_000022,domestic,upi_app,1,basic_mule,scenario_d
TX_00002259,1704075769.513233,ACC_000469,ACC_000129,61525.86,intermediary_transfer,None,DEV_000014,IP_000022,domestic,upi_app,1,basic_mule,scenario_d
TX_00001457,1704075901.1207952,ACC_000354,ACC_000350,244.08,p2m,MERCH_00009,DEV_000160,IP_000074,domestic,qr_code,0,none,scenario_b
TX_00001845,1704076900.3742807,ACC_000033,ACC_000029,87.56,p2m,MERCH_00042,DEV_000157,IP_000197,domestic,qr_code,0,none,scenario_b
TX_00002260,1704077229.8147938,ACC_000129,ACC_000459,58850.82,atm_cashout,None,DEV_000014,IP_000022,domestic,upi_app,1,basic_mule,scenario_d
TX_00001300,1704081425.9227808,ACC_000452,ACC_000035,173.72,p2m,MERCH_00005,DEV_000115,IP_000141,domestic,qr_code,0,none,scenario_b
TX_00000749,1704084063.6724176,ACC_000095,ACC_000086,1084.47,p2p,None,DEV_000043,IP_000072,domestic,qr_code,0,none,scenario_a
TX_00001430,1704089182.400842,ACC_000259,ACC_000350,97.65,p2m,MERCH_00009,DEV_000034,IP_000016,domestic,qr_code,0,none,scenario_b
TX_00001107,1704090217.4609466,ACC_000244,ACC_000135,183.16,p2m,MERCH_00028,DEV_000317,IP_000211,domestic,qr_code,0,none,scenario_b
TX_00001719,1704090367.878458,ACC_000277,ACC_000111,286.36,p2m,MERCH_00011,DEV_000331,IP_000010,domestic,qr_code,0,none,scenario_b
TX_00000304,1704092148.2288377,ACC_000422,ACC_000263,99.71,p2p,None,DEV_000293,IP_000269,domestic,qr_code,0,none,scenario_a
TX_00001379,1704093309.0729668,ACC_000056,ACC_000377,152.17,p2m,MERCH_00037,DEV_000390,IP_000023,domestic,qr_code,0,none,scenario_b
TX_00001281,1704093563.133493,ACC_000144,ACC_000035,96.13,p2m,MERCH_00005,DEV_000020,IP_000207,domestic,qr_code,0,none,scenario_b
TX_00000415,1704100955.2271533,ACC_000062,ACC_000157,480.63,p2p,None,DEV_000357,IP_000158,domestic,upi_app,0,none,scenario_a
TX_00000253,1704102053.8867698,ACC_000396,ACC_000168,1632.95,p2p,None,DEV_000191,IP_000045,domestic,qr_code,0,none,scenario_a
TX_00001496,1704105969.9849808,ACC_000127,ACC_000336,159.46,p2m,MERCH_00001,DEV_000183,IP_000204,domestic,qr_code,0,none,scenario_b
TX_00000932,1704107109.866953,ACC_000014,ACC_000357,227.26,p2p,None,DEV_000385,IP_000113,domestic,upi_app,0,none,scenario_a
TX_00000279,1704107881.6433148,ACC_000355,ACC_000214,1251.77,p2p,None,DEV_000050,IP_000211,domestic,qr_code,0,none,scenario_a
TX_00000577,1704109073.2071018,ACC_000387,ACC_000498,226.88,p2p,None,DEV_000188,IP_000218,domestic,upi_app,0,none,scenario_a
TX_00000741,1704109937.298994,ACC_000351,ACC_000460,677.21,p2p,None,DEV_000205,IP_000223,domestic,qr_code,0,none,scenario_a
TX_00000689,1704111009.661347,ACC_000292,ACC_000287,284.14,p2p,None,DEV_000200,IP_000142,domestic,qr_code,0,none,scenario_a
TX_00000858,1704112773.7297719,ACC_000280,ACC_000411,1084.92,p2p,None,DEV_000017,IP_000289,domestic,web,0,none,scenario_a
TX_00001507,1704113447.3640857,ACC_000497,ACC_000336,41.99,p2m,MERCH_00001,DEV_000188,IP_000102,domestic,qr_code,0,none,scenario_b
TX_00001100,1704114513.7940092,ACC_000108,ACC_000431,257.57,p2p,None,DEV_000105,IP_000229,domestic,qr_code,0,none,scenario_a
TX_00001240,1704117404.619152,ACC_000335,ACC_000186,69.65,p2m,MERCH_00041,DEV_000316,IP_000024,domestic,qr_code,0,none,scenario_b
TX_00002807,1704119486.5408273,ACC_000420,ACC_000406,40000.0,p2p,None,DEV_000355,IP_000266,domestic,upi_app,1,camouflage_mule,scenario_h
TX_00002808,1704119786.5408273,ACC_000406,ACC_000266,160.87,p2m,MERCH_00022,DEV_000337,IP_000187,domestic,qr_code,1,camouflage_mule,scenario_h
TX_00002809,1704120086.5408273,ACC_000406,ACC_000266,299.72,p2m,MERCH_00022,DEV_000190,IP_000187,domestic,qr_code,1,camouflage_mule,scenario_h
TX_00001679,1704120133.1785014,ACC_000276,ACC_000111,221.69,p2m,MERCH_00011,DEV_000096,IP_000288,domestic,qr_code,0,none,scenario_b
TX_00000150,1704120947.700204,ACC_000066,ACC_000260,231.28,p2p,None,DEV_000084,IP_000179,domestic,qr_code,0,none,scenario_a
TX_00002810,1704121286.5408273,ACC_000406,ACC_000417,38500.0,intermediary_transfer,None,DEV_000033,IP_000169,domestic,upi_app,1,camouflage_mule,scenario_h
TX_00000281,1704122941.9814174,ACC_000022,ACC_000018,750.5,p2p,None,DEV_000075,IP_000269,domestic,web,0,none,scenario_a
TX_00001643,1704126204.6029766,ACC_000177,ACC_000269,163.62,p2m,MERCH_00021,DEV_000119,IP_000284,domestic,qr_code,0,none,scenario_b
TX_00000503,1704126569.982088,ACC_000167,ACC_000137,1732.47,p2p,None,DEV_000246,IP_000045,domestic,upi_app,0,none,scenario_a
TX_00001505,1704126997.3194444,ACC_000239,ACC_000336,151.95,p2m,MERCH_00001,DEV_000106,IP_000048,domestic,qr_code,0,none,scenario_b
TX_00002819,1704129401.238927,ACC_000101,ACC_000316,40000.0,p2p,None,DEV_000274,IP_000128,domestic,upi_app,1,camouflage_mule,scenario_h
TX_00002820,1704129701.238927,ACC_000316,ACC_000377,328.1,p2m,MERCH_00037,DEV_000108,IP_000138,domestic,qr_code,1,camouflage_mule,scenario_h
TX_00002821,1704130001.238927,ACC_000316,ACC_000377,183.29,p2m,MERCH_00037,DEV_000354,IP_000139,domestic,qr_code,1,camouflage_mule,scenario_h
TX_00001042,1704131027.505133,ACC_000208,ACC_000396,960.57,p2p,None,DEV_000322,IP_000243,domestic,upi_app,0,none,scenario_a
TX_00002822,1704131201.238927,ACC_000316,ACC_000109,38500.0,intermediary_transfer,None,DEV_000373,IP_000254,domestic,upi_app,1,camouflage_mule,scenario_h
TX_00000055,1704131750.5661097,ACC_000007,ACC_000135,1265.05,p2p,None,DEV_000016,IP_000065,domestic,qr_code,0,none,scenario_a
TX_00000771,1704134212.205788,ACC_000018,ACC_000084,3290.43,p2p,None,DEV_000157,IP_000218,domestic,web,0,none,scenario_a
TX_00000383,1704134838.2186093,ACC_000219,ACC_000093,981.87,p2p,None,DEV_000180,IP_000142,domestic,web,0,none,scenario_a
TX_00000263,1704135067.4103224,ACC_000145,ACC_000378,1507.07,p2p,None,DEV_000309,IP_000020,domestic,qr_code,0,none,scenario_a
TX_00001812,1704136516.5230486,ACC_000368,ACC_000483,179.01,p2m,MERCH_00036,DEV_000310,IP_000008,domestic,qr_code,0,none,scenario_b
TX_00000289,1704137163.4709828,ACC_000326,ACC_000034,950.82,p2p,None,DEV_000026,IP_000297,domestic,qr_code,0,none,scenario_a
TX_00000285,1704137435.322857,ACC_000280,ACC_000215,1583.94,p2p,None,DEV_000072,IP_000228,domestic,web,0,none,scenario_a
TX_00001599,1704138861.0890274,ACC_000314,ACC_000085,132.78,p2m,MERCH_00007,DEV_000376,IP_000153,domestic,qr_code,0,none,scenario_b
TX_00001299,1704139216.3765914,ACC_000203,ACC_000035,212.44,p2m,MERCH_00005,DEV_000373,IP_000287,domestic,qr_code,0,none,scenario_b
TX_00000426,1704140141.4500208,ACC_000319,ACC_000000,408.87,p2p,None,DEV_000008,IP_000023,domestic,qr_code,0,none,scenario_a
TX_00000641,1704140776.8058429,ACC_000085,ACC_000320,557.43,p2p,None,DEV_000347,IP_000073,domestic,upi_app,0,none,scenario_a
TX_00000553,1704142635.2246647,ACC_000382,ACC_000144,490.61,p2p,None,DEV_000108,IP_000004,domestic,web,0,none,scenario_a
TX_00000566,1704143500.5893922,ACC_000017,ACC_000101,514.81,p2p,None,DEV_000158,IP_000136,domestic,web,0,none,scenario_a
TX_00001128,1704146269.1587822,ACC_000175,ACC_000135,253.71,p2m,MERCH_00028,DEV_000327,IP_000279,domestic,qr_code,0,none,scenario_b
TX_00001634,1704153340.3578856,ACC_000272,ACC_000269,122.35,p2m,MERCH_00021,DEV_000037,IP_000015,domestic,qr_code,0,none,scenario_b
TX_00002823,1704153547.525686,ACC_000413,ACC_000103,40000.0,p2p,None,DEV_000349,IP_000159,domestic,upi_app,1,camouflage_mule,scenario_h
TX_00001607,1704153711.1766384,ACC_000290,ACC_000085,333.51,p2m,MERCH_00007,DEV_000320,IP_000133,domestic,qr_code,0,none,scenario_b
TX_00002824,1704153847.525686,ACC_000103,ACC_000032,122.89,p2m,MERCH_00045,DEV_000289,IP_000277,domestic,qr_code,1,camouflage_mule,scenario_h
TX_00002825,1704154147.525686,ACC_000103,ACC_000032,254.54,p2m,MERCH_00045,DEV_000122,IP_000125,domestic,qr_code,1,camouflage_mule,scenario_h
TX_00002826,1704155347.525686,ACC_000103,ACC_000394,38500.0,intermediary_transfer,None,DEV_000129,IP_000081,domestic,upi_app,1,camouflage_mule,scenario_h
TX_00001596,1704158656.1264906,ACC_000448,ACC_000085,138.31,p2m,MERCH_00007,DEV_000124,IP_000212,domestic,qr_code,0,none,scenario_b
TX_00001716,1704158893.028309,ACC_000375,ACC_000111,286.11,p2m,MERCH_00011,DEV_000337,IP_000271,domestic,qr_code,0,none,scenario_b
TX_00001390,1704162210.784276,ACC_000355,ACC_000377,301.76,p2m,MERCH_00037,DEV_000280,IP_000091,domestic,qr_code,0,none,scenario_b
TX_00001459,1704164440.0608618,ACC_000489,ACC_000350,132.16,p2m,MERCH_00009,DEV_000018,IP_000187,domestic,qr_code,0,none,scenario_b
TX_00000491,1704164566.2611532,ACC_000026,ACC_000290,214.69,p2p,None,DEV_000396,IP_000141,domestic,qr_code,0,none,scenario_a
TX_00001357,1704168795.749947,ACC_000120,ACC_000099,112.33,p2m,MERCH_00044,DEV_000299,IP_000006,domestic,qr_code,0,none,scenario_b
TX_00001367,1704172828.7787344,ACC_000321,ACC_000377,277.39,p2m,MERCH_00037,DEV_000213,IP_000029,domestic,qr_code,0,none,scenario_b
TX_00001672,1704173461.035327,ACC_000269,ACC_000454,4742.18,merchant_settlement,MERCH_00021,DEV_000288,IP_000263,domestic,web,0,none,scenario_b
TX_00001624,1704176319.3064175,ACC_000085,ACC_000216,2671.18,merchant_settlement,MERCH_00007,DEV_000055,IP_000093,domestic,web,0,none,scenario_b
TX_00000527,1704178443.6072578,ACC_000448,ACC_000144,1743.42,p2p,None,DEV_000358,IP_000280,domestic,upi_app,0,none,scenario_a
TX_00001765,1704181847.8232229,ACC_000094,ACC_000425,189.55,p2m,MERCH_00017,DEV_000136,IP_000120,domestic,qr_code,0,none,scenario_b
TX_00001117,1704182302.9534032,ACC_000280,ACC_000135,50.94,p2m,MERCH_00028,DEV_000363,IP_000033,domestic,qr_code,0,none,scenario_b
TX_00001331,1704183719.4004903,ACC_000060,ACC_000099,217.31,p2m,MERCH_00044,DEV_000218,IP_000057,domestic,qr_code,0,none,scenario_b
TX_00001184,1704183853.964136,ACC_000310,ACC_000009,319.43,p2m,MERCH_00019,DEV_000268,IP_000256,domestic,qr_code,0,none,scenario_b
TX_00001061,1704184736.5838468,ACC_000171,ACC_000410,837.47,p2p,None,DEV_000133,IP_000155,domestic,web,0,none,scenario_a
TX_00000324,1704186366.619925,ACC_000175,ACC_000114,1647.24,p2p,None,DEV_000115,IP_000200,domestic,upi_app,0,none,scenario_a
TX_00001428,1704187197.0588188,ACC_000340,ACC_000350,780.91,p2m,MERCH_00009,DEV_000358,IP_000002,domestic,qr_code,0,none,scenario_b
TX_00000241,1704187236.5586562,ACC_000357,ACC_000485,942.34,p2p,None,DEV_000245,IP_000281,domestic,web,0,none,scenario_a
TX_00001340,1704187515.652451,ACC_000224,ACC_000099,144.69,p2m,MERCH_00044,DEV_000338,IP_000272,domestic,qr_code,0,none,scenario_b
TX_00001878,1704188902.817498,ACC_000029,ACC_000296,6976.82,merchant_settlement,MERCH_00042,DEV_000300,IP_000015,domestic,web,0,none,scenario_b
TX_00000620,1704189067.5660474,ACC_000425,ACC_000033,884.95,p2p,None,DEV_000224,IP_000265,domestic,qr_code,0,none,scenario_a
TX_00000862,1704191630.0284114,ACC_000405,ACC_000059,672.84,p2p,None,DEV_000158,IP_000215,domestic,qr_code,0,none,scenario_a
TX_00001292,1704191856.642177,ACC_000219,ACC_000035,225.28,p2m,MERCH_00005,DEV_000327,IP_000212,domestic,qr_code,0,none,scenario_b
TX_00000007,1704192480.947679,ACC_000398,ACC_000393,1102.16,p2p,None,DEV_000055,IP_000073,domestic,upi_app,0,none,scenario_a
TX_00000196,1704192533.5288024,ACC_000307,ACC_000148,912.7,p2p,None,DEV_000333,IP_000000,domestic,qr_code,0,none,scenario_a
TX_00001333,1704193110.904455,ACC_000029,ACC_000099,222.22,p2m,MERCH_00044,DEV_000216,IP_000182,domestic,qr_code,0,none,scenario_b
TX_00001094,1704193213.1888459,ACC_000388,ACC_000266,1160.59,p2p,None,DEV_000209,IP_000035,domestic,web,0,none,scenario_a
TX_00000557,1704194705.8604593,ACC_000366,ACC_000042,853.31,p2p,None,DEV_000289,IP_000290,domestic,qr_code,0,none,scenario_a
TX_00000740,1704195750.0272684,ACC_000078,ACC_000254,177.82,p2p,None,DEV_000154,IP_000228,domestic,qr_code,0,none,scenario_a
TX_00001058,1704198265.5439212,ACC_000268,ACC_000380,991.21,p2p,None,DEV_000013,IP_000223,domestic,web,0,none,scenario_a
TX_00001199,1704200377.6056483,ACC_000233,ACC_000009,259.82,p2m,MERCH_00019,DEV_000208,IP_000262,domestic,qr_code,0,none,scenario_b
TX_00001525,1704201328.7113817,ACC_000445,ACC_000400,306.2,p2m,MERCH_00003,DEV_000358,IP_000119,domestic,qr_code,0,none,scenario_b
TX_00001699,1704201655.2479537,ACC_000239,ACC_000111,238.41,p2m,MERCH_00011,DEV_000017,IP_000209,domestic,qr_code,0,none,scenario_b
TX_00001269,1704202482.1888201,ACC_000198,ACC_000035,70.24,p2m,MERCH_00005,DEV_000167,IP_000026,domestic,qr_code,0,none,scenario_b
TX_00000424,1704202662.4462857,ACC_000495,ACC_000164,759.37,p2p,None,DEV_000016,IP_000264,domestic,web,0,none,scenario_a
TX_00000705,1704203284.0821195,ACC_000381,ACC_000165,1244.53,p2p,None,DEV_000398,IP_000096,domestic,web,0,none,scenario_a
TX_00000143,1704204849.6348145,ACC_000425,ACC_000387,574.02,p2p,None,DEV_000344,IP_000080,domestic,qr_code,0,none,scenario_a
TX_00000177,1704205376.660221,ACC_000043,ACC_000017,962.73,p2p,None,DEV_000094,IP_000168,domestic,upi_app,0,none,scenario_a
TX_00000941,1704205599.362036,ACC_000264,ACC_000488,1302.14,p2p,None,DEV_000174,IP_000165,domestic,qr_code,0,none,scenario_a
TX_00001807,1704206956.6367965,ACC_000403,ACC_000483,234.73,p2m,MERCH_00036,DEV_000015,IP_000114,domestic,qr_code,0,none,scenario_b
TX_00000968,1704207935.442776,ACC_000016,ACC_000495,604.5,p2p,None,DEV_000019,IP_000233,domestic,upi_app,0,none,scenario_a
TX_00001738,1704208256.7144158,ACC_000030,ACC_000425,36.11,p2m,MERCH_00017,DEV_000390,IP_000247,domestic,qr_code,0,none,scenario_b
TX_00002795,1704208504.9136052,ACC_000432,ACC_000106,40000.0,p2p,None,DEV_000258,IP_000117,domestic,upi_app,1,camouflage_mule,scenario_h
TX_00002796,1704208804.9136052,ACC_000106,ACC_000440,380.06,p2m,MERCH_00043,DEV_000319,IP_000122,domestic,qr_code,1,camouflage_mule,scenario_h
TX_00002797,1704209104.9136052,ACC_000106,ACC_000440,387.82,p2m,MERCH_00043,DEV_000046,IP_000030,domestic,qr_code,1,camouflage_mule,scenario_h
TX_00000575,1704209454.3791392,ACC_000195,ACC_000437,520.42,p2p,None,DEV_000264,IP_000203,domestic,upi_app,0,none,scenario_a
TX_00002831,1704209977.5027306,ACC_000250,ACC_000247,40000.0,p2p,None,DEV_000278,IP_000074,domestic,upi_app,1,camouflage_mule,scenario_h
TX_00001225,1704210077.8152862,ACC_000319,ACC_000186,437.94,p2m,MERCH_00041,DEV_000211,IP_000143,domestic,qr_code,0,none,scenario_b
TX_00002832,1704210277.5027306,ACC_000247,ACC_000135,364.35,p2m,MERCH_00028,DEV_000155,IP_000123,domestic,qr_code,1,camouflage_mule,scenario_h
TX_00002798,1704210304.9136052,ACC_000106,ACC_000423,38500.0,intermediary_transfer,None,DEV_000024,IP_000153,domestic,upi_app,1,camouflage_mule,scenario_h
TX_00000727,1704210415.7235692,ACC_000264,ACC_000480,3108.5,p2p,None,DEV_000107,IP_000264,domestic,web,0,none,scenario_a
TX_00002833,1704210577.5027306,ACC_000247,ACC_000135,296.18,p2m,MERCH_00028,DEV_000248,IP_000283,domestic,qr_code,1,camouflage_mule,scenario_h
TX_00000487,1704211512.934469,ACC_000428,ACC_000147,912.19,p2p,None,DEV_000237,IP_000060,domestic,qr_code,0,none,scenario_a
TX_00002834,1704211777.5027306,ACC_000247,ACC_000395,38500.0,intermediary_transfer,None,DEV_000260,IP_000013,domestic,upi_app,1,camouflage_mule,scenario_h
TX_00001335,1704214037.3684251,ACC_000434,ACC_000099,233.14,p2m,MERCH_00044,DEV_000015,IP_000132,domestic,qr_code,0,none,scenario_b
TX_00000510,1704214152.0106857,ACC_000039,ACC_000427,307.94,p2p,None,DEV_000153,IP_000153,domestic,web,0,none,scenario_a
TX_00000425,1704214211.579754,ACC_000050,ACC_000439,530.31,p2p,None,DEV_000276,IP_000243,domestic,web,0,none,scenario_a
TX_00000337,1704214229.367363,ACC_000153,ACC_000068,483.17,p2p,None,DEV_000133,IP_000165,domestic,upi_app,0,none,scenario_a
TX_00000453,1704214497.572409,ACC_000462,ACC_000395,639.27,p2p,None,DEV_000295,IP_000000,domestic,upi_app,0,none,scenario_a
TX_00000995,1704215400.089499,ACC_000169,ACC_000369,559.7,p2p,None,DEV_000333,IP_000158,domestic,web,0,none,scenario_a
TX_00000387,1704215541.80176,ACC_000008,ACC_000151,942.19,p2p,None,DEV_000294,IP_000020,domestic,qr_code,0,none,scenario_a
TX_00000050,1704217173.4545615,ACC_000006,ACC_000150,1011.66,p2p,None,DEV_000042,IP_000199,domestic,qr_code,0,none,scenario_a
TX_00001351,1704217607.4199748,ACC_000146,ACC_000099,108.95,p2m,MERCH_00044,DEV_000023,IP_000281,domestic,qr_code,0,none,scenario_b
TX_00000637,1704217623.0640094,ACC_000418,ACC_000471,748.88,p2p,None,DEV_000388,IP_000158,domestic,web,0,none,scenario_a
TX_00000116,1704219377.796774,ACC_000116,ACC_000448,239.46,p2p,None,DEV_000179,IP_000055,domestic,upi_app,0,none,scenario_a
TX_00000238,1704221259.2078927,ACC_000162,ACC_000219,823.36,p2p,None,DEV_000041,IP_000259,domestic,web,0,none,scenario_a
TX_00001823,1704221414.5957646,ACC_000262,ACC_000483,136.97,p2m,MERCH_00036,DEV_000240,IP_000238,domestic,qr_code,0,none,scenario_b
TX_00000800,1704221630.723074,ACC_000471,ACC_000125,302.38,p2p,None,DEV_000082,IP_000225,domestic,upi_app,0,none,scenario_a
TX_00000332,1704221865.5752645,ACC_000180,ACC_000119,346.04,p2p,None,DEV_000350,IP_000070,domestic,qr_code,0,none,scenario_a
TX_00000404,1704222325.5629683,ACC_000089,ACC_000241,520.63,p2p,None,DEV_000110,IP_000030,domestic,upi_app,0,none,scenario_a
TX_00002213,1704223459.7460988,ACC_000359,ACC_000094,24619.45,intermediary_transfer,None,DEV_000159,IP_000171,domestic,upi_app,1,basic_mule,scenario_d
TX_00002214,1704224754.4155016,ACC_000094,ACC_000474,23634.67,intermediary_transfer,None,DEV_000024,IP_000017,domestic,upi_app,1,basic_mule,scenario_d
TX_00002426,1704225554.0444834,ACC_000254,ACC_000268,11047.13,p2p,None,DEV_000183,IP_000025,domestic,upi_app,1,fan_in_mule,scenario_e
TX_00002423,1704225802.6852045,ACC_000488,ACC_000268,10359.45,p2p,None,DEV_000101,IP_000191,domestic,upi_app,1,fan_in_mule,scenario_e
TX_00002418,1704225925.219863,ACC_000085,ACC_000268,9258.32,p2p,None,DEV_000038,IP_000005,domestic,upi_app,1,fan_in_mule,scenario_e
TX_00002420,1704226201.669644,ACC_000160,ACC_000268,4907.63,p2p,None,DEV_000377,IP_000251,domestic,upi_app,1,fan_in_mule,scenario_e
TX_00001616,1704226226.4247875,ACC_000124,ACC_000085,66.98,p2m,MERCH_00007,DEV_000162,IP_000165,domestic,qr_code,0,none,scenario_b
TX_00002417,1704226570.5816472,ACC_000101,ACC_000268,13446.76,p2p,None,DEV_000097,IP_000173,domestic,upi_app,1,fan_in_mule,scenario_e
TX_00002215,1704226613.3701167,ACC_000474,ACC_000314,22649.89,intermediary_transfer,None,DEV_000024,IP_000017,domestic,upi_app,1,basic_mule,scenario_d
TX_00001535,1704226677.734682,ACC_000243,ACC_000400,107.84,p2m,MERCH_00003,DEV_000367,IP_000103,domestic,qr_code,0,none,scenario_b
TX_00002421,1704226854.6830769,ACC_000161,ACC_000268,14758.25,p2p,None,DEV_000240,IP_000056,domestic,upi_app,1,fan_in_mule,scenario_e
TX_00000089,1704226912.6947756,ACC_000389,ACC_000256,546.42,p2p,None,DEV_000098,IP_000171,domestic,upi_app,0,none,scenario_a
TX_00002419,1704227133.6357908,ACC_000498,ACC_000268,3738.94,p2p,None,DEV_000309,IP_000285,domestic,upi_app,1,fan_in_mule,scenario_e
TX_00002422,1704227759.3703797,ACC_000013,ACC_000268,4827.8,p2p,None,DEV_000259,IP_000276,domestic,upi_app,1,fan_in_mule,scenario_e
TX_00001747,1704227854.67943,ACC_000234,ACC_000425,174.6,p2m,MERCH_00017,DEV_000217,IP_000107,domestic,qr_code,0,none,scenario_b
TX_00002424,1704227902.0733378,ACC_000170,ACC_000268,5848.86,p2p,None,DEV_000209,IP_000199,domestic,upi_app,1,fan_in_mule,scenario_e
TX_00002216,1704228996.966043,ACC_000314,ACC_000101,21665.11,atm_cashout,None,DEV_000024,IP_000017,domestic,upi_app,1,basic_mule,scenario_d
TX_00002425,1704229001.904134,ACC_000479,ACC_000268,13177.71,p2p,None,DEV_000299,IP_000261,domestic,upi_app,1,fan_in_mule,scenario_e
TX_00001750,1704229252.7458498,ACC_000479,ACC_000425,88.71,p2m,MERCH_00017,DEV_000359,IP_000105,domestic,qr_code,0,none,scenario_b
TX_00001271,1704231874.774401,ACC_000304,ACC_000035,42.9,p2m,MERCH_00005,DEV_000029,IP_000287,domestic,qr_code,0,none,scenario_b
TX_00000754,1704237225.2853792,ACC_000170,ACC_000493,2205.56,p2p,None,DEV_000133,IP_000192,domestic,upi_app,0,none,scenario_a
TX_00001171,1704238068.2403286,ACC_000393,ACC_000009,154.93,p2m,MERCH_00019,DEV_000312,IP_000192,domestic,qr_code,0,none,scenario_b
TX_00001645,1704238830.1084294,ACC_000183,ACC_000269,36.87,p2m,MERCH_00021,DEV_000190,IP_000221,domestic,qr_code,0,none,scenario_b
TX_00001463,1704239537.117809,ACC_000350,ACC_000286,2043.71,merchant_settlement,MERCH_00009,DEV_000334,IP_000006,domestic,web,0,none,scenario_b
TX_00001453,1704259059.0816202,ACC_000223,ACC_000350,108.08,p2m,MERCH_00009,DEV_000289,IP_000130,domestic,qr_code,0,none,scenario_b
TX_00001794,1704259393.191848,ACC_000417,ACC_000483,128.21,p2m,MERCH_00036,DEV_000284,IP_000265,domestic,qr_code,0,none,scenario_b
TX_00001369,1704262117.2908275,ACC_000106,ACC_000377,143.03,p2m,MERCH_00037,DEV_000317,IP_000239,domestic,qr_code,0,none,scenario_b
TX_00001789,1704263271.2275064,ACC_000037,ACC_000483,112.36,p2m,MERCH_00036,DEV_000075,IP_000016,domestic,qr_code,0,none,scenario_b
TX_00000597,1704263284.2704086,ACC_000295,ACC_000068,512.19,p2p,None,DEV_000322,IP_000095,domestic,upi_app,0,none,scenario_a
TX_00001294,1704264325.6456437,ACC_000295,ACC_000035,62.81,p2m,MERCH_00005,DEV_000105,IP_000257,domestic,qr_code,0,none,scenario_b
TX_00000716,1704264403.0286996,ACC_000256,ACC_000389,442.97,p2p,None,DEV_000167,IP_000060,domestic,web,0,none,scenario_a
TX_00000008,1704264689.945311,ACC_000219,ACC_000334,1443.21,p2p,None,DEV_000223,IP_000238,domestic,upi_app,0,none,scenario_a
TX_00001321,1704265463.2081704,ACC_000374,ACC_000099,130.05,p2m,MERCH_00044,DEV_000294,IP_000073,domestic,qr_code,0,none,scenario_b
TX_00001735,1704265954.1795423,ACC_000262,ACC_000425,132.78,p2m,MERCH_00017,DEV_000148,IP_000230,domestic,qr_code,0,none,scenario_b
TX_00001314,1704266701.4924288,ACC_000399,ACC_000099,178.93,p2m,MERCH_00044,DEV_000397,IP_000191,domestic,qr_code,0,none,scenario_b
TX_00000519,1704270586.3903575,ACC_000372,ACC_000101,348.31,p2p,None,DEV_000074,IP_000024,domestic,qr_code,0,none,scenario_a
TX_00001625,1704270763.4469082,ACC_000085,ACC_000095,2019.31,merchant_settlement,MERCH_00007,DEV_000273,IP_000283,domestic,web,0,none,scenario_b
TX_00000162,1704271328.4649856,ACC_000051,ACC_000461,403.88,p2p,None,DEV_000010,IP_000100,domestic,qr_code,0,none,scenario_a
TX_00000708,1704272111.1545196,ACC_000340,ACC_000253,382.33,p2p,None,DEV_000303,IP_000114,domestic,upi_app,0,none,scenario_a
TX_00001114,1704272310.220984,ACC_000014,ACC_000135,133.83,p2m,MERCH_00028,DEV_000330,IP_000108,domestic,qr_code,0,none,scenario_b
TX_00001188,1704273343.5808303,ACC_000280,ACC_000009,114.65,p2m,MERCH_00019,DEV_000374,IP_000121,domestic,qr_code,0,none,scenario_b
TX_00001873,1704274348.3837185,ACC_000363,ACC_000029,137.48,p2m,MERCH_00042,DEV_000170,IP_000105,domestic,qr_code,0,none,scenario_b
TX_00002585,1704275382.5020208,ACC_000000,ACC_000106,4447.62,intermediary_transfer,None,DEV_000036,IP_000016,domestic,upi_app,1,fan_out_mule,scenario_f
TX_00002586,1704275404.2601724,ACC_000000,ACC_000481,3062.19,intermediary_transfer,None,DEV_000036,IP_000016,domestic,upi_app,1,fan_out_mule,scenario_f
TX_00000386,1704275419.951704,ACC_000269,ACC_000049,516.65,p2p,None,DEV_000310,IP_000011,domestic,web,0,none,scenario_a
TX_00002583,1704275701.6219933,ACC_000000,ACC_000183,2979.87,intermediary_transfer,None,DEV_000036,IP_000016,domestic,upi_app,1,fan_out_mule,scenario_f
TX_00002577,1704275731.3024228,ACC_000000,ACC_000368,7615.83,intermediary_transfer,None,DEV_000036,IP_000016,domestic,upi_app,1,fan_out_mule,scenario_f
TX_00002581,1704275793.9182262,ACC_000000,ACC_000351,6928.34,intermediary_transfer,None,DEV_000036,IP_000016,domestic,upi_app,1,fan_out_mule,scenario_f
TX_00002578,1704275819.8429341,ACC_000000,ACC_000021,3977.16,intermediary_transfer,None,DEV_000036,IP_000016,domestic,upi_app,1,fan_out_mule,scenario_f
TX_00002579,1704275995.4379508,ACC_000000,ACC_000126,6292.5,intermediary_transfer,None,DEV_000036,IP_000016,domestic,upi_app,1,fan_out_mule,scenario_f
TX_00002580,1704276427.4402816,ACC_000000,ACC_000399,6995.71,intermediary_transfer,None,DEV_000036,IP_000016,domestic,upi_app,1,fan_out_mule,scenario_f
TX_00002582,1704276522.6589694,ACC_000000,ACC_000235,7755.29,intermediary_transfer,None,DEV_000036,IP_000016,domestic,upi_app,1,fan_out_mule,scenario_f
TX_00002584,1704277004.1095135,ACC_000000,ACC_000388,4257.24,intermediary_transfer,None,DEV_000036,IP_000016,domestic,upi_app,1,fan_out_mule,scenario_f
TX_00000204,1704278510.6559992,ACC_000059,ACC_000127,708.31,p2p,None,DEV_000064,IP_000235,domestic,web,0,none,scenario_a
TX_00001079,1704279755.6307485,ACC_000282,ACC_000311,252.96,p2p,None,DEV_000026,IP_000053,domestic,web,0,none,scenario_a
TX_00000719,1704280246.4230192,ACC_000274,ACC_000115,151.78,p2p,None,DEV_000375,IP_000099,domestic,web,0,none,scenario_a
TX_00000111,1704280611.272684,ACC_000487,ACC_000092,480.32,p2p,None,DEV_000383,IP_000073,domestic,web,0,none,scenario_a
TX_00001189,1704280924.7013884,ACC_000052,ACC_000009,98.52,p2m,MERCH_00019,DEV_000346,IP_000065,domestic,qr_code,0,none,scenario_b
TX_00000768,1704281860.8489528,ACC_000083,ACC_000252,1469.76,p2p,None,DEV_000073,IP_000061,domestic,web,0,none,scenario_a
TX_00001211,1704285390.7821095,ACC_000019,ACC_000186,158.63,p2m,MERCH_00041,DEV_000308,IP_000029,domestic,qr_code,0,none,scenario_b
TX_00000002,1704286826.3082156,ACC_000250,ACC_000185,1239.22,p2p,None,DEV_000221,IP_000266,domestic,upi_app,0,none,scenario_a
TX_00001324,1704287674.1713066,ACC_000480,ACC_000099,106.18,p2m,MERCH_00044,DEV_000260,IP_000261,domestic,qr_code,0,none,scenario_b
TX_00000264,1704291314.2527406,ACC_000366,ACC_000422,739.15,p2p,None,DEV_000371,IP_000147,domestic,upi_app,0,none,scenario_a
TX_00001553,1704292354.646425,ACC_000196,ACC_000400,161.4,p2m,MERCH_00003,DEV_000168,IP_000067,domestic,qr_code,0,none,scenario_b
TX_00000427,1704292612.5426817,ACC_000128,ACC_000225,389.5,p2p,None,DEV_000247,IP_000116,domestic,upi_app,0,none,scenario_a
TX_00000690,1704293316.0640087,ACC_000265,ACC_000205,524.42,p2p,None,DEV_000190,IP_000179,domestic,web,0,none,scenario_a
TX_00000410,1704296111.0521493,ACC_000275,ACC_000302,1336.59,p2p,None,DEV_000377,IP_000144,domestic,upi_app,0,none,scenario_a
TX_00001801,1704296179.405154,ACC_000315,ACC_000483,24.16,p2m,MERCH_00036,DEV_000384,IP_000186,domestic,qr_code,0,none,scenario_b
TX_00001259,1704296882.287813,ACC_000186,ACC_000147,2000.0,merchant_settlement,MERCH_00041,DEV_000094,IP_000049,domestic,web,0,none,scenario_b
TX_00001441,1704297400.3981802,ACC_000140,ACC_000350,134.39,p2m,MERCH_00009,DEV_000019,IP_000207,domestic,qr_code,0,none,scenario_b
TX_00001120,1704298394.5253935,ACC_000225,ACC_000135,203.46,p2m,MERCH_00028,DEV_000396,IP_000115,domestic,qr_code,0,none,scenario_b
TX_00000468,1704299461.818621,ACC_000272,ACC_000324,969.09,p2p,None,DEV_000124,IP_000151,domestic,upi_app,0,none,scenario_a
TX_00000694,1704299917.3417785,ACC_000210,ACC_000075,277.96,p2p,None,DEV_000072,IP_000168,domestic,upi_app,0,none,scenario_a
TX_00001002,1704300087.3389351,ACC_000413,ACC_000447,594.85,p2p,None,DEV_000126,IP_000292,domestic,upi_app,0,none,scenario_a
TX_00002090,1704301114.1684794,ACC_000421,ACC_000203,1338.72,p2m,MERCH_00027,DEV_000086,IP_000187,domestic,pos,0,none,scenario_c
TX_00002085,1704301177.8988402,ACC_000107,ACC_000203,2424.69,p2m,MERCH_00027,DEV_000236,IP_000179,domestic,pos,0,none,scenario_c
TX_00002125,1704301300.150137,ACC_000482,ACC_000203,2561.71,p2m,MERCH_00027,DEV_000050,IP_000287,domestic,pos,0,none,scenario_c
TX_00002136,1704301362.8384883,ACC_000066,ACC_000203,1695.97,p2m,MERCH_00027,DEV_000141,IP_000199,domestic,pos,0,none,scenario_c
TX_00002094,1704301400.9545372,ACC_000442,ACC_000203,609.31,p2m,MERCH_00027,DEV_000247,IP_000211,domestic,pos,0,none,scenario_c
TX_00002082,1704301434.5919924,ACC_000382,ACC_000203,1331.06,p2m,MERCH_00027,DEV_000141,IP_000190,domestic,pos,0,none,scenario_c
TX_00002101,1704301492.7958128,ACC_000370,ACC_000203,2289.9,p2m,MERCH_00027,DEV_000262,IP_000171,domestic,pos,0,none,scenario_c
TX_00002117,1704301523.2029376,ACC_000200,ACC_000203,240.74,p2m,MERCH_00027,DEV_000254,IP_000125,domestic,pos,0,none,scenario_c
TX_00001423,1704301668.1985564,ACC_000009,ACC_000350,79.25,p2m,MERCH_00009,DEV_000029,IP_000014,domestic,qr_code,0,none,scenario_b
TX_00002100,1704301668.7579105,ACC_000333,ACC_000203,818.45,p2m,MERCH_00027,DEV_000176,IP_000003,domestic,pos,0,none,scenario_c
TX_00002116,1704301791.2740295,ACC_000079,ACC_000203,2953.56,p2m,MERCH_00027,DEV_000119,IP_000225,domestic,pos,0,none,scenario_c
TX_00002077,1704301796.7841277,ACC_000113,ACC_000203,4779.39,p2m,MERCH_00027,DEV_000136,IP_000200,domestic,pos,0,none,scenario_c
TX_00002113,1704301989.7344139,ACC_000022,ACC_000203,1873.33,p2m,MERCH_00027,DEV_000271,IP_000032,domestic,pos,0,none,scenario_c
TX_00002089,1704302028.510129,ACC_000326,ACC_000203,2322.53,p2m,MERCH_00027,DEV_000347,IP_000264,domestic,pos,0,none,scenario_c
TX_00002098,1704302044.0489454,ACC_000163,ACC_000203,526.65,p2m,MERCH_00027,DEV_000389,IP_000120,domestic,pos,0,none,scenario_c
TX_00002076,1704302069.1367702,ACC_000392,ACC_000203,1179.43,p2m,MERCH_00027,DEV_000337,IP_000239,domestic,pos,0,none,scenario_c
TX_00002093,1704302137.5319047,ACC_000109,ACC_000203,215.76,p2m,MERCH_00027,DEV_000061,IP_000072,domestic,pos,0,none,scenario_c
TX_00002087,1704302167.9214373,ACC_000483,ACC_000203,373.99,p2m,MERCH_00027,DEV_000385,IP_000193,domestic,pos,0,none,scenario_c
TX_00002102,1704302184.4122157,ACC_000279,ACC_000203,1337.1,p2m,MERCH_00027,DEV_000270,IP_000092,domestic,pos,0,none,scenario_c
TX_00002111,1704302192.5002723,ACC_000087,ACC_000203,555.47,p2m,MERCH_00027,DEV_000376,IP_000014,domestic,pos,0,none,scenario_c
TX_00002128,1704302222.650286,ACC_000384,ACC_000203,2315.35,p2m,MERCH_00027,DEV_000292,IP_000175,domestic,pos,0,none,scenario_c
TX_00002106,1704302226.3446596,ACC_000378,ACC_000203,773.73,p2m,MERCH_00027,DEV_000161,IP_000024,domestic,pos,0,none,scenario_c
TX_00000210,1704302380.6488607,ACC_000177,ACC_000319,2803.52,p2p,None,DEV_000113,IP_000154,domestic,qr_code,0,none,scenario_a
TX_00002080,1704302386.701311,ACC_000356,ACC_000203,1351.29,p2m,MERCH_00027,DEV_000211,IP_000286,domestic,pos,0,none,scenario_c
TX_00002078,1704302432.7945979,ACC_000238,ACC_000203,2894.98,p2m,MERCH_00027,DEV_000242,IP_000129,domestic,pos,0,none,scenario_c
TX_00002129,1704302515.2986174,ACC_000225,ACC_000203,1114.23,p2m,MERCH_00027,DEV_000208,IP_000042,domestic,pos,0,none,scenario_c
TX_00002096,1704302853.862462,ACC_000002,ACC_000203,3895.13,p2m,MERCH_00027,DEV_000057,IP_000210,domestic,pos,0,none,scenario_c
TX_00002092,1704302855.284852,ACC_000031,ACC_000203,1128.52,p2m,MERCH_00027,DEV_000182,IP_000173,domestic,pos,0,none,scenario_c
TX_00002135,1704303077.7202172,ACC_000333,ACC_000203,2207.21,p2m,MERCH_00027,DEV_000129,IP_000060,domestic,pos,0,none,scenario_c
TX_00002081,1704303091.7014434,ACC_000200,ACC_000203,610.58,p2m,MERCH_00027,DEV_000036,IP_000242,domestic,pos,0,none,scenario_c
TX_00002115,1704303129.5803826,ACC_000077,ACC_000203,933.99,p2m,MERCH_00027,DEV_000391,IP_000295,domestic,pos,0,none,scenario_c
TX_00002084,1704303354.156359,ACC_000138,ACC_000203,3361.32,p2m,MERCH_00027,DEV_000098,IP_000161,domestic,pos,0,none,scenario_c
TX_00002105,1704303421.185903,ACC_000013,ACC_000203,1903.84,p2m,MERCH_00027,DEV_000033,IP_000124,domestic,pos,0,none,scenario_c
TX_00002103,1704303501.9221928,ACC_000268,ACC_000203,875.55,p2m,MERCH_00027,DEV_000381,IP_000061,domestic,pos,0,none,scenario_c
TX_00002107,1704303604.2109406,ACC_000335,ACC_000203,2284.21,p2m,MERCH_00027,DEV_000156,IP_000291,domestic,pos,0,none,scenario_c
TX_00002120,1704303881.9354258,ACC_000316,ACC_000203,7289.56,p2m,MERCH_00027,DEV_000342,IP_000126,domestic,pos,0,none,scenario_c
TX_00002132,1704304014.82573,ACC_000004,ACC_000203,2148.92,p2m,MERCH_00027,DEV_000006,IP_000146,domestic,pos,0,none,scenario_c
TX_00002131,1704304072.6710935,ACC_000427,ACC_000203,194.82,p2m,MERCH_00027,DEV_000175,IP_000207,domestic,pos,0,none,scenario_c
TX_00002086,1704304161.4690316,ACC_000186,ACC_000203,1807.08,p2m,MERCH_00027,DEV_000275,IP_000226,domestic,pos,0,none,scenario_c
TX_00002124,1704304288.3297331,ACC_000156,ACC_000203,4441.07,p2m,MERCH_00027,DEV_000367,IP_000058,domestic,pos,0,none,scenario_c
TX_00000906,1704304322.6272917,ACC_000092,ACC_000072,322.13,p2p,None,DEV_000017,IP_000252,domestic,qr_code,0,none,scenario_a
TX_00002104,1704304353.496289,ACC_000427,ACC_000203,622.87,p2m,MERCH_00027,DEV_000068,IP_000165,domestic,pos,0,none,scenario_c
TX_00002099,1704304359.7108262,ACC_000439,ACC_000203,3992.05,p2m,MERCH_00027,DEV_000220,IP_000084,domestic,pos,0,none,scenario_c
TX_00002079,1704304406.6598928,ACC_000139,ACC_000203,747.21,p2m,MERCH_00027,DEV_000167,IP_000212,domestic,pos,0,none,scenario_c
TX_00001733,1704304520.0144768,ACC_000182,ACC_000425,101.02,p2m,MERCH_00017,DEV_000031,IP_000109,domestic,qr_code,0,none,scenario_b
TX_00002122,1704304680.6005144,ACC_000455,ACC_000203,4538.64,p2m,MERCH_00027,DEV_000002,IP_000061,domestic,pos,0,none,scenario_c
TX_00002109,1704304912.0590901,ACC_000462,ACC_000203,541.96,p2m,MERCH_00027,DEV_000032,IP_000141,domestic,pos,0,none,scenario_c
TX_00002112,1704304936.1191702,ACC_000210,ACC_000203,532.19,p2m,MERCH_00027,DEV_000394,IP_000139,domestic,pos,0,none,scenario_c
TX_00002110,1704304958.2912388,ACC_000128,ACC_000203,1066.25,p2m,MERCH_00027,DEV_000355,IP_000223,domestic,pos,0,none,scenario_c
TX_00002137,1704304964.42353,ACC_000056,ACC_000203,2354.42,p2m,MERCH_00027,DEV_000107,IP_000033,domestic,pos,0,none,scenario_c
TX_00002119,1704305184.5444846,ACC_000452,ACC_000203,870.86,p2m,MERCH_00027,DEV_000348,IP_000260,domestic,pos,0,none,scenario_c
TX_00002097,1704305275.4971294,ACC_000241,ACC_000203,172.32,p2m,MERCH_00027,DEV_000203,IP_000046,domestic,pos,0,none,scenario_c
TX_00000004,1704305435.8542874,ACC_000181,ACC_000233,891.01,p2p,None,DEV_000187,IP_000238,domestic,upi_app,0,none,scenario_a
TX_00002114,1704305594.5893092,ACC_000124,ACC_000203,161.88,p2m,MERCH_00027,DEV_000283,IP_000126,domestic,pos,0,none,scenario_c
TX_00002121,1704305865.8739936,ACC_000281,ACC_000203,1539.9,p2m,MERCH_00027,DEV_000259,IP_000286,domestic,pos,0,none,scenario_c
TX_00002083,1704306028.4911695,ACC_000421,ACC_000203,1738.91,p2m,MERCH_00027,DEV_000106,IP_000034,domestic,pos,0,none,scenario_c
TX_00002127,1704306130.2953458,ACC_000257,ACC_000203,2679.2,p2m,MERCH_00027,DEV_000393,IP_000120,domestic,pos,0,none,scenario_c
TX_00002134,1704306770.0378842,ACC_000140,ACC_000203,843.48,p2m,MERCH_00027,DEV_000253,IP_000040,domestic,pos,0,none,scenario_c
TX_00002091,1704306776.0736554,ACC_000243,ACC_000203,222.52,p2m,MERCH_00027,DEV_000047,IP_000275,domestic,pos,0,none,scenario_c
TX_00002126,1704306889.4518888,ACC_000397,ACC_000203,1933.72,p2m,MERCH_00027,DEV_000152,IP_000082,domestic,pos,0,none,scenario_c
TX_00002130,1704307345.562019,ACC_000368,ACC_000203,643.46,p2m,MERCH_00027,DEV_000315,IP_000285,domestic,pos,0,none,scenario_c
TX_00002095,1704307367.1292753,ACC_000479,ACC_000203,789.56,p2m,MERCH_00027,DEV_000202,IP_000283,domestic,pos,0,none,scenario_c
TX_00002133,1704307407.827223,ACC_000322,ACC_000203,1020.26,p2m,MERCH_00027,DEV_000227,IP_000181,domestic,pos,0,none,scenario_c
TX_00000429,1704308117.775043,ACC_000403,ACC_000413,447.88,p2p,None,DEV_000335,IP_000271,domestic,web,0,none,scenario_a
TX_00001130,1704308456.0022259,ACC_000448,ACC_000135,138.0,p2m,MERCH_00028,DEV_000082,IP_000164,domestic,qr_code,0,none,scenario_b
TX_00002088,1704308525.070028,ACC_000411,ACC_000203,2994.93,p2m,MERCH_00027,DEV_000033,IP_000269,domestic,pos,0,none,scenario_c
TX_00002075,1704308808.463407,ACC_000251,ACC_000203,1600.91,p2m,MERCH_00027,DEV_000355,IP_000124,domestic,pos,0,none,scenario_c
TX_00002108,1704309212.939144,ACC_000314,ACC_000203,1135.46,p2m,MERCH_00027,DEV_000372,IP_000122,domestic,pos,0,none,scenario_c
TX_00000433,1704310068.9861953,ACC_000062,ACC_000493,2044.23,p2p,None,DEV_000217,IP_000242,domestic,qr_code,0,none,scenario_a
TX_00002118,1704310411.0130649,ACC_000235,ACC_000203,1423.22,p2m,MERCH_00027,DEV_000005,IP_000192,domestic,pos,0,none,scenario_c
TX_00000842,1704313154.1424155,ACC_000300,ACC_000393,4664.86,p2p,None,DEV_000185,IP_000122,domestic,upi_app,0,none,scenario_a
TX_00002123,1704313185.5174286,ACC_000464,ACC_000203,1288.65,p2m,MERCH_00027,DEV_000301,IP_000046,domestic,pos,0,none,scenario_c
TX_00002687,1704313444.3838198,ACC_000411,ACC_000283,25000.0,intermediary_transfer,None,DEV_000176,IP_000018,domestic,upi_app,1,layered_mule,scenario_g
TX_00002688,1704313744.3838198,ACC_000290,ACC_000189,30000.0,intermediary_transfer,None,DEV_000357,IP_000269,domestic,upi_app,1,layered_mule,scenario_g
TX_00001301,1704314234.71891,ACC_000428,ACC_000035,62.79,p2m,MERCH_00005,DEV_000003,IP_000045,domestic,qr_code,0,none,scenario_b
TX_00000239,1704314529.0104446,ACC_000310,ACC_000301,118.53,p2p,None,DEV_000070,IP_000041,domestic,qr_code,0,none,scenario_a
TX_00002689,1704314644.3838198,ACC_000283,ACC_000239,23500.0,intermediary_transfer,None,DEV_000033,IP_000011,domestic,upi_app,1,layered_mule,scenario_g
TX_00002690,1704314944.3838198,ACC_000189,ACC_000239,28000.0,intermediary_transfer,None,DEV_000033,IP_000011,domestic,upi_app,1,layered_mule,scenario_g
TX_00000378,1704315239.5513108,ACC_000456,ACC_000204,252.64,p2p,None,DEV_000326,IP_000161,domestic,qr_code,0,none,scenario_a
TX_00000231,1704315323.8968742,ACC_000224,ACC_000492,554.93,p2p,None,DEV_000224,IP_000052,domestic,web,0,none,scenario_a
TX_00002691,1704317044.3838198,ACC_000239,ACC_000022,25000.0,intermediary_transfer,None,DEV_000033,IP_000011,domestic,upi_app,1,layered_mule,scenario_g
TX_00002692,1704317444.3838198,ACC_000239,ACC_000188,24000.0,intermediary_transfer,None,DEV_000033,IP_000011,domestic,upi_app,1,layered_mule,scenario_g
TX_00001274,1704319884.617631,ACC_000068,ACC_000035,251.26,p2m,MERCH_00005,DEV_000041,IP_000273,domestic,qr_code,0,none,scenario_b
TX_00000712,1704320319.7420597,ACC_000361,ACC_000435,2696.75,p2p,None,DEV_000036,IP_000221,domestic,qr_code,0,none,scenario_a
TX_00002410,1704320412.9865932,ACC_000225,ACC_000152,10296.92,p2p,None,DEV_000193,IP_000281,domestic,upi_app,1,fan_in_mule,scenario_e
TX_00002412,1704321061.0688,ACC_000416,ACC_000152,12384.75,p2p,None,DEV_000164,IP_000228,domestic,upi_app,1,fan_in_mule,scenario_e
TX_00000550,1704321103.0201604,ACC_000333,ACC_000087,872.35,p2p,None,DEV_000362,IP_000276,domestic,upi_app,0,none,scenario_a
TX_00002416,1704321155.6717057,ACC_000421,ACC_000152,8881.83,p2p,None,DEV_000398,IP_000073,domestic,upi_app,1,fan_in_mule,scenario_e
TX_00002408,1704321335.7831204,ACC_000088,ACC_000152,5030.27,p2p,None,DEV_000106,IP_000233,domestic,upi_app,1,fan_in_mule,scenario_e
TX_00002415,1704321932.9536254,ACC_000242,ACC_000152,5350.06,p2p,None,DEV_000083,IP_000260,domestic,upi_app,1,fan_in_mule,scenario_e
TX_00002413,1704322197.0205762,ACC_000139,ACC_000152,14123.64,p2p,None,DEV_000231,IP_000013,domestic,upi_app,1,fan_in_mule,scenario_e
TX_00002407,1704322806.024264,ACC_000079,ACC_000152,8497.25,p2p,None,DEV_000304,IP_000148,domestic,upi_app,1,fan_in_mule,scenario_e
TX_00002414,1704323260.2703824,ACC_000048,ACC_000152,13511.81,p2p,None,DEV_000284,IP_000172,domestic,upi_app,1,fan_in_mule,scenario_e
TX_00000284,1704323267.0811875,ACC_000477,ACC_000364,290.25,p2p,None,DEV_000129,IP_000235,domestic,web,0,none,scenario_a
TX_00002411,1704323283.2979565,ACC_000221,ACC_000152,9663.87,p2p,None,DEV_000244,IP_000058,domestic,upi_app,1,fan_in_mule,scenario_e
TX_00002409,1704323361.233172,ACC_000130,ACC_000152,5225.67,p2p,None,DEV_000133,IP_000094,domestic,upi_app,1,fan_in_mule,scenario_e
TX_00001157,1704325953.8696644,ACC_000135,ACC_000168,3833.91,merchant_settlement,MERCH_00028,DEV_000014,IP_000183,domestic,web,0,none,scenario_b
TX_00001288,1704328771.7604568,ACC_000091,ACC_000035,129.52,p2m,MERCH_00005,DEV_000058,IP_000268,domestic,qr_code,0,none,scenario_b
TX_00002005,1704329302.070087,ACC_000311,ACC_000168,1842.41,p2m,MERCH_00033,DEV_000196,IP_000052,domestic,pos,0,none,scenario_c
TX_00001969,1704329339.0102987,ACC_000194,ACC_000168,1414.89,p2m,MERCH_00033,DEV_000018,IP_000221,domestic,pos,0,none,scenario_c
TX_00001844,1704329360.5507421,ACC_000496,ACC_000029,82.44,p2m,MERCH_00042,DEV_000133,IP_000191,domestic,qr_code,0,none,scenario_b
TX_00001983,1704329418.7589815,ACC_000051,ACC_000168,809.05,p2m,MERCH_00033,DEV_000315,IP_000136,domestic,pos,0,none,scenario_c
TX_00001999,1704329577.9250133,ACC_000359,ACC_000168,4236.92,p2m,MERCH_00033,DEV_000045,IP_000139,domestic,pos,0,none,scenario_c
TX_00001998,1704329578.3191824,ACC_000015,ACC_000168,1395.81,p2m,MERCH_00033,DEV_000009,IP_000238,domestic,pos,0,none,scenario_c
TX_00001961,1704329660.656886,ACC_000097,ACC_000168,1329.94,p2m,MERCH_00033,DEV_000054,IP_000046,domestic,pos,0,none,scenario_c
TX_00001956,1704329697.272399,ACC_000125,ACC_000168,1056.29,p2m,MERCH_00033,DEV_000021,IP_000150,domestic,pos,0,none,scenario_c
TX_00001972,1704329705.8094165,ACC_000476,ACC_000168,563.86,p2m,MERCH_00033,DEV_000259,IP_000153,domestic,pos,0,none,scenario_c
TX_00001997,1704329845.9585793,ACC_000422,ACC_000168,6256.0,p2m,MERCH_00033,DEV_000049,IP_000294,domestic,pos,0,none,scenario_c
TX_00001951,1704329937.7380385,ACC_000181,ACC_000168,1438.27,p2m,MERCH_00033,DEV_000221,IP_000017,domestic,pos,0,none,scenario_c
TX_00001190,1704329964.2143219,ACC_000079,ACC_000009,125.23,p2m,MERCH_00019,DEV_000291,IP_000280,domestic,qr_code,0,none,scenario_b
TX_00001996,1704329970.254685,ACC_000223,ACC_000168,6957.33,p2m,MERCH_00033,DEV_000209,IP_000088,domestic,pos,0,none,scenario_c
TX_00001954,1704329991.4949477,ACC_000242,ACC_000168,1387.75,p2m,MERCH_00033,DEV_000069,IP_000119,domestic,pos,0,none,scenario_c
TX_00001964,1704329997.3964229,ACC_000343,ACC_000168,603.48,p2m,MERCH_00033,DEV_000321,IP_000189,domestic,pos,0,none,scenario_c
TX_00001619,1704330135.774584,ACC_000085,ACC_000361,6042.53,merchant_settlement,MERCH_00007,DEV_000120,IP_000187,domestic,web,0,none,scenario_b
TX_00002007,1704330166.130915,ACC_000068,ACC_000168,272.51,p2m,MERCH_00033,DEV_000163,IP_000074,domestic,pos,0,none,scenario_c
TX_00001953,1704330200.2697556,ACC_000259,ACC_000168,398.81,p2m,MERCH_00033,DEV_000110,IP_000297,domestic,pos,0,none,scenario_c
TX_00001985,1704330376.1285365,ACC_000315,ACC_000168,963.88,p2m,MERCH_00033,DEV_000131,IP_000215,domestic,pos,0,none,scenario_c
TX_00001974,1704330405.4900227,ACC_000296,ACC_000168,4802.05,p2m,MERCH_00033,DEV_000171,IP_000152,domestic,pos,0,none,scenario_c
TX_00001963,1704330441.350354,ACC_000265,ACC_000168,404.87,p2m,MERCH_00033,DEV_000136,IP_000020,domestic,pos,0,none,scenario_c
TX_00001986,1704330450.5461473,ACC_000358,ACC_000168,342.27,p2m,MERCH_00033,DEV_000028,IP_000161,domestic,pos,0,none,scenario_c
TX_00001958,1704330455.7478273,ACC_000492,ACC_000168,6439.79,p2m,MERCH_00033,DEV_000110,IP_000237,domestic,pos,0,none,scenario_c
TX_00001976,1704330464.2579713,ACC_000002,ACC_000168,995.82,p2m,MERCH_00033,DEV_000271,IP_000042,domestic,pos,0,none,scenario_c
TX_00002002,1704330466.8986478,ACC_000092,ACC_000168,4331.57,p2m,MERCH_00033,DEV_000380,IP_000012,domestic,pos,0,none,scenario_c
TX_00002003,1704330739.3007405,ACC_000444,ACC_000168,810.86,p2m,MERCH_00033,DEV_000091,IP_000091,domestic,pos,0,none,scenario_c
TX_00001980,1704330810.257505,ACC_000328,ACC_000168,6175.01,p2m,MERCH_00033,DEV_000046,IP_000221,domestic,pos,0,none,scenario_c
TX_00001977,1704330905.4842336,ACC_000314,ACC_000168,1653.04,p2m,MERCH_00033,DEV_000283,IP_000184,domestic,pos,0,none,scenario_c
TX_00001988,1704330981.1754096,ACC_000092,ACC_000168,3452.5,p2m,MERCH_00033,DEV_000327,IP_000260,domestic,pos,0,none,scenario_c
TX_00002008,1704331027.2679868,ACC_000141,ACC_000168,1708.88,p2m,MERCH_00033,DEV_000058,IP_000169,domestic,pos,0,none,scenario_c
TX_00001615,1704331062.4523544,ACC_000135,ACC_000085,68.27,p2m,MERCH_00007,DEV_000376,IP_000241,domestic,qr_code,0,none,scenario_b
TX_00001959,1704331087.3180425,ACC_000010,ACC_000168,1901.39,p2m,MERCH_00033,DEV_000299,IP_000271,domestic,pos,0,none,scenario_c
TX_00001952,1704331122.8279788,ACC_000459,ACC_000168,9069.61,p2m,MERCH_00033,DEV_000161,IP_000276,domestic,pos,0,none,scenario_c
TX_00001970,1704331158.3634322,ACC_000112,ACC_000168,2560.18,p2m,MERCH_00033,DEV_000280,IP_000061,domestic,pos,0,none,scenario_c
TX_00001984,1704331199.7122533,ACC_000099,ACC_000168,148.91,p2m,MERCH_00033,DEV_000171,IP_000287,domestic,pos,0,none,scenario_c
TX_00001990,1704331251.1545079,ACC_000243,ACC_000168,678.9,p2m,MERCH_00033,DEV_000130,IP_000053,domestic,pos,0,none,scenario_c
TX_00001982,1704331373.924053,ACC_000095,ACC_000168,1014.55,p2m,MERCH_00033,DEV_000243,IP_000010,domestic,pos,0,none,scenario_c
TX_00001967,1704331409.4166453,ACC_000070,ACC_000168,3847.27,p2m,MERCH_00033,DEV_000375,IP_000276,domestic,pos,0,none,scenario_c
TX_00001994,1704331468.2437031,ACC_000052,ACC_000168,1094.5,p2m,MERCH_00033,DEV_000163,IP_000060,domestic,pos,0,none,scenario_c
TX_00002001,1704331529.324374,ACC_000259,ACC_000168,10999.31,p2m,MERCH_00033,DEV_000101,IP_000166,domestic,pos,0,none,scenario_c
TX_00001957,1704331585.810837,ACC_000195,ACC_000168,4954.96,p2m,MERCH_00033,DEV_000373,IP_000065,domestic,pos,0,none,scenario_c
TX_00001992,1704331768.8664775,ACC_000344,ACC_000168,1511.66,p2m,MERCH_00033,DEV_000305,IP_000277,domestic,pos,0,none,scenario_c
TX_00001993,1704331810.2778509,ACC_000428,ACC_000168,1981.95,p2m,MERCH_00033,DEV_000232,IP_000016,domestic,pos,0,none,scenario_c
TX_00001979,1704331863.0756357,ACC_000196,ACC_000168,22679.56,p2m,MERCH_00033,DEV_000248,IP_000116,domestic,pos,0,none,scenario_c
TX_00002000,1704332182.8267076,ACC_000407,ACC_000168,1679.28,p2m,MERCH_00033,DEV_000397,IP_000051,domestic,pos,0,none,scenario_c
TX_00001981,1704332394.2122085,ACC_000073,ACC_000168,834.18,p2m,MERCH_00033,DEV_000162,IP_000180,domestic,pos,0,none,scenario_c
TX_00001978,1704333392.0241404,ACC_000059,ACC_000168,17200.76,p2m,MERCH_00033,DEV_000200,IP_000078,domestic,pos,0,none,scenario_c
TX_00001973,1704333657.0125422,ACC_000182,ACC_000168,978.52,p2m,MERCH_00033,DEV_000388,IP_000298,domestic,pos,0,none,scenario_c
TX_00002004,1704333729.5599546,ACC_000053,ACC_000168,3982.5,p2m,MERCH_00033,DEV_000323,IP_000168,domestic,pos,0,none,scenario_c
TX_00001962,1704333763.5191863,ACC_000169,ACC_000168,3290.13,p2m,MERCH_00033,DEV_000127,IP_000088,domestic,pos,0,none,scenario_c
TX_00001966,1704333971.3666801,ACC_000305,ACC_000168,610.91,p2m,MERCH_00033,DEV_000215,IP_000177,domestic,pos,0,none,scenario_c
TX_00001263,1704334405.6424124,ACC_000120,ACC_000035,155.25,p2m,MERCH_00005,DEV_000046,IP_000194,domestic,qr_code,0,none,scenario_b
TX_00002006,1704334436.7425923,ACC_000070,ACC_000168,222.46,p2m,MERCH_00033,DEV_000058,IP_000086,domestic,pos,0,none,scenario_c
TX_00001965,1704334452.5351264,ACC_000060,ACC_000168,694.77,p2m,MERCH_00033,DEV_000299,IP_000114,domestic,pos,0,none,scenario_c
TX_00001971,1704334830.5574918,ACC_000218,ACC_000168,1858.79,p2m,MERCH_00033,DEV_000017,IP_000025,domestic,pos,0,none,scenario_c
TX_00002010,1704335068.538725,ACC_000171,ACC_000168,544.44,p2m,MERCH_00033,DEV_000251,IP_000049,domestic,pos,0,none,scenario_c
TX_00001960,1704335314.8028934,ACC_000109,ACC_000168,263.68,p2m,MERCH_00033,DEV_000190,IP_000177,domestic,pos,0,none,scenario_c
TX_00001989,1704335429.769581,ACC_000041,ACC_000168,316.14,p2m,MERCH_00033,DEV_000030,IP_000052,domestic,pos,0,none,scenario_c
TX_00001968,1704335673.5291564,ACC_000381,ACC_000168,429.44,p2m,MERCH_00033,DEV_000223,IP_000288,domestic,pos,0,none,scenario_c
TX_00002615,1704335705.1187632,ACC_000492,ACC_000009,3487.76,intermediary_transfer,None,DEV_000002,IP_000029,domestic,upi_app,1,fan_out_mule,scenario_f
TX_00002610,1704335721.223815,ACC_000492,ACC_000205,7482.27,intermediary_transfer,None,DEV_000002,IP_000029,domestic,upi_app,1,fan_out_mule,scenario_f
TX_00002609,1704335758.4674768,ACC_000492,ACC_000339,7914.05,intermediary_transfer,None,DEV_000002,IP_000029,domestic,upi_app,1,fan_out_mule,scenario_f
TX_00002607,1704335787.1069934,ACC_000492,ACC_000108,7830.82,intermediary_transfer,None,DEV_000002,IP_000029,domestic,upi_app,1,fan_out_mule,scenario_f
TX_00002611,1704336012.9423585,ACC_000492,ACC_000453,6833.5,intermediary_transfer,None,DEV_000002,IP_000029,domestic,upi_app,1,fan_out_mule,scenario_f
TX_00002614,1704336373.2857141,ACC_000492,ACC_000489,3023.78,intermediary_transfer,None,DEV_000002,IP_000029,domestic,upi_app,1,fan_out_mule,scenario_f
TX_00002608,1704336377.1055307,ACC_000492,ACC_000360,5531.13,intermediary_transfer,None,DEV_000002,IP_000029,domestic,upi_app,1,fan_out_mule,scenario_f
TX_00002616,1704336528.2019756,ACC_000492,ACC_000261,5921.17,intermediary_transfer,None,DEV_000002,IP_000029,domestic,upi_app,1,fan_out_mule,scenario_f
TX_00001975,1704336591.5922086,ACC_000196,ACC_000168,2069.34,p2m,MERCH_00033,DEV_000084,IP_000097,domestic,pos,0,none,scenario_c
TX_00002613,1704336835.2563834,ACC_000492,ACC_000146,7805.92,intermediary_transfer,None,DEV_000002,IP_000029,domestic,upi_app,1,fan_out_mule,scenario_f
TX_00002612,1704336953.189803,ACC_000492,ACC_000211,8949.71,intermediary_transfer,None,DEV_000002,IP_000029,domestic,upi_app,1,fan_out_mule,scenario_f
TX_00001991,1704337375.425305,ACC_000259,ACC_000168,674.49,p2m,MERCH_00033,DEV_000004,IP_000247,domestic,pos,0,none,scenario_c
TX_00001621,1704337624.1246278,ACC_000085,ACC_000352,2000.0,merchant_settlement,MERCH_00007,DEV_000142,IP_000052,domestic,web,0,none,scenario_b
TX_00001955,1704337966.7720573,ACC_000453,ACC_000168,1223.79,p2m,MERCH_00033,DEV_000267,IP_000286,domestic,pos,0,none,scenario_c
TX_00002011,1704339453.1794395,ACC_000316,ACC_000168,1134.32,p2m,MERCH_00033,DEV_000193,IP_000099,domestic,pos,0,none,scenario_c
TX_00001987,1704340199.2291112,ACC_000357,ACC_000168,2969.57,p2m,MERCH_00033,DEV_000177,IP_000299,domestic,pos,0,none,scenario_c
TX_00001792,1704340886.534779,ACC_000471,ACC_000483,559.32,p2m,MERCH_00036,DEV_000216,IP_000195,domestic,qr_code,0,none,scenario_b
TX_00002009,1704340947.2632592,ACC_000268,ACC_000168,1229.63,p2m,MERCH_00033,DEV_000103,IP_000225,domestic,pos,0,none,scenario_c
TX_00001408,1704341002.8343105,ACC_000480,ACC_000377,64.03,p2m,MERCH_00037,DEV_000257,IP_000157,domestic,qr_code,0,none,scenario_b
TX_00002360,1704341320.4485397,ACC_000498,ACC_000317,11118.91,p2p,None,DEV_000144,IP_000013,domestic,upi_app,1,fan_in_mule,scenario_e
TX_00001638,1704341474.7760146,ACC_000167,ACC_000269,135.44,p2m,MERCH_00021,DEV_000095,IP_000257,domestic,qr_code,0,none,scenario_b
TX_00002363,1704342021.3207643,ACC_000110,ACC_000317,11844.78,p2p,None,DEV_000094,IP_000191,domestic,upi_app,1,fan_in_mule,scenario_e
TX_00001767,1704342597.1731997,ACC_000317,ACC_000425,123.17,p2m,MERCH_00017,DEV_000165,IP_000170,domestic,qr_code,0,none,scenario_b
TX_00002359,1704342705.1731591,ACC_000100,ACC_000317,5703.42,p2p,None,DEV_000084,IP_000032,domestic,upi_app,1,fan_in_mule,scenario_e
TX_00002365,1704342954.3825443,ACC_000128,ACC_000317,5925.13,p2p,None,DEV_000158,IP_000180,domestic,upi_app,1,fan_in_mule,scenario_e
TX_00001949,1704343191.4591942,ACC_000150,ACC_000168,583.6,p2m,MERCH_00033,DEV_000364,IP_000200,domestic,pos,0,none,scenario_c
TX_00002361,1704343202.4853394,ACC_000211,ACC_000317,5091.12,p2p,None,DEV_000195,IP_000141,domestic,upi_app,1,fan_in_mule,scenario_e
TX_00002358,1704343213.7637885,ACC_000326,ACC_000317,7694.71,p2p,None,DEV_000055,IP_000271,domestic,upi_app,1,fan_in_mule,scenario_e
TX_00001950,1704343812.3025959,ACC_000403,ACC_000168,1229.56,p2m,MERCH_00033,DEV_000368,IP_000200,domestic,pos,0,none,scenario_c
TX_00002362,1704343900.4458067,ACC_000426,ACC_000317,5371.58,p2p,None,DEV_000046,IP_000093,domestic,upi_app,1,fan_in_mule,scenario_e
TX_00002364,1704344173.1780324,ACC_000177,ACC_000317,6589.86,p2p,None,DEV_000094,IP_000283,domestic,upi_app,1,fan_in_mule,scenario_e
TX_00002357,1704344294.0576625,ACC_000224,ACC_000317,3780.35,p2p,None,DEV_000309,IP_000009,domestic,upi_app,1,fan_in_mule,scenario_e
TX_00001995,1704344505.0305643,ACC_000270,ACC_000168,1714.98,p2m,MERCH_00033,DEV_000065,IP_000246,domestic,pos,0,none,scenario_c
TX_00002366,1704344560.8562963,ACC_000093,ACC_000317,12482.37,p2p,None,DEV_000154,IP_000047,domestic,upi_app,1,fan_in_mule,scenario_e
TX_00001435,1704346487.3529649,ACC_000177,ACC_000350,160.27,p2m,MERCH_00009,DEV_000150,IP_000236,domestic,qr_code,0,none,scenario_b
TX_00001247,1704347118.1531703,ACC_000074,ACC_000186,69.3,p2m,MERCH_00041,DEV_000064,IP_000230,domestic,qr_code,0,none,scenario_b
TX_00001714,1704350285.7066722,ACC_000061,ACC_000111,98.83,p2m,MERCH_00011,DEV_000205,IP_000207,domestic,qr_code,0,none,scenario_b
TX_00000904,1704353877.979239,ACC_000132,ACC_000159,505.72,p2p,None,DEV_000356,IP_000115,domestic,qr_code,0,none,scenario_a
TX_00001382,1704354185.8724196,ACC_000168,ACC_000377,168.74,p2m,MERCH_00037,DEV_000206,IP_000212,domestic,qr_code,0,none,scenario_b
TX_00001494,1704355877.8038702,ACC_000117,ACC_000336,141.21,p2m,MERCH_00001,DEV_000021,IP_000073,domestic,qr_code,0,none,scenario_b
TX_00001829,1704356217.0852861,ACC_000483,ACC_000017,2637.25,merchant_settlement,MERCH_00036,DEV_000344,IP_000281,domestic,web,0,none,scenario_b
TX_00002803,1704356433.6688356,ACC_000366,ACC_000401,40000.0,p2p,None,DEV_000131,IP_000087,domestic,upi_app,1,camouflage_mule,scenario_h
TX_00000079,1704356576.8091419,ACC_000328,ACC_000386,348.88,p2p,None,DEV_000248,IP_000070,domestic,qr_code,0,none,scenario_a
TX_00002804,1704356733.6688356,ACC_000401,ACC_000440,441.64,p2m,MERCH_00043,DEV_000274,IP_000163,domestic,qr_code,1,camouflage_mule,scenario_h
TX_00002805,1704357033.6688356,ACC_000401,ACC_000440,161.76,p2m,MERCH_00043,DEV_000264,IP_000150,domestic,qr_code,1,camouflage_mule,scenario_h
TX_00000865,1704358120.0929515,ACC_000104,ACC_000227,975.18,p2p,None,DEV_000088,IP_000277,domestic,upi_app,0,none,scenario_a
TX_00002806,1704358233.6688356,ACC_000401,ACC_000057,38500.0,intermediary_transfer,None,DEV_000081,IP_000193,domestic,upi_app,1,camouflage_mule,scenario_h
TX_00001839,1704359193.0305686,ACC_000303,ACC_000029,617.12,p2m,MERCH_00042,DEV_000310,IP_000242,domestic,qr_code,0,none,scenario_b
TX_00001148,1704359682.1698785,ACC_000225,ACC_000135,333.89,p2m,MERCH_00028,DEV_000050,IP_000103,domestic,qr_code,0,none,scenario_b
TX_00001180,1704360232.4585164,ACC_000214,ACC_000009,1166.26,p2m,MERCH_00019,DEV_000292,IP_000211,domestic,qr_code,0,none,scenario_b
TX_00000796,1704360386.5287797,ACC_000284,ACC_000287,708.1,p2p,None,DEV_000039,IP_000139,domestic,qr_code,0,none,scenario_a
TX_00002345,1704363574.1222227,ACC_000188,ACC_000056,25790.87,intermediary_transfer,None,DEV_000024,IP_000227,domestic,upi_app,1,basic_mule,scenario_d
TX_00001885,1704363841.4079173,ACC_000029,ACC_000311,20671.81,merchant_settlement,MERCH_00042,DEV_000303,IP_000217,domestic,web,0,none,scenario_b
TX_00000926,1704365343.0549715,ACC_000086,ACC_000349,1862.01,p2p,None,DEV_000245,IP_000152,domestic,web,0,none,scenario_a
TX_00002346,1704365654.6479807,ACC_000056,ACC_000490,24759.23,intermediary_transfer,None,DEV_000001,IP_000004,domestic,upi_app,1,basic_mule,scenario_d
TX_00002347,1704367693.9379027,ACC_000490,ACC_000235,23727.6,intermediary_transfer,None,DEV_000001,IP_000004,domestic,upi_app,1,basic_mule,scenario_d
TX_00002348,1704369638.5455008,ACC_000235,ACC_000455,22695.96,atm_cashout,None,DEV_000001,IP_000004,domestic,upi_app,1,basic_mule,scenario_d
TX_00000189,1704369709.8089688,ACC_000353,ACC_000275,282.21,p2p,None,DEV_000326,IP_000061,domestic,web,0,none,scenario_a
TX_00000927,1704370725.9207525,ACC_000411,ACC_000053,780.99,p2p,None,DEV_000191,IP_000165,domestic,qr_code,0,none,scenario_a
TX_00001692,1704371240.1386817,ACC_000193,ACC_000111,541.95,p2m,MERCH_00011,DEV_000048,IP_000261,domestic,qr_code,0,none,scenario_b
TX_00000229,1704371704.3461735,ACC_000362,ACC_000143,661.37,p2p,None,DEV_000210,IP_000102,domestic,web,0,none,scenario_a
TX_00000467,1704372496.2928376,ACC_000463,ACC_000174,367.67,p2p,None,DEV_000224,IP_000035,domestic,web,0,none,scenario_a
TX_00001326,1704373603.606253,ACC_000228,ACC_000099,294.67,p2m,MERCH_00044,DEV_000311,IP_000072,domestic,qr_code,0,none,scenario_b
TX_00001730,1704373859.9820187,ACC_000334,ACC_000425,182.85,p2m,MERCH_00017,DEV_000169,IP_000048,domestic,qr_code,0,none,scenario_b
TX_00000385,1704374545.2748184,ACC_000031,ACC_000095,315.01,p2p,None,DEV_000170,IP_000070,domestic,qr_code,0,none,scenario_a
TX_00001560,1704374705.552754,ACC_000380,ACC_000400,274.96,p2m,MERCH_00003,DEV_000198,IP_000112,domestic,qr_code,0,none,scenario_b
TX_00001029,1704375625.0717778,ACC_000167,ACC_000155,478.55,p2p,None,DEV_000216,IP_000172,domestic,upi_app,0,none,scenario_a
TX_00000514,1704376344.4741492,ACC_000319,ACC_000229,251.48,p2p,None,DEV_000222,IP_000103,domestic,web,0,none,scenario_a
TX_00000206,1704377009.2638447,ACC_000270,ACC_000152,342.2,p2p,None,DEV_000291,IP_000292,domestic,web,0,none,scenario_a
TX_00000101,1704377354.329455,ACC_000045,ACC_000440,565.48,p2p,None,DEV_000117,IP_000103,domestic,web,0,none,scenario_a
TX_00000215,1704377654.8557239,ACC_000170,ACC_000479,448.22,p2p,None,DEV_000179,IP_000018,domestic,web,0,none,scenario_a
TX_00001673,1704378015.8719556,ACC_000269,ACC_000110,2000.0,merchant_settlement,MERCH_00021,DEV_000387,IP_000128,domestic,web,0,none,scenario_b
TX_00001729,1704378595.6599283,ACC_000111,ACC_000122,2000.0,merchant_settlement,MERCH_00011,DEV_000039,IP_000255,domestic,web,0,none,scenario_b
TX_00001268,1704379306.7009993,ACC_000037,ACC_000035,161.99,p2m,MERCH_00005,DEV_000009,IP_000196,domestic,qr_code,0,none,scenario_b
TX_00000673,1704380478.0007186,ACC_000055,ACC_000020,1358.18,p2p,None,DEV_000373,IP_000155,domestic,qr_code,0,none,scenario_a
TX_00001025,1704381210.8871903,ACC_000414,ACC_000184,956.65,p2p,None,DEV_000369,IP_000106,domestic,web,0,none,scenario_a
TX_00000885,1704382031.215952,ACC_000477,ACC_000307,734.52,p2p,None,DEV_000215,IP_000294,domestic,qr_code,0,none,scenario_a
TX_00001626,1704383384.7707367,ACC_000172,ACC_000269,222.82,p2m,MERCH_00021,DEV_000377,IP_000217,domestic,qr_code,0,none,scenario_b
TX_00000816,1704385126.8222497,ACC_000131,ACC_000244,2134.13,p2p,None,DEV_000237,IP_000061,domestic,qr_code,0,none,scenario_a
TX_00000774,1704385212.389728,ACC_000495,ACC_000321,1426.02,p2p,None,DEV_000326,IP_000061,domestic,qr_code,0,none,scenario_a
TX_00000330,1704385975.0304248,ACC_000150,ACC_000307,410.6,p2p,None,DEV_000188,IP_000235,domestic,qr_code,0,none,scenario_a
TX_00000152,1704385987.4523563,ACC_000237,ACC_000292,249.04,p2p,None,DEV_000169,IP_000156,domestic,upi_app,0,none,scenario_a
TX_00000233,1704386081.6858916,ACC_000492,ACC_000223,130.3,p2p,None,DEV_000070,IP_000076,domestic,web,0,none,scenario_a
TX_00000838,1704386112.097279,ACC_000169,ACC_000052,675.68,p2p,None,DEV_000010,IP_000290,domestic,web,0,none,scenario_a
TX_00001818,1704386128.0939975,ACC_000498,ACC_000483,223.56,p2m,MERCH_00036,DEV_000385,IP_000079,domestic,qr_code,0,none,scenario_b
TX_00000400,1704386642.9986172,ACC_000066,ACC_000057,1558.33,p2p,None,DEV_000388,IP_000153,domestic,web,0,none,scenario_a
TX_00000234,1704387492.123038,ACC_000445,ACC_000137,1138.76,p2p,None,DEV_000062,IP_000155,domestic,web,0,none,scenario_a
TX_00000846,1704387610.9670422,ACC_000338,ACC_000485,1724.03,p2p,None,DEV_000292,IP_000287,domestic,qr_code,0,none,scenario_a
TX_00000877,1704389221.9650636,ACC_000332,ACC_000468,507.62,p2p,None,DEV_000107,IP_000213,domestic,qr_code,0,none,scenario_a
TX_00000930,1704389495.5730093,ACC_000146,ACC_000062,226.51,p2p,None,DEV_000053,IP_000271,domestic,web,0,none,scenario_a
TX_00001153,1704390181.772832,ACC_000135,ACC_000106,2000.0,merchant_settlement,MERCH_00028,DEV_000158,IP_000271,domestic,web,0,none,scenario_b
TX_00001383,1704393437.2961273,ACC_000174,ACC_000377,91.66,p2m,MERCH_00037,DEV_000336,IP_000125,domestic,qr_code,0,none,scenario_b
TX_00000360,1704393658.2991586,ACC_000165,ACC_000077,2089.62,p2p,None,DEV_000269,IP_000181,domestic,upi_app,0,none,scenario_a
TX_00001078,1704395606.513044,ACC_000297,ACC_000006,501.72,p2p,None,DEV_000367,IP_000295,domestic,upi_app,0,none,scenario_a
TX_00000136,1704395736.3824222,ACC_000019,ACC_000168,957.21,p2p,None,DEV_000156,IP_000135,domestic,qr_code,0,none,scenario_a
TX_00000645,1704397433.5874999,ACC_000092,ACC_000197,1062.51,p2p,None,DEV_000360,IP_000078,domestic,qr_code,0,none,scenario_a
TX_00000349,1704397831.247152,ACC_000487,ACC_000490,434.06,p2p,None,DEV_000088,IP_000258,domestic,web,0,none,scenario_a
TX_00001021,1704400100.9919806,ACC_000376,ACC_000416,1176.08,p2p,None,DEV_000119,IP_000094,domestic,upi_app,0,none,scenario_a
TX_00000071,1704400118.2022517,ACC_000165,ACC_000241,843.14,p2p,None,DEV_000340,IP_000115,domestic,web,0,none,scenario_a
TX_00000255,1704400697.812368,ACC_000365,ACC_000251,353.55,p2p,None,DEV_000111,IP_000124,domestic,qr_code,0,none,scenario_a
TX_00001778,1704401146.0962121,ACC_000425,ACC_000085,5519.88,merchant_settlement,MERCH_00017,DEV_000108,IP_000288,domestic,web,0,none,scenario_b
TX_00000651,1704401207.0241354,ACC_000099,ACC_000391,766.19,p2p,None,DEV_000253,IP_000134,domestic,web,0,none,scenario_a
TX_00000582,1704403026.0759315,ACC_000355,ACC_000402,719.15,p2p,None,DEV_000137,IP_000191,domestic,upi_app,0,none,scenario_a
TX_00002313,1704403273.2783067,ACC_000188,ACC_000332,38768.01,intermediary_transfer,None,DEV_000396,IP_000219,domestic,upi_app,1,basic_mule,scenario_d
TX_00000848,1704403436.874597,ACC_000077,ACC_000051,1616.67,p2p,None,DEV_000311,IP_000158,domestic,qr_code,0,none,scenario_a
TX_00000369,1704404262.0135999,ACC_000464,ACC_000410,1364.91,p2p,None,DEV_000084,IP_000256,domestic,qr_code,0,none,scenario_a
TX_00002314,1704405506.8200257,ACC_000332,ACC_000453,37217.29,intermediary_transfer,None,DEV_000004,IP_000029,domestic,upi_app,1,basic_mule,scenario_d
TX_00002315,1704407829.7669582,ACC_000453,ACC_000102,35666.57,intermediary_transfer,None,DEV_000004,IP_000029,domestic,upi_app,1,basic_mule,scenario_d
TX_00002316,1704408610.3380167,ACC_000102,ACC_000055,34115.85,atm_cashout,None,DEV_000004,IP_000029,domestic,upi_app,1,basic_mule,scenario_d
TX_00001476,1704409622.2809942,ACC_000061,ACC_000336,232.62,p2m,MERCH_00001,DEV_000023,IP_000007,domestic,qr_code,0,none,scenario_b
TX_00000081,1704410922.1047902,ACC_000207,ACC_000426,2413.3,p2p,None,DEV_000109,IP_000164,domestic,qr_code,0,none,scenario_a
TX_00001686,1704413017.305724,ACC_000184,ACC_000111,154.97,p2m,MERCH_00011,DEV_000024,IP_000109,domestic,qr_code,0,none,scenario_b
TX_00001166,1704416798.769239,ACC_000472,ACC_000009,157.71,p2m,MERCH_00019,DEV_000172,IP_000032,domestic,qr_code,0,none,scenario_b
TX_00000973,1704421259.52825,ACC_000492,ACC_000076,1032.22,p2p,None,DEV_000216,IP_000015,domestic,qr_code,0,none,scenario_a
TX_00000342,1704422456.396504,ACC_000044,ACC_000337,916.21,p2p,None,DEV_000019,IP_000065,domestic,qr_code,0,none,scenario_a
TX_00001740,1704422766.2455895,ACC_000378,ACC_000425,42.7,p2m,MERCH_00017,DEV_000045,IP_000237,domestic,qr_code,0,none,scenario_b
TX_00000318,1704423513.9007728,ACC_000237,ACC_000413,1037.11,p2p,None,DEV_000370,IP_000114,domestic,upi_app,0,none,scenario_a
TX_00001235,1704423638.5416536,ACC_000232,ACC_000186,134.42,p2m,MERCH_00041,DEV_000266,IP_000177,domestic,qr_code,0,none,scenario_b
TX_00001429,1704424299.5771866,ACC_000191,ACC_000350,70.78,p2m,MERCH_00009,DEV_000330,IP_000201,domestic,qr_code,0,none,scenario_b
TX_00002025,1704426026.4971523,ACC_000452,ACC_000032,4001.61,p2m,MERCH_00045,DEV_000315,IP_000093,domestic,pos,0,none,scenario_c
TX_00002071,1704426040.4255903,ACC_000148,ACC_000032,807.78,p2m,MERCH_00045,DEV_000392,IP_000070,domestic,pos,0,none,scenario_c
TX_00002023,1704426067.581819,ACC_000264,ACC_000032,2565.01,p2m,MERCH_00045,DEV_000347,IP_000037,domestic,pos,0,none,scenario_c
TX_00002016,1704426111.4246178,ACC_000301,ACC_000032,8801.25,p2m,MERCH_00045,DEV_000026,IP_000216,domestic,pos,0,none,scenario_c
TX_00002024,1704426194.0704417,ACC_000436,ACC_000032,1689.25,p2m,MERCH_00045,DEV_000304,IP_000125,domestic,pos,0,none,scenario_c
TX_00002044,1704426272.8538997,ACC_000498,ACC_000032,2373.5,p2m,MERCH_00045,DEV_000072,IP_000150,domestic,pos,0,none,scenario_c
TX_00002063,1704426297.210609,ACC_000027,ACC_000032,408.75,p2m,MERCH_00045,DEV_000001,IP_000067,domestic,pos,0,none,scenario_c
TX_00002035,1704426305.0852988,ACC_000346,ACC_000032,712.09,p2m,MERCH_00045,DEV_000358,IP_000188,domestic,pos,0,none,scenario_c
TX_00002046,1704426308.0071044,ACC_000176,ACC_000032,3602.19,p2m,MERCH_00045,DEV_000276,IP_000078,domestic,pos,0,none,scenario_c
TX_00002018,1704426393.4842422,ACC_000350,ACC_000032,2410.71,p2m,MERCH_00045,DEV_000370,IP_000093,domestic,pos,0,none,scenario_c
TX_00002058,1704426472.84498,ACC_000091,ACC_000032,269.41,p2m,MERCH_00045,DEV_000030,IP_000163,domestic,pos,0,none,scenario_c
TX_00002031,1704426494.4166703,ACC_000471,ACC_000032,878.47,p2m,MERCH_00045,DEV_000353,IP_000196,domestic,pos,0,none,scenario_c
TX_00002051,1704426616.9378788,ACC_000251,ACC_000032,525.83,p2m,MERCH_00045,DEV_000155,IP_000064,domestic,pos,0,none,scenario_c
TX_00002028,1704426627.5109653,ACC_000091,ACC_000032,898.26,p2m,MERCH_00045,DEV_000202,IP_000015,domestic,pos,0,none,scenario_c
TX_00002053,1704426806.5699272,ACC_000460,ACC_000032,155.25,p2m,MERCH_00045,DEV_000122,IP_000159,domestic,pos,0,none,scenario_c
TX_00002049,1704426874.3339345,ACC_000400,ACC_000032,1116.19,p2m,MERCH_00045,DEV_000179,IP_000046,domestic,pos,0,none,scenario_c
TX_00002064,1704426924.6243823,ACC_000272,ACC_000032,1930.62,p2m,MERCH_00045,DEV_000149,IP_000193,domestic,pos,0,none,scenario_c
TX_00002013,1704426988.0689344,ACC_000432,ACC_000032,674.35,p2m,MERCH_00045,DEV_000306,IP_000128,domestic,pos,0,none,scenario_c
TX_00002029,1704427052.5917833,ACC_000071,ACC_000032,367.65,p2m,MERCH_00045,DEV_000368,IP_000083,domestic,pos,0,none,scenario_c
TX_00002059,1704427089.1491706,ACC_000127,ACC_000032,769.46,p2m,MERCH_00045,DEV_000013,IP_000232,domestic,pos,0,none,scenario_c
TX_00002056,1704427116.0769353,ACC_000251,ACC_000032,882.65,p2m,MERCH_00045,DEV_000093,IP_000217,domestic,pos,0,none,scenario_c
TX_00002040,1704427303.554111,ACC_000179,ACC_000032,22541.59,p2m,MERCH_00045,DEV_000365,IP_000166,domestic,pos,0,none,scenario_c
TX_00002070,1704427493.3504124,ACC_000442,ACC_000032,1077.17,p2m,MERCH_00045,DEV_000255,IP_000125,domestic,pos,0,none,scenario_c
TX_00002055,1704427573.1963758,ACC_000448,ACC_000032,549.27,p2m,MERCH_00045,DEV_000083,IP_000162,domestic,pos,0,none,scenario_c
TX_00002030,1704427755.330375,ACC_000077,ACC_000032,434.43,p2m,MERCH_00045,DEV_000055,IP_000102,domestic,pos,0,none,scenario_c
TX_00002052,1704427755.7858849,ACC_000325,ACC_000032,756.21,p2m,MERCH_00045,DEV_000171,IP_000275,domestic,pos,0,none,scenario_c
TX_00002073,1704427756.7101288,ACC_000498,ACC_000032,2417.22,p2m,MERCH_00045,DEV_000023,IP_000255,domestic,pos,0,none,scenario_c
TX_00002047,1704427850.3765686,ACC_000244,ACC_000032,373.84,p2m,MERCH_00045,DEV_000286,IP_000217,domestic,pos,0,none,scenario_c
TX_00002057,1704428043.8909514,ACC_000076,ACC_000032,1060.92,p2m,MERCH_00045,DEV_000094,IP_000056,domestic,pos,0,none,scenario_c
TX_00002045,1704428054.135795,ACC_000111,ACC_000032,464.54,p2m,MERCH_00045,DEV_000115,IP_000191,domestic,pos,0,none,scenario_c
TX_00002067,1704428055.4379458,ACC_000103,ACC_000032,1786.48,p2m,MERCH_00045,DEV_000324,IP_000204,domestic,pos,0,none,scenario_c
TX_00002043,1704428092.328037,ACC_000207,ACC_000032,4655.92,p2m,MERCH_00045,DEV_000340,IP_000119,domestic,pos,0,none,scenario_c
TX_00002065,1704428108.3612406,ACC_000335,ACC_000032,2102.86,p2m,MERCH_00045,DEV_000117,IP_000118,domestic,pos,0,none,scenario_c
TX_00002017,1704428564.0039837,ACC_000254,ACC_000032,1324.16,p2m,MERCH_00045,DEV_000058,IP_000150,domestic,pos,0,none,scenario_c
TX_00002060,1704428629.4161575,ACC_000494,ACC_000032,613.91,p2m,MERCH_00045,DEV_000129,IP_000109,domestic,pos,0,none,scenario_c
TX_00002039,1704428782.3242753,ACC_000159,ACC_000032,3892.56,p2m,MERCH_00045,DEV_000253,IP_000105,domestic,pos,0,none,scenario_c
TX_00002066,1704428815.4650016,ACC_000350,ACC_000032,241.42,p2m,MERCH_00045,DEV_000373,IP_000289,domestic,pos,0,none,scenario_c
TX_00002032,1704429021.4903376,ACC_000406,ACC_000032,526.67,p2m,MERCH_00045,DEV_000016,IP_000170,domestic,pos,0,none,scenario_c
TX_00002034,1704429093.0214663,ACC_000073,ACC_000032,627.8,p2m,MERCH_00045,DEV_000308,IP_000111,domestic,pos,0,none,scenario_c
TX_00002069,1704429161.0212991,ACC_000315,ACC_000032,7656.1,p2m,MERCH_00045,DEV_000352,IP_000000,domestic,pos,0,none,scenario_c
TX_00002019,1704429194.5554693,ACC_000458,ACC_000032,2026.05,p2m,MERCH_00045,DEV_000280,IP_000073,domestic,pos,0,none,scenario_c
TX_00002050,1704429300.9376497,ACC_000327,ACC_000032,424.76,p2m,MERCH_00045,DEV_000368,IP_000250,domestic,pos,0,none,scenario_c
TX_00002014,1704429344.2059789,ACC_000248,ACC_000032,232.51,p2m,MERCH_00045,DEV_000137,IP_000116,domestic,pos,0,none,scenario_c
TX_00002042,1704429378.1481798,ACC_000019,ACC_000032,166.74,p2m,MERCH_00045,DEV_000187,IP_000113,domestic,pos,0,none,scenario_c
TX_00002020,1704429397.4044771,ACC_000471,ACC_000032,1576.5,p2m,MERCH_00045,DEV_000387,IP_000166,domestic,pos,0,none,scenario_c
TX_00002036,1704429606.0701692,ACC_000081,ACC_000032,1084.09,p2m,MERCH_00045,DEV_000262,IP_000135,domestic,pos,0,none,scenario_c
TX_00002033,1704429775.5644884,ACC_000138,ACC_000032,1422.59,p2m,MERCH_00045,DEV_000116,IP_000164,domestic,pos,0,none,scenario_c
TX_00002021,1704430044.3083072,ACC_000111,ACC_000032,1565.29,p2m,MERCH_00045,DEV_000109,IP_000258,domestic,pos,0,none,scenario_c
TX_00001387,1704430089.5618377,ACC_000245,ACC_000377,23.34,p2m,MERCH_00037,DEV_000138,IP_000115,domestic,qr_code,0,none,scenario_b
TX_00002026,1704430371.4018638,ACC_000345,ACC_000032,2846.32,p2m,MERCH_00045,DEV_000305,IP_000188,domestic,pos,0,none,scenario_c
TX_00001782,1704430615.6826038,ACC_000166,ACC_000483,153.23,p2m,MERCH_00036,DEV_000279,IP_000211,domestic,qr_code,0,none,scenario_b
TX_00002074,1704430776.2478127,ACC_000050,ACC_000032,330.82,p2m,MERCH_00045,DEV_000045,IP_000022,domestic,pos,0,none,scenario_c
TX_00002027,1704431145.9811735,ACC_000229,ACC_000032,3355.23,p2m,MERCH_00045,DEV_000348,IP_000030,domestic,pos,0,none,scenario_c
TX_00002048,1704431964.0417223,ACC_000050,ACC_000032,68.42,p2m,MERCH_00045,DEV_000248,IP_000173,domestic,pos,0,none,scenario_c
TX_00002038,1704432189.4214566,ACC_000300,ACC_000032,1693.61,p2m,MERCH_00045,DEV_000179,IP_000297,domestic,pos,0,none,scenario_c
TX_00002061,1704432995.7609513,ACC_000093,ACC_000032,616.39,p2m,MERCH_00045,DEV_000206,IP_000225,domestic,pos,0,none,scenario_c
TX_00002068,1704433224.4423704,ACC_000047,ACC_000032,2274.49,p2m,MERCH_00045,DEV_000312,IP_000012,domestic,pos,0,none,scenario_c
TX_00002062,1704433402.7394242,ACC_000296,ACC_000032,1585.25,p2m,MERCH_00045,DEV_000142,IP_000055,domestic,pos,0,none,scenario_c
TX_00001852,1704433857.6351132,ACC_000257,ACC_000029,61.2,p2m,MERCH_00042,DEV_000012,IP_000146,domestic,qr_code,0,none,scenario_b
TX_00002041,1704434586.5866332,ACC_000337,ACC_000032,3298.95,p2m,MERCH_00045,DEV_000304,IP_000159,domestic,pos,0,none,scenario_c
TX_00002015,1704434745.387442,ACC_000360,ACC_000032,1631.05,p2m,MERCH_00045,DEV_000024,IP_000216,domestic,pos,0,none,scenario_c
TX_00001017,1704435215.2639267,ACC_000243,ACC_000193,3683.97,p2p,None,DEV_000341,IP_000224,domestic,qr_code,0,none,scenario_a
TX_00002022,1704436566.4703307,ACC_000177,ACC_000032,943.85,p2m,MERCH_00045,DEV_000224,IP_000141,domestic,pos,0,none,scenario_c
TX_00000770,1704436919.4306865,ACC_000442,ACC_000224,747.47,p2p,None,DEV_000062,IP_000240,domestic,web,0,none,scenario_a
TX_00002054,1704436975.4465005,ACC_000003,ACC_000032,13049.95,p2m,MERCH_00045,DEV_000068,IP_000068,domestic,pos,0,none,scenario_c
TX_00002037,1704437359.8067446,ACC_000072,ACC_000032,1928.95,p2m,MERCH_00045,DEV_000397,IP_000263,domestic,pos,0,none,scenario_c
TX_00002253,1704438920.267202,ACC_000487,ACC_000337,42997.79,intermediary_transfer,None,DEV_000320,IP_000007,domestic,upi_app,1,basic_mule,scenario_d
TX_00002254,1704440409.3948553,ACC_000337,ACC_000172,41277.88,intermediary_transfer,None,DEV_000024,IP_000008,domestic,upi_app,1,basic_mule,scenario_d
TX_00002012,1704440932.5259655,ACC_000357,ACC_000032,877.97,p2m,MERCH_00045,DEV_000318,IP_000278,domestic,pos,0,none,scenario_c
TX_00002255,1704441551.997849,ACC_000172,ACC_000036,39557.97,intermediary_transfer,None,DEV_000024,IP_000008,domestic,upi_app,1,basic_mule,scenario_d
TX_00002072,1704441820.3431375,ACC_000385,ACC_000032,2402.33,p2m,MERCH_00045,DEV_000011,IP_000089,domestic,pos,0,none,scenario_c
TX_00002256,1704443010.3372955,ACC_000036,ACC_000476,37838.05,atm_cashout,None,DEV_000024,IP_000008,domestic,upi_app,1,basic_mule,scenario_d
TX_00001859,1704444848.1765192,ACC_000442,ACC_000029,114.64,p2m,MERCH_00042,DEV_000133,IP_000118,domestic,qr_code,0,none,scenario_b
TX_00001161,1704445982.9721475,ACC_000318,ACC_000009,40.76,p2m,MERCH_00019,DEV_000103,IP_000118,domestic,qr_code,0,none,scenario_b
TX_00001434,1704446838.5015554,ACC_000158,ACC_000350,233.93,p2m,MERCH_00009,DEV_000000,IP_000168,domestic,qr_code,0,none,scenario_b
TX_00000992,1704447421.0995126,ACC_000469,ACC_000186,652.39,p2p,None,DEV_000079,IP_000160,domestic,qr_code,0,none,scenario_a
TX_00000201,1704447675.1105626,ACC_000086,ACC_000097,462.01,p2p,None,DEV_000393,IP_000049,domestic,web,0,none,scenario_a
TX_00001262,1704450143.8749218,ACC_000349,ACC_000035,162.86,p2m,MERCH_00005,DEV_000382,IP_000275,domestic,qr_code,0,none,scenario_b
TX_00000786,1704451868.397116,ACC_000100,ACC_000209,670.64,p2p,None,DEV_000184,IP_000237,domestic,web,0,none,scenario_a
TX_00000570,1704452770.918697,ACC_000317,ACC_000311,1246.72,p2p,None,DEV_000178,IP_000187,domestic,upi_app,0,none,scenario_a
TX_00000209,1704459592.8821833,ACC_000126,ACC_000261,189.85,p2p,None,DEV_000393,IP_000117,domestic,web,0,none,scenario_a
TX_00000762,1704461355.22827,ACC_000419,ACC_000107,1341.39,p2p,None,DEV_000242,IP_000044,domestic,qr_code,0,none,scenario_a
TX_00001884,1704462949.5203972,ACC_000029,ACC_000451,2524.7,merchant_settlement,MERCH_00042,DEV_000239,IP_000092,domestic,web,0,none,scenario_b
TX_00001350,1704464130.722167,ACC_000259,ACC_000099,148.67,p2m,MERCH_00044,DEV_000233,IP_000150,domestic,qr_code,0,none,scenario_b
TX_00000905,1704466192.0908978,ACC_000354,ACC_000133,571.25,p2p,None,DEV_000143,IP_000247,domestic,web,0,none,scenario_a
TX_00000359,1704466746.2363884,ACC_000296,ACC_000028,1194.46,p2p,None,DEV_000269,IP_000035,domestic,web,0,none,scenario_a
TX_00000028,1704467638.969752,ACC_000254,ACC_000331,1938.98,p2p,None,DEV_000253,IP_000252,domestic,upi_app,0,none,scenario_a
TX_00000470,1704469541.2592628,ACC_000439,ACC_000282,798.53,p2p,None,DEV_000274,IP_000240,domestic,qr_code,0,none,scenario_a
TX_00000884,1704472059.3426292,ACC_000162,ACC_000151,482.59,p2p,None,DEV_000155,IP_000238,domestic,upi_app,0,none,scenario_a
TX_00000921,1704472082.795368,ACC_000009,ACC_000234,861.91,p2p,None,DEV_000370,IP_000099,domestic,qr_code,0,none,scenario_a
TX_00000200,1704473927.3185296,ACC_000104,ACC_000103,588.5,p2p,None,DEV_000148,IP_000070,domestic,upi_app,0,none,scenario_a
TX_00000522,1704475307.5769622,ACC_000198,ACC_000386,296.69,p2p,None,DEV_000190,IP_000138,domestic,web,0,none,scenario_a
TX_00001773,1704475474.726797,ACC_000209,ACC_000425,57.73,p2m,MERCH_00017,DEV_000058,IP_000252,domestic,qr_code,0,none,scenario_b
TX_00000897,1704476450.7507858,ACC_000414,ACC_000398,777.07,p2p,None,DEV_000159,IP_000192,domestic,upi_app,0,none,scenario_a
TX_00000313,1704477098.7265394,ACC_000308,ACC_000319,1223.8,p2p,None,DEV_000150,IP_000098,domestic,upi_app,0,none,scenario_a
TX_00001348,1704477510.7936156,ACC_000349,ACC_000099,28.97,p2m,MERCH_00044,DEV_000189,IP_000031,domestic,qr_code,0,none,scenario_b
TX_00000259,1704477537.3733857,ACC_000276,ACC_000061,6541.69,p2p,None,DEV_000284,IP_000124,domestic,qr_code,0,none,scenario_a
TX_00000586,1704479003.5264888,ACC_000202,ACC_000032,1345.79,p2p,None,DEV_000175,IP_000202,domestic,upi_app,0,none,scenario_a
TX_00000103,1704480317.521217,ACC_000262,ACC_000198,900.93,p2p,None,DEV_000167,IP_000277,domestic,web,0,none,scenario_a
TX_00001601,1704480526.3938162,ACC_000159,ACC_000085,200.53,p2m,MERCH_00007,DEV_000334,IP_000012,domestic,qr_code,0,none,scenario_b
TX_00000149,1704481912.9862397,ACC_000186,ACC_000243,605.77,p2p,None,DEV_000154,IP_000226,domestic,upi_app,0,none,scenario_a
TX_00001088,1704483248.237794,ACC_000089,ACC_000197,791.04,p2p,None,DEV_000088,IP_000177,domestic,qr_code,0,none,scenario_a
TX_00000776,1704484196.949924,ACC_000354,ACC_000428,290.76,p2p,None,DEV_000026,IP_000159,domestic,web,0,none,scenario_a
TX_00001168,1704487580.3533432,ACC_000496,ACC_000009,198.42,p2m,MERCH_00019,DEV_000054,IP_000293,domestic,qr_code,0,none,scenario_b
TX_00001534,1704489147.6921546,ACC_000274,ACC_000400,103.03,p2m,MERCH_00003,DEV_000037,IP_000122,domestic,qr_code,0,none,scenario_b
TX_00001755,1704491123.400588,ACC_000147,ACC_000425,85.38,p2m,MERCH_00017,DEV_000333,IP_000199,domestic,qr_code,0,none,scenario_b
TX_00001059,1704493101.6233006,ACC_000130,ACC_000433,767.89,p2p,None,DEV_000382,IP_000190,domestic,qr_code,0,none,scenario_a
TX_00001567,1704494561.4463754,ACC_000400,ACC_000160,11254.53,merchant_settlement,MERCH_00003,DEV_000342,IP_000288,domestic,web,0,none,scenario_b
TX_00001282,1704502522.0763478,ACC_000070,ACC_000035,252.25,p2m,MERCH_00005,DEV_000238,IP_000222,domestic,qr_code,0,none,scenario_b
TX_00001343,1704508865.2480655,ACC_000012,ACC_000099,134.05,p2m,MERCH_00044,DEV_000339,IP_000124,domestic,qr_code,0,none,scenario_b
TX_00001531,1704510533.7129636,ACC_000090,ACC_000400,240.16,p2m,MERCH_00003,DEV_000146,IP_000236,domestic,qr_code,0,none,scenario_b
TX_00001154,1704510910.5258672,ACC_000135,ACC_000081,6164.69,merchant_settlement,MERCH_00028,DEV_000150,IP_000203,domestic,web,0,none,scenario_b
TX_00001195,1704512303.728024,ACC_000052,ACC_000009,355.36,p2m,MERCH_00019,DEV_000101,IP_000065,domestic,qr_code,0,none,scenario_b
TX_00001404,1704515655.9413884,ACC_000206,ACC_000377,67.17,p2m,MERCH_00037,DEV_000263,IP_000004,domestic,qr_code,0,none,scenario_b
TX_00001728,1704519407.706076,ACC_000111,ACC_000305,2376.63,merchant_settlement,MERCH_00011,DEV_000196,IP_000049,domestic,web,0,none,scenario_b
TX_00002241,1704520439.9265213,ACC_000474,ACC_000302,61366.65,intermediary_transfer,None,DEV_000179,IP_000119,domestic,upi_app,1,basic_mule,scenario_d
TX_00001612,1704521869.2108788,ACC_000068,ACC_000085,116.53,p2m,MERCH_00007,DEV_000002,IP_000281,domestic,qr_code,0,none,scenario_b
TX_00002242,1704522611.3171139,ACC_000302,ACC_000407,58911.99,intermediary_transfer,None,DEV_000009,IP_000015,domestic,upi_app,1,basic_mule,scenario_d
TX_00001761,1704522914.6219907,ACC_000023,ACC_000425,105.91,p2m,MERCH_00017,DEV_000234,IP_000263,domestic,qr_code,0,none,scenario_b
TX_00001252,1704523113.5328143,ACC_000125,ACC_000186,278.49,p2m,MERCH_00041,DEV_000210,IP_000279,domestic,qr_code,0,none,scenario_b
TX_00002243,1704523841.9804878,ACC_000407,ACC_000225,56457.32,intermediary_transfer,None,DEV_000009,IP_000015,domestic,upi_app,1,basic_mule,scenario_d
TX_00002244,1704525418.136442,ACC_000225,ACC_000442,54002.65,atm_cashout,None,DEV_000009,IP_000015,domestic,upi_app,1,basic_mule,scenario_d
TX_00001456,1704526330.1608744,ACC_000124,ACC_000350,80.7,p2m,MERCH_00009,DEV_000206,IP_000107,domestic,qr_code,0,none,scenario_b
TX_00000184,1704530633.9153626,ACC_000358,ACC_000030,1000.16,p2p,None,DEV_000342,IP_000231,domestic,web,0,none,scenario_a
TX_00000173,1704531205.5997763,ACC_000396,ACC_000222,1384.44,p2p,None,DEV_000385,IP_000059,domestic,upi_app,0,none,scenario_a
TX_00000866,1704531935.125781,ACC_000330,ACC_000009,748.07,p2p,None,DEV_000166,IP_000153,domestic,web,0,none,scenario_a
TX_00001380,1704532861.1639042,ACC_000186,ACC_000377,808.76,p2m,MERCH_00037,DEV_000076,IP_000159,domestic,qr_code,0,none,scenario_b
TX_00001578,1704533300.8418598,ACC_000147,ACC_000085,101.35,p2m,MERCH_00007,DEV_000261,IP_000030,domestic,qr_code,0,none,scenario_b
TX_00001315,1704534882.9354644,ACC_000294,ACC_000099,124.5,p2m,MERCH_00044,DEV_000134,IP_000186,domestic,qr_code,0,none,scenario_b
TX_00001769,1704536885.6275811,ACC_000497,ACC_000425,284.87,p2m,MERCH_00017,DEV_000087,IP_000013,domestic,qr_code,0,none,scenario_b
TX_00000187,1704540046.5852149,ACC_000112,ACC_000447,583.92,p2p,None,DEV_000353,IP_000218,domestic,qr_code,0,none,scenario_a
TX_00001033,1704540318.8211703,ACC_000251,ACC_000308,170.39,p2p,None,DEV_000119,IP_000213,domestic,qr_code,0,none,scenario_a
TX_00001614,1704542111.7516255,ACC_000073,ACC_000085,81.44,p2m,MERCH_00007,DEV_000077,IP_000091,domestic,qr_code,0,none,scenario_b
TX_00000888,1704543256.7814279,ACC_000106,ACC_000220,473.32,p2p,None,DEV_000094,IP_000095,domestic,qr_code,0,none,scenario_a
TX_00000180,1704543387.7073882,ACC_000310,ACC_000472,680.22,p2p,None,DEV_000261,IP_000052,domestic,qr_code,0,none,scenario_a
TX_00000466,1704543992.5418255,ACC_000330,ACC_000042,1856.1,p2p,None,DEV_000384,IP_000158,domestic,upi_app,0,none,scenario_a
TX_00000494,1704544622.333963,ACC_000032,ACC_000247,547.14,p2p,None,DEV_000371,IP_000165,domestic,upi_app,0,none,scenario_a
TX_00002305,1704548284.6991012,ACC_000175,ACC_000030,76184.74,intermediary_transfer,None,DEV_000232,IP_000182,domestic,upi_app,1,basic_mule,scenario_d
TX_00001250,1704549733.1151786,ACC_000312,ACC_000186,98.33,p2m,MERCH_00041,DEV_000184,IP_000216,domestic,qr_code,0,none,scenario_b
TX_00002306,1704549749.141703,ACC_000030,ACC_000361,73137.35,intermediary_transfer,None,DEV_000033,IP_000018,domestic,upi_app,1,basic_mule,scenario_d
TX_00002307,1704551451.2600775,ACC_000361,ACC_000373,70089.96,intermediary_transfer,None,DEV_000033,IP_000018,domestic,upi_app,1,basic_mule,scenario_d
TX_00000606,1704552910.56545,ACC_000293,ACC_000460,473.02,p2p,None,DEV_000136,IP_000254,domestic,upi_app,0,none,scenario_a
TX_00002308,1704553126.8341131,ACC_000373,ACC_000399,67042.57,atm_cashout,None,DEV_000033,IP_000018,domestic,upi_app,1,basic_mule,scenario_d
TX_00001508,1704554009.6604612,ACC_000362,ACC_000336,190.81,p2m,MERCH_00001,DEV_000020,IP_000127,domestic,qr_code,0,none,scenario_b
TX_00001014,1704554283.7941403,ACC_000471,ACC_000179,897.36,p2p,None,DEV_000051,IP_000041,domestic,qr_code,0,none,scenario_a
TX_00001483,1704556405.5598452,ACC_000348,ACC_000336,155.6,p2m,MERCH_00001,DEV_000222,IP_000195,domestic,qr_code,0,none,scenario_b
TX_00001832,1704558246.2607589,ACC_000483,ACC_000271,7445.79,merchant_settlement,MERCH_00036,DEV_000160,IP_000046,domestic,web,0,none,scenario_b
TX_00000127,1704558936.5679896,ACC_000197,ACC_000201,881.99,p2p,None,DEV_000258,IP_000120,domestic,web,0,none,scenario_a
TX_00000572,1704559901.4923768,ACC_000061,ACC_000000,891.65,p2p,None,DEV_000086,IP_000225,domestic,upi_app,0,none,scenario_a
TX_00000176,1704560649.135417,ACC_000139,ACC_000180,717.19,p2p,None,DEV_000372,IP_000250,domestic,web,0,none,scenario_a
TX_00000943,1704560797.1320567,ACC_000495,ACC_000126,871.85,p2p,None,DEV_000224,IP_000289,domestic,upi_app,0,none,scenario_a
TX_00000042,1704561320.3560758,ACC_000318,ACC_000047,2854.11,p2p,None,DEV_000320,IP_000122,domestic,web,0,none,scenario_a
TX_00000528,1704561886.8843324,ACC_000452,ACC_000454,371.65,p2p,None,DEV_000029,IP_000228,domestic,web,0,none,scenario_a
TX_00000684,1704561933.0931656,ACC_000175,ACC_000308,576.7,p2p,None,DEV_000117,IP_000044,domestic,upi_app,0,none,scenario_a
TX_00001043,1704562563.271405,ACC_000009,ACC_000415,921.0,p2p,None,DEV_000307,IP_000019,domestic,upi_app,0,none,scenario_a
TX_00000836,1704563112.2704926,ACC_000386,ACC_000488,394.09,p2p,None,DEV_000338,IP_000113,domestic,upi_app,0,none,scenario_a
TX_00000482,1704563302.899082,ACC_000346,ACC_000409,523.09,p2p,None,DEV_000121,IP_000121,domestic,web,0,none,scenario_a
TX_00000129,1704563859.5750666,ACC_000443,ACC_000163,2108.74,p2p,None,DEV_000051,IP_000261,domestic,upi_app,0,none,scenario_a
TX_00000364,1704563901.7135863,ACC_000324,ACC_000437,847.91,p2p,None,DEV_000134,IP_000206,domestic,upi_app,0,none,scenario_a
TX_00001067,1704565918.3485413,ACC_000492,ACC_000227,673.58,p2p,None,DEV_000267,IP_000208,domestic,upi_app,0,none,scenario_a
TX_00000242,1704566577.141212,ACC_000240,ACC_000208,1510.62,p2p,None,DEV_000339,IP_000157,domestic,web,0,none,scenario_a
TX_00001481,1704567828.8134644,ACC_000260,ACC_000336,51.73,p2m,MERCH_00001,DEV_000001,IP_000139,domestic,qr_code,0,none,scenario_b
TX_00001491,1704568177.0007508,ACC_000216,ACC_000336,119.1,p2m,MERCH_00001,DEV_000329,IP_000233,domestic,qr_code,0,none,scenario_b
TX_00001695,1704568724.7544787,ACC_000097,ACC_000111,202.81,p2m,MERCH_00011,DEV_000262,IP_000191,domestic,qr_code,0,none,scenario_b
TX_00001027,1704570657.1613803,ACC_000403,ACC_000369,879.88,p2p,None,DEV_000009,IP_000048,domestic,qr_code,0,none,scenario_a
TX_00000820,1704572282.3077497,ACC_000238,ACC_000037,2119.95,p2p,None,DEV_000256,IP_000204,domestic,upi_app,0,none,scenario_a
TX_00001124,1704572848.3945222,ACC_000246,ACC_000135,108.29,p2m,MERCH_00028,DEV_000191,IP_000110,domestic,qr_code,0,none,scenario_b
TX_00000857,1704573367.9039996,ACC_000268,ACC_000426,3092.46,p2p,None,DEV_000337,IP_000285,domestic,upi_app,0,none,scenario_a
TX_00000086,1704574150.5685213,ACC_000491,ACC_000371,1246.23,p2p,None,DEV_000062,IP_000104,domestic,qr_code,0,none,scenario_a
TX_00000748,1704574306.6184156,ACC_000006,ACC_000013,382.35,p2p,None,DEV_000042,IP_000256,domestic,upi_app,0,none,scenario_a
TX_00000696,1704576334.4123821,ACC_000217,ACC_000140,706.26,p2p,None,DEV_000384,IP_000060,domestic,qr_code,0,none,scenario_a
TX_00000032,1704576718.779064,ACC_000497,ACC_000373,2891.5,p2p,None,DEV_000329,IP_000095,domestic,upi_app,0,none,scenario_a
TX_00001517,1704579462.5185592,ACC_000336,ACC_000344,2658.89,merchant_settlement,MERCH_00001,DEV_000358,IP_000031,domestic,web,0,none,scenario_b
TX_00002641,1704582241.198531,ACC_000256,ACC_000042,6943.16,intermediary_transfer,None,DEV_000000,IP_000018,domestic,upi_app,1,fan_out_mule,scenario_f
TX_00002640,1704582487.9696562,ACC_000256,ACC_000150,8877.32,intermediary_transfer,None,DEV_000000,IP_000018,domestic,upi_app,1,fan_out_mule,scenario_f
TX_00002644,1704582559.6049895,ACC_000256,ACC_000224,8584.68,intermediary_transfer,None,DEV_000000,IP_000018,domestic,upi_app,1,fan_out_mule,scenario_f
TX_00002643,1704582751.0934932,ACC_000256,ACC_000421,2255.31,intermediary_transfer,None,DEV_000000,IP_000018,domestic,upi_app,1,fan_out_mule,scenario_f
TX_00002637,1704582770.2855358,ACC_000256,ACC_000050,4499.84,intermediary_transfer,None,DEV_000000,IP_000018,domestic,upi_app,1,fan_out_mule,scenario_f
TX_00001867,1704583047.1675966,ACC_000061,ACC_000029,45.64,p2m,MERCH_00042,DEV_000337,IP_000111,domestic,qr_code,0,none,scenario_b
TX_00002639,1704583225.4340758,ACC_000256,ACC_000452,3345.09,intermediary_transfer,None,DEV_000000,IP_000018,domestic,upi_app,1,fan_out_mule,scenario_f
TX_00002645,1704583244.1674957,ACC_000256,ACC_000406,7421.56,intermediary_transfer,None,DEV_000000,IP_000018,domestic,upi_app,1,fan_out_mule,scenario_f
TX_00002638,1704583381.3959022,ACC_000256,ACC_000284,5977.48,intermediary_transfer,None,DEV_000000,IP_000018,domestic,upi_app,1,fan_out_mule,scenario_f
TX_00002642,1704583473.030236,ACC_000256,ACC_000239,5983.61,intermediary_transfer,None,DEV_000000,IP_000018,domestic,upi_app,1,fan_out_mule,scenario_f
TX_00002646,1704583473.3280506,ACC_000256,ACC_000189,3227.66,intermediary_transfer,None,DEV_000000,IP_000018,domestic,upi_app,1,fan_out_mule,scenario_f
TX_00001521,1704584602.177859,ACC_000336,ACC_000251,2876.97,merchant_settlement,MERCH_00001,DEV_000344,IP_000095,domestic,web,0,none,scenario_b
TX_00001744,1704585561.5974214,ACC_000390,ACC_000425,426.58,p2m,MERCH_00017,DEV_000273,IP_000142,domestic,qr_code,0,none,scenario_b
TX_00001203,1704586200.8839781,ACC_000009,ACC_000423,4521.55,merchant_settlement,MERCH_00019,DEV_000001,IP_000214,domestic,web,0,none,scenario_b
TX_00001774,1704586656.3908477,ACC_000425,ACC_000259,3485.15,merchant_settlement,MERCH_00017,DEV_000314,IP_000032,domestic,web,0,none,scenario_b
TX_00001226,1704594099.7452097,ACC_000017,ACC_000186,84.31,p2m,MERCH_00041,DEV_000113,IP_000181,domestic,qr_code,0,none,scenario_b
TX_00001830,1704596179.0286214,ACC_000483,ACC_000351,4361.54,merchant_settlement,MERCH_00036,DEV_000120,IP_000288,domestic,web,0,none,scenario_b
TX_00001370,1704598352.1244795,ACC_000340,ACC_000377,345.25,p2m,MERCH_00037,DEV_000098,IP_000263,domestic,qr_code,0,none,scenario_b
TX_00001633,1704606473.7969363,ACC_000233,ACC_000269,127.52,p2m,MERCH_00021,DEV_000304,IP_000120,domestic,qr_code,0,none,scenario_b
TX_00002815,1704607986.1218174,ACC_000264,ACC_000079,40000.0,p2p,None,DEV_000266,IP_000238,domestic,upi_app,1,camouflage_mule,scenario_h
TX_00002816,1704608286.1218174,ACC_000079,ACC_000250,300.75,p2m,MERCH_00031,DEV_000066,IP_000287,domestic,qr_code,1,camouflage_mule,scenario_h
TX_00002817,1704608586.1218174,ACC_000079,ACC_000250,349.12,p2m,MERCH_00031,DEV_000361,IP_000182,domestic,qr_code,1,camouflage_mule,scenario_h
TX_00001850,1704609499.9706888,ACC_000411,ACC_000029,109.27,p2m,MERCH_00042,DEV_000376,IP_000293,domestic,qr_code,0,none,scenario_b
TX_00002818,1704609786.1218174,ACC_000079,ACC_000058,38500.0,intermediary_transfer,None,DEV_000264,IP_000248,domestic,upi_app,1,camouflage_mule,scenario_h
TX_00000957,1704610185.5213573,ACC_000252,ACC_000458,657.86,p2p,None,DEV_000393,IP_000071,domestic,web,0,none,scenario_a
TX_00000107,1704610546.8009608,ACC_000349,ACC_000432,325.23,p2p,None,DEV_000391,IP_000296,domestic,web,0,none,scenario_a
TX_00001503,1704611326.9219017,ACC_000319,ACC_000336,52.21,p2m,MERCH_00001,DEV_000202,IP_000038,domestic,qr_code,0,none,scenario_b
TX_00001657,1704612295.7707455,ACC_000306,ACC_000269,228.37,p2m,MERCH_00021,DEV_000327,IP_000011,domestic,qr_code,0,none,scenario_b
TX_00001003,1704615947.1625166,ACC_000435,ACC_000316,2083.16,p2p,None,DEV_000122,IP_000066,domestic,qr_code,0,none,scenario_a
TX_00000622,1704617481.3930845,ACC_000490,ACC_000403,1149.29,p2p,None,DEV_000022,IP_000164,domestic,qr_code,0,none,scenario_a
TX_00000461,1704617619.538193,ACC_000322,ACC_000105,1095.13,p2p,None,DEV_000100,IP_000258,domestic,qr_code,0,none,scenario_a
TX_00000296,1704617867.5612187,ACC_000098,ACC_000495,577.61,p2p,None,DEV_000316,IP_000207,domestic,qr_code,0,none,scenario_a
TX_00001858,1704619610.9637265,ACC_000281,ACC_000029,84.31,p2m,MERCH_00042,DEV_000080,IP_000179,domestic,qr_code,0,none,scenario_b
TX_00000077,1704620371.712602,ACC_000437,ACC_000492,807.0,p2p,None,DEV_000222,IP_000162,domestic,qr_code,0,none,scenario_a
TX_00000512,1704621972.3322928,ACC_000235,ACC_000236,1065.28,p2p,None,DEV_000082,IP_000199,domestic,web,0,none,scenario_a
TX_00001545,1704622829.024982,ACC_000274,ACC_000400,108.11,p2m,MERCH_00003,DEV_000213,IP_000064,domestic,qr_code,0,none,scenario_b
TX_00001329,1704623053.1337502,ACC_000258,ACC_000099,133.03,p2m,MERCH_00044,DEV_000239,IP_000112,domestic,qr_code,0,none,scenario_b
TX_00001396,1704623371.389205,ACC_000155,ACC_000377,49.66,p2m,MERCH_00037,DEV_000000,IP_000038,domestic,qr_code,0,none,scenario_b
TX_00000562,1704624771.3731058,ACC_000498,ACC_000121,536.87,p2p,None,DEV_000014,IP_000190,domestic,web,0,none,scenario_a
TX_00001864,1704626322.7974072,ACC_000388,ACC_000029,141.77,p2m,MERCH_00042,DEV_000152,IP_000088,domestic,qr_code,0,none,scenario_b
TX_00000822,1704628468.549997,ACC_000412,ACC_000271,328.2,p2p,None,DEV_000235,IP_000135,domestic,qr_code,0,none,scenario_a
TX_00000040,1704628819.0489604,ACC_000335,ACC_000458,2659.38,p2p,None,DEV_000321,IP_000165,domestic,web,0,none,scenario_a
TX_00000170,1704629271.2699142,ACC_000291,ACC_000325,5817.33,p2p,None,DEV_000213,IP_000110,domestic,qr_code,0,none,scenario_a
TX_00000293,1704630989.9157917,ACC_000213,ACC_000163,1656.07,p2p,None,DEV_000240,IP_000172,domestic,upi_app,0,none,scenario_a
TX_00000815,1704633876.010715,ACC_000291,ACC_000185,1445.08,p2p,None,DEV_000089,IP_000237,domestic,web,0,none,scenario_a
TX_00001492,1704634731.4182193,ACC_000339,ACC_000336,55.52,p2m,MERCH_00001,DEV_000358,IP_000237,domestic,qr_code,0,none,scenario_b
TX_00001836,1704634959.3518908,ACC_000034,ACC_000029,76.56,p2m,MERCH_00042,DEV_000013,IP_000199,domestic,qr_code,0,none,scenario_b
TX_00000368,1704637092.844522,ACC_000359,ACC_000303,2877.75,p2p,None,DEV_000244,IP_000181,domestic,qr_code,0,none,scenario_a
TX_00001665,1704637135.7945418,ACC_000215,ACC_000269,238.63,p2m,MERCH_00021,DEV_000111,IP_000133,domestic,qr_code,0,none,scenario_b
TX_00001438,1704637298.360528,ACC_000443,ACC_000350,61.98,p2m,MERCH_00009,DEV_000294,IP_000206,domestic,qr_code,0,none,scenario_b
TX_00001304,1704638169.6099198,ACC_000122,ACC_000035,126.36,p2m,MERCH_00005,DEV_000169,IP_000104,domestic,qr_code,0,none,scenario_b
TX_00000155,1704641767.2278652,ACC_000099,ACC_000426,641.91,p2p,None,DEV_000160,IP_000018,domestic,upi_app,0,none,scenario_a
TX_00002499,1704641897.0990388,ACC_000459,ACC_000003,7838.67,p2p,None,DEV_000088,IP_000157,domestic,upi_app,1,fan_in_mule,scenario_e
TX_00001690,1704642223.1854286,ACC_000115,ACC_000111,127.07,p2m,MERCH_00011,DEV_000020,IP_000103,domestic,qr_code,0,none,scenario_b
TX_00002501,1704642670.7300456,ACC_000274,ACC_000003,8713.31,p2p,None,DEV_000109,IP_000079,domestic,upi_app,1,fan_in_mule,scenario_e
TX_00002498,1704643429.2740982,ACC_000187,ACC_000003,8270.38,p2p,None,DEV_000387,IP_000135,domestic,upi_app,1,fan_in_mule,scenario_e
TX_00002505,1704643691.3193424,ACC_000309,ACC_000003,13169.92,p2p,None,DEV_000383,IP_000061,domestic,upi_app,1,fan_in_mule,scenario_e
TX_00002503,1704643744.4087636,ACC_000152,ACC_000003,6986.41,p2p,None,DEV_000376,IP_000101,domestic,upi_app,1,fan_in_mule,scenario_e
TX_00002506,1704643788.2987154,ACC_000144,ACC_000003,8772.79,p2p,None,DEV_000288,IP_000141,domestic,upi_app,1,fan_in_mule,scenario_e
TX_00002502,1704643942.775844,ACC_000240,ACC_000003,9561.33,p2p,None,DEV_000160,IP_000147,domestic,upi_app,1,fan_in_mule,scenario_e
TX_00002500,1704644093.690197,ACC_000396,ACC_000003,3280.02,p2p,None,DEV_000343,IP_000090,domestic,upi_app,1,fan_in_mule,scenario_e
TX_00002497,1704644141.9883428,ACC_000489,ACC_000003,7614.27,p2p,None,DEV_000307,IP_000254,domestic,upi_app,1,fan_in_mule,scenario_e
TX_00001132,1704644239.7590322,ACC_000462,ACC_000135,142.18,p2m,MERCH_00028,DEV_000264,IP_000025,domestic,qr_code,0,none,scenario_b
TX_00000393,1704644260.1073196,ACC_000072,ACC_000071,1210.82,p2p,None,DEV_000259,IP_000227,domestic,web,0,none,scenario_a
TX_00002504,1704644736.2901008,ACC_000281,ACC_000003,6482.78,p2p,None,DEV_000360,IP_000033,domestic,upi_app,1,fan_in_mule,scenario_e
TX_00001708,1704644808.4874227,ACC_000157,ACC_000111,26.4,p2m,MERCH_00011,DEV_000073,IP_000025,domestic,qr_code,0,none,scenario_b
TX_00001802,1704645120.9629884,ACC_000374,ACC_000483,128.25,p2m,MERCH_00036,DEV_000232,IP_000015,domestic,qr_code,0,none,scenario_b
TX_00001465,1704645848.8225052,ACC_000350,ACC_000116,4383.87,merchant_settlement,MERCH_00009,DEV_000116,IP_000215,domestic,web,0,none,scenario_b
TX_00000616,1704646235.3188956,ACC_000307,ACC_000169,431.36,p2p,None,DEV_000261,IP_000232,domestic,qr_code,0,none,scenario_a
TX_00001328,1704647029.2953649,ACC_000378,ACC_000099,115.7,p2m,MERCH_00044,DEV_000206,IP_000035,domestic,qr_code,0,none,scenario_b
TX_00001334,1704648698.089291,ACC_000088,ACC_000099,330.65,p2m,MERCH_00044,DEV_000275,IP_000058,domestic,qr_code,0,none,scenario_b
TX_00001585,1704649083.39586,ACC_000292,ACC_000085,92.31,p2m,MERCH_00007,DEV_000204,IP_000024,domestic,qr_code,0,none,scenario_b
TX_00000970,1704649175.1396766,ACC_000149,ACC_000181,448.15,p2p,None,DEV_000278,IP_000044,domestic,qr_code,0,none,scenario_a
TX_00000142,1704650814.419923,ACC_000284,ACC_000439,1647.38,p2p,None,DEV_000000,IP_000026,domestic,web,0,none,scenario_a
TX_00001356,1704651395.4440603,ACC_000118,ACC_000099,231.07,p2m,MERCH_00044,DEV_000239,IP_000259,domestic,qr_code,0,none,scenario_b
TX_00000141,1704651427.2318635,ACC_000453,ACC_000410,1887.2,p2p,None,DEV_000357,IP_000080,domestic,upi_app,0,none,scenario_a
TX_00000319,1704651436.7313192,ACC_000143,ACC_000418,3024.31,p2p,None,DEV_000066,IP_000060,domestic,web,0,none,scenario_a
TX_00001239,1704652607.045961,ACC_000415,ACC_000186,216.56,p2m,MERCH_00041,DEV_000248,IP_000172,domestic,qr_code,0,none,scenario_b
TX_00000413,1704653008.1304379,ACC_000441,ACC_000386,577.1,p2p,None,DEV_000198,IP_000089,domestic,web,0,none,scenario_a
TX_00000802,1704654946.3655,ACC_000022,ACC_000451,1572.64,p2p,None,DEV_000116,IP_000082,domestic,web,0,none,scenario_a
TX_00001194,1704655126.352252,ACC_000171,ACC_000009,126.65,p2m,MERCH_00019,DEV_000268,IP_000168,domestic,qr_code,0,none,scenario_b
TX_00000504,1704656090.313663,ACC_000335,ACC_000089,1494.17,p2p,None,DEV_000129,IP_000064,domestic,web,0,none,scenario_a
TX_00001723,1704656319.1987896,ACC_000111,ACC_000104,4980.68,merchant_settlement,MERCH_00011,DEV_000368,IP_000251,domestic,web,0,none,scenario_b
TX_00001760,1704656724.39393,ACC_000437,ACC_000425,169.08,p2m,MERCH_00017,DEV_000388,IP_000121,domestic,qr_code,0,none,scenario_b
TX_00001558,1704657621.5590525,ACC_000401,ACC_000400,49.54,p2m,MERCH_00003,DEV_000121,IP_000141,domestic,qr_code,0,none,scenario_b
TX_00001146,1704657642.1170866,ACC_000302,ACC_000135,252.98,p2m,MERCH_00028,DEV_000174,IP_000015,domestic,qr_code,0,none,scenario_b
TX_00001694,1704657827.5815713,ACC_000041,ACC_000111,171.37,p2m,MERCH_00011,DEV_000271,IP_000225,domestic,qr_code,0,none,scenario_b
TX_00000909,1704658050.8696141,ACC_000017,ACC_000249,766.72,p2p,None,DEV_000382,IP_000269,domestic,web,0,none,scenario_a
TX_00000632,1704658605.849065,ACC_000087,ACC_000329,215.03,p2p,None,DEV_000136,IP_000252,domestic,qr_code,0,none,scenario_a
TX_00001081,1704659232.5468483,ACC_000363,ACC_000068,156.85,p2p,None,DEV_000093,IP_000256,domestic,upi_app,0,none,scenario_a
TX_00000599,1704660244.8603826,ACC_000142,ACC_000135,814.0,p2p,None,DEV_000177,IP_000275,domestic,web,0,none,scenario_a
TX_00001008,1704662982.9005377,ACC_000312,ACC_000388,1759.29,p2p,None,DEV_000280,IP_000177,domestic,qr_code,0,none,scenario_a
TX_00001715,1704664138.1099997,ACC_000324,ACC_000111,161.47,p2m,MERCH_00011,DEV_000055,IP_000222,domestic,qr_code,0,none,scenario_b
TX_00001846,1704665674.5137794,ACC_000039,ACC_000029,157.58,p2m,MERCH_00042,DEV_000333,IP_000233,domestic,qr_code,0,none,scenario_b
TX_00001811,1704671637.5709107,ACC_000038,ACC_000483,68.55,p2m,MERCH_00036,DEV_000381,IP_000003,domestic,qr_code,0,none,scenario_b
TX_00002705,1704674088.6105094,ACC_000439,ACC_000367,25000.0,intermediary_transfer,None,DEV_000248,IP_000071,domestic,upi_app,1,layered_mule,scenario_g
TX_00002706,1704674388.6105094,ACC_000427,ACC_000339,30000.0,intermediary_transfer,None,DEV_000124,IP_000206,domestic,upi_app,1,layered_mule,scenario_g
TX_00002707,1704675288.6105094,ACC_000367,ACC_000215,23500.0,intermediary_transfer,None,DEV_000026,IP_000014,domestic,upi_app,1,layered_mule,scenario_g
TX_00002708,1704675588.6105094,ACC_000339,ACC_000215,28000.0,intermediary_transfer,None,DEV_000026,IP_000014,domestic,upi_app,1,layered_mule,scenario_g
TX_00002709,1704677688.6105094,ACC_000215,ACC_000401,25000.0,intermediary_transfer,None,DEV_000026,IP_000014,domestic,upi_app,1,layered_mule,scenario_g
TX_00001238,1704677901.7280777,ACC_000078,ACC_000186,323.24,p2m,MERCH_00041,DEV_000398,IP_000060,domestic,qr_code,0,none,scenario_b
TX_00002710,1704678088.6105094,ACC_000215,ACC_000137,24000.0,intermediary_transfer,None,DEV_000026,IP_000014,domestic,upi_app,1,layered_mule,scenario_g
TX_00001522,1704678449.2981865,ACC_000233,ACC_000400,150.83,p2m,MERCH_00003,DEV_000147,IP_000171,domestic,qr_code,0,none,scenario_b
TX_00001840,1704680718.695922,ACC_000104,ACC_000029,169.03,p2m,MERCH_00042,DEV_000127,IP_000270,domestic,qr_code,0,none,scenario_b
TX_00001330,1704680982.7019625,ACC_000194,ACC_000099,127.12,p2m,MERCH_00044,DEV_000086,IP_000250,domestic,qr_code,0,none,scenario_b
TX_00001742,1704681136.137049,ACC_000410,ACC_000425,81.37,p2m,MERCH_00017,DEV_000341,IP_000147,domestic,qr_code,0,none,scenario_b
TX_00002221,1704681488.1805267,ACC_000130,ACC_000254,52074.89,intermediary_transfer,None,DEV_000048,IP_000079,domestic,upi_app,1,basic_mule,scenario_d
TX_00001566,1704681902.6939998,ACC_000400,ACC_000248,2000.0,merchant_settlement,MERCH_00003,DEV_000291,IP_000019,domestic,web,0,none,scenario_b
TX_00002222,1704682641.9561799,ACC_000254,ACC_000218,49991.89,intermediary_transfer,None,DEV_000008,IP_000027,domestic,upi_app,1,basic_mule,scenario_d
TX_00002353,1704684636.6423945,ACC_000300,ACC_000011,44206.97,intermediary_transfer,None,DEV_000120,IP_000173,domestic,upi_app,1,basic_mule,scenario_d
TX_00002223,1704684974.2405844,ACC_000218,ACC_000107,47908.9,intermediary_transfer,None,DEV_000008,IP_000027,domestic,upi_app,1,basic_mule,scenario_d
TX_00002354,1704684994.062501,ACC_000011,ACC_000426,42438.69,intermediary_transfer,None,DEV_000015,IP_000009,domestic,upi_app,1,basic_mule,scenario_d
TX_00002699,1704685669.1806166,ACC_000436,ACC_000137,25000.0,intermediary_transfer,None,DEV_000055,IP_000253,domestic,upi_app,1,layered_mule,scenario_g
TX_00002700,1704685969.1806166,ACC_000205,ACC_000166,30000.0,intermediary_transfer,None,DEV_000239,IP_000022,domestic,upi_app,1,layered_mule,scenario_g
TX_00002355,1704686367.841128,ACC_000426,ACC_000027,40670.41,intermediary_transfer,None,DEV_000015,IP_000009,domestic,upi_app,1,basic_mule,scenario_d
TX_00002356,1704686743.8604722,ACC_000027,ACC_000084,38902.13,atm_cashout,None,DEV_000015,IP_000009,domestic,upi_app,1,basic_mule,scenario_d
TX_00002701,1704686869.1806166,ACC_000137,ACC_000307,23500.0,intermediary_transfer,None,DEV_000017,IP_000012,domestic,upi_app,1,layered_mule,scenario_g
TX_00002224,1704687049.2019007,ACC_000107,ACC_000421,45825.9,atm_cashout,None,DEV_000008,IP_000027,domestic,upi_app,1,basic_mule,scenario_d
TX_00002702,1704687169.1806166,ACC_000166,ACC_000307,28000.0,intermediary_transfer,None,DEV_000017,IP_000012,domestic,upi_app,1,layered_mule,scenario_g
TX_00001848,1704687217.8534014,ACC_000073,ACC_000029,124.91,p2m,MERCH_00042,DEV_000358,IP_000236,domestic,qr_code,0,none,scenario_b
TX_00001216,1704688559.5049365,ACC_000443,ACC_000186,109.45,p2m,MERCH_00041,DEV_000390,IP_000003,domestic,qr_code,0,none,scenario_b
TX_00002703,1704689269.1806166,ACC_000307,ACC_000319,25000.0,intermediary_transfer,None,DEV_000017,IP_000012,domestic,upi_app,1,layered_mule,scenario_g
TX_00002704,1704689669.1806166,ACC_000307,ACC_000211,24000.0,intermediary_transfer,None,DEV_000017,IP_000012,domestic,upi_app,1,layered_mule,scenario_g
TX_00001374,1704692056.9949627,ACC_000017,ACC_000377,245.58,p2m,MERCH_00037,DEV_000007,IP_000189,domestic,qr_code,0,none,scenario_b
TX_00001824,1704694059.9090312,ACC_000363,ACC_000483,56.35,p2m,MERCH_00036,DEV_000207,IP_000149,domestic,qr_code,0,none,scenario_b
TX_00001641,1704694257.4473426,ACC_000383,ACC_000269,81.04,p2m,MERCH_00021,DEV_000024,IP_000222,domestic,qr_code,0,none,scenario_b
TX_00000860,1704694721.8492856,ACC_000063,ACC_000035,406.23,p2p,None,DEV_000210,IP_000117,domestic,qr_code,0,none,scenario_a
TX_00000277,1704695753.9233704,ACC_000271,ACC_000127,763.88,p2p,None,DEV_000138,IP_000207,domestic,web,0,none,scenario_a
TX_00001442,1704697333.2854102,ACC_000289,ACC_000350,273.98,p2m,MERCH_00009,DEV_000214,IP_000065,domestic,qr_code,0,none,scenario_b
TX_00001543,1704697417.779419,ACC_000406,ACC_000400,128.43,p2m,MERCH_00003,DEV_000064,IP_000245,domestic,qr_code,0,none,scenario_b
TX_00001627,1704700254.6538627,ACC_000126,ACC_000269,153.92,p2m,MERCH_00021,DEV_000310,IP_000232,domestic,qr_code,0,none,scenario_b
TX_00000604,1704700930.7621903,ACC_000445,ACC_000089,702.31,p2p,None,DEV_000272,IP_000136,domestic,upi_app,0,none,scenario_a
TX_00000379,1704703541.2870486,ACC_000048,ACC_000434,537.92,p2p,None,DEV_000088,IP_000067,domestic,upi_app,0,none,scenario_a
TX_00000680,1704703976.112068,ACC_000221,ACC_000142,398.89,p2p,None,DEV_000054,IP_000059,domestic,upi_app,0,none,scenario_a
TX_00000327,1704704635.610448,ACC_000169,ACC_000364,851.95,p2p,None,DEV_000325,IP_000118,domestic,qr_code,0,none,scenario_a
TX_00001106,1704704979.6934218,ACC_000395,ACC_000135,57.99,p2m,MERCH_00028,DEV_000256,IP_000011,domestic,qr_code,0,none,scenario_b
TX_00000216,1704707336.673791,ACC_000155,ACC_000100,583.38,p2p,None,DEV_000388,IP_000050,domestic,qr_code,0,none,scenario_a
TX_00000847,1704708310.7880707,ACC_000212,ACC_000351,144.11,p2p,None,DEV_000303,IP_000063,domestic,upi_app,0,none,scenario_a
TX_00001233,1704708437.1581395,ACC_000071,ACC_000186,159.56,p2m,MERCH_00041,DEV_000217,IP_000113,domestic,qr_code,0,none,scenario_b
TX_00000312,1704710270.355714,ACC_000385,ACC_000313,459.98,p2p,None,DEV_000252,IP_000161,domestic,web,0,none,scenario_a
TX_00001736,1704710752.492643,ACC_000240,ACC_000425,384.39,p2m,MERCH_00017,DEV_000041,IP_000088,domestic,qr_code,0,none,scenario_b
TX_00000718,1704711520.0689878,ACC_000343,ACC_000364,502.01,p2p,None,DEV_000133,IP_000196,domestic,web,0,none,scenario_a
TX_00001606,1704712928.44477,ACC_000317,ACC_000085,177.47,p2m,MERCH_00007,DEV_000204,IP_000128,domestic,qr_code,0,none,scenario_b
TX_00002791,1704713429.6662505,ACC_000376,ACC_000472,40000.0,p2p,None,DEV_000269,IP_000139,domestic,upi_app,1,camouflage_mule,scenario_h
TX_00002792,1704713729.6662505,ACC_000472,ACC_000184,331.25,p2m,MERCH_00035,DEV_000128,IP_000176,domestic,qr_code,1,camouflage_mule,scenario_h
TX_00002793,1704714029.6662505,ACC_000472,ACC_000184,409.78,p2m,MERCH_00035,DEV_000340,IP_000142,domestic,qr_code,1,camouflage_mule,scenario_h
TX_00000418,1704714117.7944894,ACC_000261,ACC_000219,578.63,p2p,None,DEV_000296,IP_000258,domestic,qr_code,0,none,scenario_a
TX_00000270,1704714520.8487287,ACC_000151,ACC_000292,616.48,p2p,None,DEV_000023,IP_000101,domestic,web,0,none,scenario_a
TX_00001718,1704715223.0278184,ACC_000094,ACC_000111,91.82,p2m,MERCH_00011,DEV_000323,IP_000279,domestic,qr_code,0,none,scenario_b
TX_00002794,1704715229.6662505,ACC_000472,ACC_000137,38500.0,intermediary_transfer,None,DEV_000284,IP_000053,domestic,upi_app,1,camouflage_mule,scenario_h
TX_00001049,1704715372.1320615,ACC_000374,ACC_000364,558.34,p2p,None,DEV_000253,IP_000069,domestic,qr_code,0,none,scenario_a
TX_00000811,1704715610.8897324,ACC_000174,ACC_000390,539.23,p2p,None,DEV_000399,IP_000081,domestic,web,0,none,scenario_a
TX_00001234,1704716751.4063888,ACC_000173,ACC_000186,196.69,p2m,MERCH_00041,DEV_000242,IP_000240,domestic,qr_code,0,none,scenario_b
TX_00001312,1704717018.104366,ACC_000035,ACC_000454,10700.19,merchant_settlement,MERCH_00005,DEV_000321,IP_000105,domestic,web,0,none,scenario_b
TX_00001001,1704717441.350911,ACC_000141,ACC_000149,477.76,p2p,None,DEV_000392,IP_000061,domestic,upi_app,0,none,scenario_a
TX_00000316,1704717657.1225502,ACC_000119,ACC_000131,1490.6,p2p,None,DEV_000206,IP_000203,domestic,web,0,none,scenario_a
TX_00000578,1704718058.7139447,ACC_000212,ACC_000363,1222.63,p2p,None,DEV_000209,IP_000266,domestic,qr_code,0,none,scenario_a
TX_00000621,1704718968.0702555,ACC_000381,ACC_000064,507.77,p2p,None,DEV_000386,IP_000047,domestic,web,0,none,scenario_a
TX_00002341,1704719709.1214218,ACC_000109,ACC_000309,23987.74,intermediary_transfer,None,DEV_000352,IP_000135,domestic,upi_app,1,basic_mule,scenario_d
TX_00002342,1704720967.351108,ACC_000309,ACC_000329,23028.23,intermediary_transfer,None,DEV_000031,IP_000015,domestic,upi_app,1,basic_mule,scenario_d
TX_00000325,1704721595.745485,ACC_000496,ACC_000041,2161.87,p2p,None,DEV_000185,IP_000184,domestic,upi_app,0,none,scenario_a
TX_00002343,1704721936.8979387,ACC_000329,ACC_000489,22068.72,intermediary_transfer,None,DEV_000031,IP_000015,domestic,upi_app,1,basic_mule,scenario_d
TX_00002344,1704723258.17956,ACC_000489,ACC_000020,21109.21,atm_cashout,None,DEV_000031,IP_000015,domestic,upi_app,1,basic_mule,scenario_d
TX_00000644,1704724874.8061202,ACC_000096,ACC_000045,490.82,p2p,None,DEV_000237,IP_000188,domestic,qr_code,0,none,scenario_a
TX_00000824,1704725732.0141828,ACC_000278,ACC_000457,2338.15,p2p,None,DEV_000174,IP_000050,domestic,web,0,none,scenario_a
TX_00001347,1704725787.2272766,ACC_000193,ACC_000099,196.97,p2m,MERCH_00044,DEV_000151,IP_000123,domestic,qr_code,0,none,scenario_b
TX_00000221,1704725999.9677093,ACC_000103,ACC_000153,1358.7,p2p,None,DEV_000115,IP_000101,domestic,web,0,none,scenario_a
TX_00000251,1704726305.2501783,ACC_000427,ACC_000210,224.04,p2p,None,DEV_000305,IP_000271,domestic,upi_app,0,none,scenario_a
TX_00000962,1704729158.4987023,ACC_000158,ACC_000216,2798.6,p2p,None,DEV_000230,IP_000055,domestic,upi_app,0,none,scenario_a
TX_00000950,1704729928.9243352,ACC_000058,ACC_000186,304.96,p2p,None,DEV_000248,IP_000072,domestic,upi_app,0,none,scenario_a
TX_00000188,1704730121.8615441,ACC_000084,ACC_000354,348.07,p2p,None,DEV_000123,IP_000114,domestic,upi_app,0,none,scenario_a
TX_00000211,1704730363.264309,ACC_000300,ACC_000191,185.22,p2p,None,DEV_000242,IP_000088,domestic,web,0,none,scenario_a
TX_00000326,1704730843.4561481,ACC_000124,ACC_000411,301.0,p2p,None,DEV_000116,IP_000248,domestic,qr_code,0,none,scenario_a
TX_00001688,1704731495.3920481,ACC_000369,ACC_000111,291.91,p2m,MERCH_00011,DEV_000262,IP_000280,domestic,qr_code,0,none,scenario_b
TX_00000062,1704734149.2993772,ACC_000404,ACC_000368,715.67,p2p,None,DEV_000125,IP_000155,domestic,qr_code,0,none,scenario_a
TX_00000039,1704735249.6366975,ACC_000302,ACC_000116,194.98,p2p,None,DEV_000118,IP_000237,domestic,qr_code,0,none,scenario_a
TX_00000310,1704735729.1102667,ACC_000329,ACC_000468,478.94,p2p,None,DEV_000038,IP_000210,domestic,upi_app,0,none,scenario_a
TX_00000940,1704736289.1286964,ACC_000347,ACC_000041,880.71,p2p,None,DEV_000336,IP_000066,domestic,web,0,none,scenario_a
TX_00000336,1704740352.5524762,ACC_000211,ACC_000278,575.97,p2p,None,DEV_000296,IP_000252,domestic,qr_code,0,none,scenario_a
TX_00001759,1704740480.710484,ACC_000084,ACC_000425,107.22,p2m,MERCH_00017,DEV_000310,IP_000295,domestic,qr_code,0,none,scenario_b
TX_00000366,1704740932.2085443,ACC_000418,ACC_000141,215.9,p2p,None,DEV_000372,IP_000280,domestic,web,0,none,scenario_a
TX_00000755,1704742328.9816144,ACC_000362,ACC_000146,447.35,p2p,None,DEV_000301,IP_000047,domestic,qr_code,0,none,scenario_a
TX_00001636,1704744841.844956,ACC_000073,ACC_000269,104.76,p2m,MERCH_00021,DEV_000248,IP_000298,domestic,qr_code,0,none,scenario_b
TX_00001526,1704744842.781166,ACC_000397,ACC_000400,112.45,p2m,MERCH_00003,DEV_000351,IP_000190,domestic,qr_code,0,none,scenario_b
TX_00001843,1704747470.6124725,ACC_000080,ACC_000029,151.96,p2m,MERCH_00042,DEV_000339,IP_000293,domestic,qr_code,0,none,scenario_b
TX_00001869,1704748923.5959597,ACC_000021,ACC_000029,65.82,p2m,MERCH_00042,DEV_000298,IP_000056,domestic,qr_code,0,none,scenario_b
TX_00001055,1704750002.4399745,ACC_000011,ACC_000317,2012.57,p2p,None,DEV_000120,IP_000000,domestic,web,0,none,scenario_a
TX_00001053,1704750166.7202783,ACC_000152,ACC_000218,2803.3,p2p,None,DEV_000366,IP_000136,domestic,qr_code,0,none,scenario_a
TX_00000731,1704750409.826531,ACC_000496,ACC_000320,910.16,p2p,None,DEV_000254,IP_000196,domestic,qr_code,0,none,scenario_a
TX_00000722,1704750594.9800563,ACC_000277,ACC_000467,8466.66,p2p,None,DEV_000231,IP_000099,domestic,web,0,none,scenario_a
TX_00000883,1704751514.9465742,ACC_000162,ACC_000223,361.83,p2p,None,DEV_000398,IP_000078,domestic,web,0,none,scenario_a
TX_00001096,1704751601.128902,ACC_000473,ACC_000357,510.39,p2p,None,DEV_000106,IP_000150,domestic,upi_app,0,none,scenario_a
TX_00000164,1704752326.8104827,ACC_000425,ACC_000282,761.86,p2p,None,DEV_000386,IP_000023,domestic,qr_code,0,none,scenario_a
TX_00000057,1704752572.5342312,ACC_000436,ACC_000286,888.5,p2p,None,DEV_000259,IP_000132,domestic,qr_code,0,none,scenario_a
TX_00001309,1704753086.1651974,ACC_000035,ACC_000000,2000.0,merchant_settlement,MERCH_00005,DEV_000255,IP_000025,domestic,web,0,none,scenario_b
TX_00001119,1704753584.2471266,ACC_000153,ACC_000135,55.14,p2m,MERCH_00028,DEV_000035,IP_000122,domestic,qr_code,0,none,scenario_b
TX_00001717,1704754967.9926927,ACC_000105,ACC_000111,93.27,p2m,MERCH_00011,DEV_000350,IP_000229,domestic,qr_code,0,none,scenario_b
TX_00001798,1704761316.1370609,ACC_000160,ACC_000483,130.38,p2m,MERCH_00036,DEV_000293,IP_000015,domestic,qr_code,0,none,scenario_b
TX_00001439,1704762185.9313102,ACC_000203,ACC_000350,80.37,p2m,MERCH_00009,DEV_000035,IP_000177,domestic,qr_code,0,none,scenario_b
TX_00002447,1704762841.320641,ACC_000056,ACC_000021,7340.52,p2p,None,DEV_000194,IP_000003,domestic,upi_app,1,fan_in_mule,scenario_e
TX_00002456,1704762875.3190603,ACC_000395,ACC_000021,11334.74,p2p,None,DEV_000129,IP_000124,domestic,upi_app,1,fan_in_mule,scenario_e
TX_00002454,1704763164.0560527,ACC_000389,ACC_000021,9298.31,p2p,None,DEV_000358,IP_000175,domestic,upi_app,1,fan_in_mule,scenario_e
TX_00002448,1704763305.0989554,ACC_000384,ACC_000021,13956.34,p2p,None,DEV_000228,IP_000086,domestic,upi_app,1,fan_in_mule,scenario_e
TX_00002450,1704763742.7664814,ACC_000406,ACC_000021,8356.69,p2p,None,DEV_000332,IP_000055,domestic,upi_app,1,fan_in_mule,scenario_e
TX_00002449,1704763786.1547756,ACC_000064,ACC_000021,13342.57,p2p,None,DEV_000203,IP_000056,domestic,upi_app,1,fan_in_mule,scenario_e
TX_00002451,1704764349.0066242,ACC_000449,ACC_000021,4499.75,p2p,None,DEV_000062,IP_000113,domestic,upi_app,1,fan_in_mule,scenario_e
TX_00002455,1704764947.729137,ACC_000053,ACC_000021,6258.96,p2p,None,DEV_000068,IP_000027,domestic,upi_app,1,fan_in_mule,scenario_e
TX_00002453,1704765350.6731925,ACC_000162,ACC_000021,8103.09,p2p,None,DEV_000143,IP_000195,domestic,upi_app,1,fan_in_mule,scenario_e
TX_00002452,1704765406.0407186,ACC_000431,ACC_000021,4624.88,p2p,None,DEV_000330,IP_000060,domestic,upi_app,1,fan_in_mule,scenario_e
TX_00001817,1704770401.5604672,ACC_000245,ACC_000483,124.34,p2m,MERCH_00036,DEV_000001,IP_000091,domestic,qr_code,0,none,scenario_b
TX_00000523,1704770692.2969377,ACC_000264,ACC_000359,606.1,p2p,None,DEV_000136,IP_000084,domestic,upi_app,0,none,scenario_a
TX_00000634,1704773339.8769567,ACC_000447,ACC_000384,1286.65,p2p,None,DEV_000141,IP_000001,domestic,web,0,none,scenario_a
TX_00001371,1704774229.1240056,ACC_000056,ACC_000377,173.6,p2m,MERCH_00037,DEV_000116,IP_000217,domestic,qr_code,0,none,scenario_b
TX_00000683,1704775229.3619356,ACC_000275,ACC_000288,1975.79,p2p,None,DEV_000388,IP_000019,domestic,upi_app,0,none,scenario_a
TX_00001237,1704776699.4106064,ACC_000192,ACC_000186,110.8,p2m,MERCH_00041,DEV_000350,IP_000055,domestic,qr_code,0,none,scenario_b
TX_00001841,1704776920.0115771,ACC_000384,ACC_000029,121.2,p2m,MERCH_00042,DEV_000268,IP_000282,domestic,qr_code,0,none,scenario_b
TX_00001516,1704779632.1592178,ACC_000336,ACC_000041,2000.0,merchant_settlement,MERCH_00001,DEV_000212,IP_000142,domestic,web,0,none,scenario_b
TX_00000471,1704784757.7522085,ACC_000316,ACC_000384,704.01,p2p,None,DEV_000108,IP_000038,domestic,upi_app,0,none,scenario_a
TX_00000953,1704785383.2598915,ACC_000428,ACC_000397,448.64,p2p,None,DEV_000211,IP_000008,domestic,upi_app,0,none,scenario_a
TX_00002592,1704787282.2788692,ACC_000285,ACC_000413,7797.39,intermediary_transfer,None,DEV_000035,IP_000012,domestic,upi_app,1,fan_out_mule,scenario_f
TX_00002587,1704787594.985577,ACC_000285,ACC_000136,9493.42,intermediary_transfer,None,DEV_000035,IP_000012,domestic,upi_app,1,fan_out_mule,scenario_f
TX_00000294,1704788088.5545685,ACC_000225,ACC_000346,323.21,p2p,None,DEV_000304,IP_000053,domestic,qr_code,0,none,scenario_a
TX_00002596,1704788238.8174322,ACC_000285,ACC_000409,6143.49,intermediary_transfer,None,DEV_000035,IP_000012,domestic,upi_app,1,fan_out_mule,scenario_f
TX_00002595,1704788284.3657076,ACC_000285,ACC_000067,6843.75,intermediary_transfer,None,DEV_000035,IP_000012,domestic,upi_app,1,fan_out_mule,scenario_f
TX_00002591,1704788351.8889046,ACC_000285,ACC_000492,6660.29,intermediary_transfer,None,DEV_000035,IP_000012,domestic,upi_app,1,fan_out_mule,scenario_f
TX_00002590,1704788744.130182,ACC_000285,ACC_000194,5661.17,intermediary_transfer,None,DEV_000035,IP_000012,domestic,upi_app,1,fan_out_mule,scenario_f
TX_00000097,1704788754.99664,ACC_000454,ACC_000492,1650.51,p2p,None,DEV_000086,IP_000154,domestic,web,0,none,scenario_a
TX_00000035,1704788760.2573793,ACC_000396,ACC_000425,856.79,p2p,None,DEV_000019,IP_000002,domestic,web,0,none,scenario_a
TX_00002588,1704788774.4424517,ACC_000285,ACC_000334,5546.58,intermediary_transfer,None,DEV_000035,IP_000012,domestic,upi_app,1,fan_out_mule,scenario_f
TX_00002593,1704788798.8169096,ACC_000285,ACC_000388,6708.26,intermediary_transfer,None,DEV_000035,IP_000012,domestic,upi_app,1,fan_out_mule,scenario_f
TX_00002589,1704788806.450305,ACC_000285,ACC_000350,2773.1,intermediary_transfer,None,DEV_000035,IP_000012,domestic,upi_app,1,fan_out_mule,scenario_f
TX_00002594,1704788877.3769422,ACC_000285,ACC_000105,9170.93,intermediary_transfer,None,DEV_000035,IP_000012,domestic,upi_app,1,fan_out_mule,scenario_f
TX_00002297,1704789453.3400862,ACC_000092,ACC_000134,78705.15,intermediary_transfer,None,DEV_000073,IP_000199,domestic,upi_app,1,basic_mule,scenario_d
TX_00002298,1704790803.660951,ACC_000134,ACC_000379,75556.94,intermediary_transfer,None,DEV_000030,IP_000021,domestic,upi_app,1,basic_mule,scenario_d
TX_00001208,1704791194.2786536,ACC_000009,ACC_000302,4523.94,merchant_settlement,MERCH_00019,DEV_000061,IP_000134,domestic,web,0,none,scenario_b
TX_00001593,1704791361.6167197,ACC_000193,ACC_000085,296.67,p2m,MERCH_00007,DEV_000225,IP_000213,domestic,qr_code,0,none,scenario_b
TX_00002299,1704792931.9962757,ACC_000379,ACC_000320,72408.74,intermediary_transfer,None,DEV_000030,IP_000021,domestic,upi_app,1,basic_mule,scenario_d
TX_00001810,1704793028.4569762,ACC_000061,ACC_000483,85.22,p2m,MERCH_00036,DEV_000308,IP_000155,domestic,qr_code,0,none,scenario_b
TX_00002300,1704794985.0137167,ACC_000320,ACC_000013,69260.53,atm_cashout,None,DEV_000030,IP_000021,domestic,upi_app,1,basic_mule,scenario_d
TX_00000876,1704795896.5264852,ACC_000434,ACC_000108,2010.25,p2p,None,DEV_000389,IP_000135,domestic,web,0,none,scenario_a
TX_00001142,1704797635.7407908,ACC_000347,ACC_000135,208.95,p2m,MERCH_00028,DEV_000102,IP_000062,domestic,qr_code,0,none,scenario_b
TX_00000282,1704797760.0162795,ACC_000352,ACC_000351,317.73,p2p,None,DEV_000116,IP_000058,domestic,qr_code,0,none,scenario_a
TX_00000390,1704798072.9144087,ACC_000038,ACC_000300,390.7,p2p,None,DEV_000394,IP_000197,domestic,qr_code,0,none,scenario_a
TX_00001622,1704798400.364496,ACC_000085,ACC_000091,2000.0,merchant_settlement,MERCH_00007,DEV_000079,IP_000194,domestic,web,0,none,scenario_b
TX_00001197,1704799334.063956,ACC_000063,ACC_000009,65.35,p2m,MERCH_00019,DEV_000038,IP_000130,domestic,qr_code,0,none,scenario_b
TX_00001709,1704799926.6100152,ACC_000484,ACC_000111,67.5,p2m,MERCH_00011,DEV_000316,IP_000167,domestic,qr_code,0,none,scenario_b
TX_00001511,1704800346.8294241,ACC_000148,ACC_000336,147.6,p2m,MERCH_00001,DEV_000001,IP_000055,domestic,qr_code,0,none,scenario_b
TX_00000414,1704802384.4545586,ACC_000282,ACC_000280,2683.55,p2p,None,DEV_000234,IP_000259,domestic,web,0,none,scenario_a
TX_00000607,1704802645.3597598,ACC_000328,ACC_000242,410.06,p2p,None,DEV_000100,IP_000145,domestic,web,0,none,scenario_a
TX_00000706,1704804547.8155973,ACC_000453,ACC_000155,859.4,p2p,None,DEV_000195,IP_000285,domestic,qr_code,0,none,scenario_a
TX_00000247,1704805148.4380636,ACC_000017,ACC_000223,254.13,p2p,None,DEV_000056,IP_000081,domestic,upi_app,0,none,scenario_a
TX_00001753,1704805176.2468863,ACC_000339,ACC_000425,471.13,p2m,MERCH_00017,DEV_000030,IP_000105,domestic,qr_code,0,none,scenario_b
TX_00001395,1704805272.7123692,ACC_000264,ACC_000377,209.69,p2m,MERCH_00037,DEV_000290,IP_000245,domestic,qr_code,0,none,scenario_b
TX_00001684,1704806890.6451356,ACC_000164,ACC_000111,32.39,p2m,MERCH_00011,DEV_000364,IP_000183,domestic,qr_code,0,none,scenario_b
TX_00000596,1704807039.1753933,ACC_000409,ACC_000061,322.09,p2p,None,DEV_000157,IP_000001,domestic,upi_app,0,none,scenario_a
TX_00000117,1704808800.3978593,ACC_000439,ACC_000355,1679.09,p2p,None,DEV_000064,IP_000010,domestic,qr_code,0,none,scenario_a
TX_00001332,1704810440.2529705,ACC_000106,ACC_000099,128.32,p2m,MERCH_00044,DEV_000243,IP_000283,domestic,qr_code,0,none,scenario_b
TX_00001780,1704812336.5709276,ACC_000425,ACC_000150,2000.0,merchant_settlement,MERCH_00017,DEV_000130,IP_000194,domestic,web,0,none,scenario_b
TX_00002711,1704814627.8036673,ACC_000498,ACC_000353,25000.0,intermediary_transfer,None,DEV_000220,IP_000173,domestic,upi_app,1,layered_mule,scenario_g
TX_00002712,1704814927.8036673,ACC_000152,ACC_000287,30000.0,intermediary_transfer,None,DEV_000374,IP_000121,domestic,upi_app,1,layered_mule,scenario_g
TX_00002713,1704815827.8036673,ACC_000353,ACC_000495,23500.0,intermediary_transfer,None,DEV_000021,IP_000021,domestic,upi_app,1,layered_mule,scenario_g
TX_00002714,1704816127.8036673,ACC_000287,ACC_000495,28000.0,intermediary_transfer,None,DEV_000021,IP_000021,domestic,upi_app,1,layered_mule,scenario_g
TX_00000959,1704816284.3110414,ACC_000189,ACC_000047,1709.53,p2p,None,DEV_000299,IP_000205,domestic,web,0,none,scenario_a
TX_00000346,1704817202.8233428,ACC_000376,ACC_000385,4753.3,p2p,None,DEV_000097,IP_000191,domestic,upi_app,0,none,scenario_a
TX_00000903,1704817701.2558389,ACC_000273,ACC_000248,676.58,p2p,None,DEV_000294,IP_000143,domestic,web,0,none,scenario_a
TX_00001804,1704818216.6775715,ACC_000211,ACC_000483,157.32,p2m,MERCH_00036,DEV_000272,IP_000262,domestic,qr_code,0,none,scenario_b
TX_00002715,1704818227.8036673,ACC_000495,ACC_000075,25000.0,intermediary_transfer,None,DEV_000021,IP_000021,domestic,upi_app,1,layered_mule,scenario_g
TX_00001046,1704818476.607408,ACC_000340,ACC_000170,855.49,p2p,None,DEV_000113,IP_000158,domestic,qr_code,0,none,scenario_a
TX_00002716,1704818627.8036673,ACC_000495,ACC_000084,24000.0,intermediary_transfer,None,DEV_000021,IP_000021,domestic,upi_app,1,layered_mule,scenario_g
TX_00000784,1704818926.7687314,ACC_000351,ACC_000421,1222.83,p2p,None,DEV_000205,IP_000211,domestic,upi_app,0,none,scenario_a
TX_00001083,1704821775.7273667,ACC_000088,ACC_000475,677.17,p2p,None,DEV_000010,IP_000236,domestic,upi_app,0,none,scenario_a
TX_00000472,1704823741.1175919,ACC_000401,ACC_000467,169.57,p2p,None,DEV_000116,IP_000023,domestic,web,0,none,scenario_a
TX_00001712,1704825234.3320165,ACC_000085,ACC_000111,377.53,p2m,MERCH_00011,DEV_000141,IP_000215,domestic,qr_code,0,none,scenario_b
TX_00001160,1704825480.0977416,ACC_000329,ACC_000009,44.4,p2m,MERCH_00019,DEV_000375,IP_000156,domestic,qr_code,0,none,scenario_b
TX_00000197,1704825539.9625604,ACC_000335,ACC_000095,1233.03,p2p,None,DEV_000271,IP_000299,domestic,qr_code,0,none,scenario_a
TX_00001579,1704826220.8914068,ACC_000398,ACC_000085,80.56,p2m,MERCH_00007,DEV_000078,IP_000022,domestic,qr_code,0,none,scenario_b
TX_00002337,1704826912.0524318,ACC_000285,ACC_000237,39325.2,intermediary_transfer,None,DEV_000132,IP_000184,domestic,upi_app,1,basic_mule,scenario_d
TX_00001617,1704826974.7644844,ACC_000263,ACC_000085,122.04,p2m,MERCH_00007,DEV_000233,IP_000167,domestic,qr_code,0,none,scenario_b
TX_00002338,1704827624.7398505,ACC_000237,ACC_000340,37752.2,intermediary_transfer,None,DEV_000007,IP_000028,domestic,upi_app,1,basic_mule,scenario_d
TX_00000654,1704827875.6351054,ACC_000091,ACC_000478,1089.21,p2p,None,DEV_000216,IP_000012,domestic,upi_app,0,none,scenario_a
TX_00002339,1704827971.610236,ACC_000340,ACC_000248,36179.19,intermediary_transfer,None,DEV_000007,IP_000028,domestic,upi_app,1,basic_mule,scenario_d
TX_00001162,1704828232.2054164,ACC_000282,ACC_000009,320.62,p2m,MERCH_00019,DEV_000295,IP_000149,domestic,qr_code,0,none,scenario_b
TX_00000483,1704828687.5340397,ACC_000460,ACC_000272,800.16,p2p,None,DEV_000369,IP_000019,domestic,upi_app,0,none,scenario_a
TX_00001020,1704829352.3607986,ACC_000336,ACC_000022,656.64,p2p,None,DEV_000230,IP_000139,domestic,qr_code,0,none,scenario_a
TX_00002340,1704829906.039095,ACC_000248,ACC_000372,34606.18,atm_cashout,None,DEV_000007,IP_000028,domestic,upi_app,1,basic_mule,scenario_d
TX_00000476,1704830494.2000902,ACC_000007,ACC_000234,931.03,p2p,None,DEV_000225,IP_000001,domestic,upi_app,0,none,scenario_a
TX_00000440,1704830888.651744,ACC_000282,ACC_000418,822.56,p2p,None,DEV_000128,IP_000179,domestic,web,0,none,scenario_a
TX_00000965,1704831895.9742637,ACC_000253,ACC_000459,353.78,p2p,None,DEV_000364,IP_000145,domestic,upi_app,0,none,scenario_a
TX_00001287,1704832859.3918588,ACC_000012,ACC_000035,227.28,p2m,MERCH_00005,DEV_000331,IP_000217,domestic,qr_code,0,none,scenario_b
TX_00001174,1704832895.3543763,ACC_000393,ACC_000009,96.18,p2m,MERCH_00019,DEV_000359,IP_000148,domestic,qr_code,0,none,scenario_b
TX_00000449,1704835000.1316915,ACC_000056,ACC_000407,343.41,p2p,None,DEV_000098,IP_000129,domestic,qr_code,0,none,scenario_a
TX_00000401,1704835876.519,ACC_000206,ACC_000135,1098.49,p2p,None,DEV_000226,IP_000058,domestic,upi_app,0,none,scenario_a
TX_00001420,1704838823.859595,ACC_000179,ACC_000350,43.01,p2m,MERCH_00009,DEV_000325,IP_000097,domestic,qr_code,0,none,scenario_b
TX_00001313,1704840756.4171667,ACC_000035,ACC_000303,2441.77,merchant_settlement,MERCH_00005,DEV_000073,IP_000113,domestic,web,0,none,scenario_b
TX_00001816,1704849241.8898637,ACC_000306,ACC_000483,161.88,p2m,MERCH_00036,DEV_000120,IP_000146,domestic,qr_code,0,none,scenario_b
TX_00001563,1704850012.5326355,ACC_000255,ACC_000400,146.99,p2m,MERCH_00003,DEV_000233,IP_000054,domestic,qr_code,0,none,scenario_b
TX_00001424,1704850060.2879624,ACC_000063,ACC_000350,175.89,p2m,MERCH_00009,DEV_000116,IP_000003,domestic,qr_code,0,none,scenario_b
TX_00001443,1704857278.9527228,ACC_000056,ACC_000350,649.94,p2m,MERCH_00009,DEV_000379,IP_000054,domestic,qr_code,0,none,scenario_b
TX_00001253,1704858156.3967855,ACC_000412,ACC_000186,84.28,p2m,MERCH_00041,DEV_000353,IP_000275,domestic,qr_code,0,none,scenario_b
TX_00001471,1704858321.0596628,ACC_000142,ACC_000336,147.45,p2m,MERCH_00001,DEV_000199,IP_000017,domestic,qr_code,0,none,scenario_b
TX_00001461,1704861788.194744,ACC_000448,ACC_000350,73.73,p2m,MERCH_00009,DEV_000126,IP_000029,domestic,qr_code,0,none,scenario_b
TX_00000493,1704865657.9543717,ACC_000359,ACC_000169,287.65,p2p,None,DEV_000215,IP_000170,domestic,upi_app,0,none,scenario_a
TX_00000552,1704867116.0784142,ACC_000224,ACC_000229,598.32,p2p,None,DEV_000310,IP_000053,domestic,upi_app,0,none,scenario_a
TX_00001373,1704867297.5482197,ACC_000294,ACC_000377,70.73,p2m,MERCH_00037,DEV_000314,IP_000059,domestic,qr_code,0,none,scenario_b
TX_00001388,1704869028.3020313,ACC_000177,ACC_000377,258.45,p2m,MERCH_00037,DEV_000291,IP_000049,domestic,qr_code,0,none,scenario_b
TX_00001506,1704869870.5384378,ACC_000064,ACC_000336,143.2,p2m,MERCH_00001,DEV_000242,IP_000289,domestic,qr_code,0,none,scenario_b
TX_00000988,1704870057.5352976,ACC_000282,ACC_000400,671.09,p2p,None,DEV_000085,IP_000251,domestic,web,0,none,scenario_a
TX_00000257,1704870650.6488662,ACC_000357,ACC_000340,1476.23,p2p,None,DEV_000286,IP_000138,domestic,web,0,none,scenario_a
TX_00000832,1704870898.6569102,ACC_000338,ACC_000329,592.97,p2p,None,DEV_000015,IP_000104,domestic,upi_app,0,none,scenario_a
TX_00000730,1704871983.220822,ACC_000373,ACC_000410,320.65,p2p,None,DEV_000099,IP_000013,domestic,upi_app,0,none,scenario_a
TX_00000533,1704872378.4531875,ACC_000161,ACC_000029,3165.64,p2p,None,DEV_000027,IP_000262,domestic,web,0,none,scenario_a
TX_00001202,1704876021.3743143,ACC_000009,ACC_000274,2000.0,merchant_settlement,MERCH_00019,DEV_000072,IP_000016,domestic,web,0,none,scenario_b
TX_00001644,1704876988.3291736,ACC_000052,ACC_000269,179.7,p2m,MERCH_00021,DEV_000274,IP_000120,domestic,qr_code,0,none,scenario_b
TX_00002759,1704877216.8450398,ACC_000405,ACC_000172,25000.0,intermediary_transfer,None,DEV_000290,IP_000023,domestic,upi_app,1,layered_mule,scenario_g
TX_00002760,1704877516.8450398,ACC_000123,ACC_000223,30000.0,intermediary_transfer,None,DEV_000147,IP_000261,domestic,upi_app,1,layered_mule,scenario_g
TX_00002761,1704878416.8450398,ACC_000172,ACC_000048,23500.0,intermediary_transfer,None,DEV_000018,IP_000028,domestic,upi_app,1,layered_mule,scenario_g
TX_00002762,1704878716.8450398,ACC_000223,ACC_000048,28000.0,intermediary_transfer,None,DEV_000018,IP_000028,domestic,upi_app,1,layered_mule,scenario_g
TX_00000548,1704878767.0914154,ACC_000142,ACC_000277,886.04,p2p,None,DEV_000211,IP_000070,domestic,web,0,none,scenario_a
TX_00002549,1704879475.6579206,ACC_000078,ACC_000389,2580.26,intermediary_transfer,None,DEV_000025,IP_000009,domestic,upi_app,1,fan_out_mule,scenario_f
TX_00002550,1704879633.5702264,ACC_000078,ACC_000478,2480.1,intermediary_transfer,None,DEV_000025,IP_000009,domestic,upi_app,1,fan_out_mule,scenario_f
TX_00002547,1704879760.0637064,ACC_000078,ACC_000383,9246.27,intermediary_transfer,None,DEV_000025,IP_000009,domestic,upi_app,1,fan_out_mule,scenario_f
TX_00002553,1704879950.1892066,ACC_000078,ACC_000181,6501.88,intermediary_transfer,None,DEV_000025,IP_000009,domestic,upi_app,1,fan_out_mule,scenario_f
TX_00002554,1704880099.1652591,ACC_000078,ACC_000399,5244.03,intermediary_transfer,None,DEV_000025,IP_000009,domestic,upi_app,1,fan_out_mule,scenario_f
TX_00002555,1704880102.8494833,ACC_000078,ACC_000342,4564.13,intermediary_transfer,None,DEV_000025,IP_000009,domestic,upi_app,1,fan_out_mule,scenario_f
TX_00001458,1704880115.726613,ACC_000117,ACC_000350,57.65,p2m,MERCH_00009,DEV_000225,IP_000235,domestic,qr_code,0,none,scenario_b
TX_00002552,1704880172.1241772,ACC_000078,ACC_000221,4564.79,intermediary_transfer,None,DEV_000025,IP_000009,domestic,upi_app,1,fan_out_mule,scenario_f
TX_00002548,1704880510.467971,ACC_000078,ACC_000041,3745.5,intermediary_transfer,None,DEV_000025,IP_000009,domestic,upi_app,1,fan_out_mule,scenario_f
TX_00002763,1704880816.8450398,ACC_000048,ACC_000006,25000.0,intermediary_transfer,None,DEV_000018,IP_000028,domestic,upi_app,1,layered_mule,scenario_g
TX_00002551,1704880883.1849122,ACC_000078,ACC_000128,5218.98,intermediary_transfer,None,DEV_000025,IP_000009,domestic,upi_app,1,fan_out_mule,scenario_f
TX_00002556,1704880984.074956,ACC_000078,ACC_000101,2083.38,intermediary_transfer,None,DEV_000025,IP_000009,domestic,upi_app,1,fan_out_mule,scenario_f
TX_00001018,1704881182.6058795,ACC_000462,ACC_000395,1771.0,p2p,None,DEV_000253,IP_000050,domestic,upi_app,0,none,scenario_a
TX_00002764,1704881216.8450398,ACC_000048,ACC_000241,24000.0,intermediary_transfer,None,DEV_000018,IP_000028,domestic,upi_app,1,layered_mule,scenario_g
TX_00001134,1704881589.4380968,ACC_000099,ACC_000135,426.26,p2m,MERCH_00028,DEV_000222,IP_000295,domestic,qr_code,0,none,scenario_b
TX_00001693,1704884269.0222635,ACC_000208,ACC_000111,78.6,p2m,MERCH_00011,DEV_000130,IP_000258,domestic,qr_code,0,none,scenario_b
TX_00001145,1704885411.384399,ACC_000247,ACC_000135,148.29,p2m,MERCH_00028,DEV_000376,IP_000043,domestic,qr_code,0,none,scenario_b
TX_00000328,1704886450.0383046,ACC_000033,ACC_000226,1790.6,p2p,None,DEV_000336,IP_000206,domestic,web,0,none,scenario_a
TX_00001095,1704886980.4924998,ACC_000119,ACC_000281,1068.17,p2p,None,DEV_000278,IP_000103,domestic,web,0,none,scenario_a
TX_00000374,1704887217.9551146,ACC_000186,ACC_000126,184.94,p2p,None,DEV_000073,IP_000173,domestic,web,0,none,scenario_a
TX_00002693,1704889135.7262642,ACC_000434,ACC_000209,25000.0,intermediary_transfer,None,DEV_000055,IP_000014,domestic,upi_app,1,layered_mule,scenario_g
TX_00002694,1704889435.7262642,ACC_000326,ACC_000380,30000.0,intermediary_transfer,None,DEV_000155,IP_000019,domestic,upi_app,1,layered_mule,scenario_g
TX_00000171,1704889512.446643,ACC_000239,ACC_000479,863.92,p2p,None,DEV_000374,IP_000228,domestic,qr_code,0,none,scenario_a
TX_00001687,1704889623.8857827,ACC_000114,ACC_000111,118.05,p2m,MERCH_00011,DEV_000348,IP_000275,domestic,qr_code,0,none,scenario_b
TX_00000844,1704890191.7081664,ACC_000042,ACC_000043,446.5,p2p,None,DEV_000269,IP_000169,domestic,web,0,none,scenario_a
TX_00002695,1704890335.7262642,ACC_000209,ACC_000116,23500.0,intermediary_transfer,None,DEV_000039,IP_000015,domestic,upi_app,1,layered_mule,scenario_g
TX_00002696,1704890635.7262642,ACC_000380,ACC_000116,28000.0,intermediary_transfer,None,DEV_000039,IP_000015,domestic,upi_app,1,layered_mule,scenario_g
TX_00001437,1704891220.539497,ACC_000074,ACC_000350,144.4,p2m,MERCH_00009,DEV_000058,IP_000249,domestic,qr_code,0,none,scenario_b
TX_00000849,1704891531.628418,ACC_000347,ACC_000419,1071.27,p2p,None,DEV_000264,IP_000111,domestic,web,0,none,scenario_a
TX_00000377,1704891533.2690947,ACC_000421,ACC_000107,794.4,p2p,None,DEV_000149,IP_000021,domestic,web,0,none,scenario_a
TX_00002697,1704892735.7262642,ACC_000116,ACC_000045,25000.0,intermediary_transfer,None,DEV_000039,IP_000015,domestic,upi_app,1,layered_mule,scenario_g
TX_00002698,1704893135.7262642,ACC_000116,ACC_000280,24000.0,intermediary_transfer,None,DEV_000039,IP_000015,domestic,upi_app,1,layered_mule,scenario_g
TX_00000338,1704894762.3381312,ACC_000296,ACC_000230,549.11,p2p,None,DEV_000337,IP_000160,domestic,upi_app,0,none,scenario_a
TX_00000144,1704895563.280389,ACC_000276,ACC_000269,384.26,p2p,None,DEV_000300,IP_000060,domestic,web,0,none,scenario_a
TX_00000677,1704895931.2955544,ACC_000482,ACC_000155,850.38,p2p,None,DEV_000186,IP_000187,domestic,web,0,none,scenario_a
TX_00001749,1704896051.8982182,ACC_000198,ACC_000425,179.13,p2m,MERCH_00017,DEV_000074,IP_000045,domestic,qr_code,0,none,scenario_b
TX_00000679,1704896716.619826,ACC_000234,ACC_000365,1663.69,p2p,None,DEV_000247,IP_000171,domestic,web,0,none,scenario_a
TX_00000133,1704896753.772108,ACC_000352,ACC_000244,721.65,p2p,None,DEV_000337,IP_000280,domestic,qr_code,0,none,scenario_a
TX_00000766,1704896971.583675,ACC_000242,ACC_000077,3433.89,p2p,None,DEV_000038,IP_000022,domestic,web,0,none,scenario_a
TX_00000546,1704897091.487042,ACC_000400,ACC_000415,161.26,p2p,None,DEV_000118,IP_000103,domestic,upi_app,0,none,scenario_a
TX_00000140,1704897488.8228316,ACC_000160,ACC_000159,1642.67,p2p,None,DEV_000314,IP_000204,domestic,qr_code,0,none,scenario_a
TX_00000132,1704897625.7823725,ACC_000269,ACC_000200,664.4,p2p,None,DEV_000128,IP_000256,domestic,web,0,none,scenario_a
TX_00000819,1704900051.7525587,ACC_000212,ACC_000209,642.58,p2p,None,DEV_000316,IP_000241,domestic,qr_code,0,none,scenario_a
TX_00000910,1704900083.3898098,ACC_000194,ACC_000324,1119.45,p2p,None,DEV_000323,IP_000004,domestic,upi_app,0,none,scenario_a
TX_00001038,1704900367.6324143,ACC_000382,ACC_000339,299.12,p2p,None,DEV_000248,IP_000204,domestic,upi_app,0,none,scenario_a
TX_00001126,1704901015.0597634,ACC_000070,ACC_000135,371.22,p2m,MERCH_00028,DEV_000138,IP_000203,domestic,qr_code,0,none,scenario_b
TX_00000109,1704903894.2913303,ACC_000287,ACC_000467,449.53,p2p,None,DEV_000065,IP_000092,domestic,qr_code,0,none,scenario_a
TX_00000614,1704904263.5951824,ACC_000080,ACC_000122,331.52,p2p,None,DEV_000181,IP_000002,domestic,web,0,none,scenario_a
TX_00001942,1704905564.3735363,ACC_000216,ACC_000135,3417.26,p2m,MERCH_00028,DEV_000083,IP_000233,domestic,pos,0,none,scenario_c
TX_00001923,1704905693.461287,ACC_000005,ACC_000135,3995.35,p2m,MERCH_00028,DEV_000135,IP_000179,domestic,pos,0,none,scenario_c
TX_00001886,1704905944.740918,ACC_000138,ACC_000135,3632.47,p2m,MERCH_00028,DEV_000119,IP_000276,domestic,pos,0,none,scenario_c
TX_00001937,1704905974.1199799,ACC_000269,ACC_000135,902.64,p2m,MERCH_00028,DEV_000164,IP_000073,domestic,pos,0,none,scenario_c
TX_00001911,1704905978.875978,ACC_000256,ACC_000135,2360.11,p2m,MERCH_00028,DEV_000341,IP_000037,domestic,pos,0,none,scenario_c
TX_00001906,1704906010.6335306,ACC_000466,ACC_000135,890.87,p2m,MERCH_00028,DEV_000098,IP_000282,domestic,pos,0,none,scenario_c
TX_00000964,1704906019.5564687,ACC_000370,ACC_000155,654.74,p2p,None,DEV_000001,IP_000082,domestic,upi_app,0,none,scenario_a
TX_00001917,1704906026.1103067,ACC_000085,ACC_000135,445.32,p2m,MERCH_00028,DEV_000089,IP_000182,domestic,pos,0,none,scenario_c
TX_00001919,1704906291.1023703,ACC_000188,ACC_000135,434.54,p2m,MERCH_00028,DEV_000072,IP_000014,domestic,pos,0,none,scenario_c
TX_00001922,1704906304.2814667,ACC_000378,ACC_000135,502.32,p2m,MERCH_00028,DEV_000391,IP_000037,domestic,pos,0,none,scenario_c
TX_00001913,1704906337.5578163,ACC_000119,ACC_000135,7728.8,p2m,MERCH_00028,DEV_000160,IP_000163,domestic,pos,0,none,scenario_c
TX_00001941,1704906423.088734,ACC_000330,ACC_000135,1274.73,p2m,MERCH_00028,DEV_000078,IP_000229,domestic,pos,0,none,scenario_c
TX_00001945,1704906507.4804316,ACC_000387,ACC_000135,5701.03,p2m,MERCH_00028,DEV_000032,IP_000031,domestic,pos,0,none,scenario_c
TX_00001924,1704906508.2689846,ACC_000272,ACC_000135,870.18,p2m,MERCH_00028,DEV_000319,IP_000108,domestic,pos,0,none,scenario_c
TX_00001893,1704906511.173503,ACC_000288,ACC_000135,792.78,p2m,MERCH_00028,DEV_000140,IP_000002,domestic,pos,0,none,scenario_c
TX_00001938,1704906835.0280132,ACC_000150,ACC_000135,1477.74,p2m,MERCH_00028,DEV_000073,IP_000240,domestic,pos,0,none,scenario_c
TX_00001887,1704907017.9793174,ACC_000236,ACC_000135,1946.56,p2m,MERCH_00028,DEV_000065,IP_000280,domestic,pos,0,none,scenario_c
TX_00001946,1704907198.5115652,ACC_000498,ACC_000135,603.59,p2m,MERCH_00028,DEV_000096,IP_000237,domestic,pos,0,none,scenario_c
TX_00001904,1704907224.9738863,ACC_000024,ACC_000135,1089.67,p2m,MERCH_00028,DEV_000130,IP_000021,domestic,pos,0,none,scenario_c
TX_00001897,1704907245.123587,ACC_000244,ACC_000135,4709.23,p2m,MERCH_00028,DEV_000192,IP_000086,domestic,pos,0,none,scenario_c
TX_00001948,1704907522.1917486,ACC_000298,ACC_000135,445.92,p2m,MERCH_00028,DEV_000180,IP_000166,domestic,pos,0,none,scenario_c
TX_00001943,1704907679.33613,ACC_000122,ACC_000135,1425.51,p2m,MERCH_00028,DEV_000378,IP_000216,domestic,pos,0,none,scenario_c
TX_00001903,1704907802.8606188,ACC_000118,ACC_000135,2796.2,p2m,MERCH_00028,DEV_000025,IP_000236,domestic,pos,0,none,scenario_c
TX_00001910,1704907826.5524054,ACC_000204,ACC_000135,17220.41,p2m,MERCH_00028,DEV_000181,IP_000104,domestic,pos,0,none,scenario_c
TX_00001944,1704908012.8268273,ACC_000450,ACC_000135,1784.68,p2m,MERCH_00028,DEV_000118,IP_000243,domestic,pos,0,none,scenario_c
TX_00001902,1704908373.0016394,ACC_000002,ACC_000135,2337.68,p2m,MERCH_00028,DEV_000194,IP_000064,domestic,pos,0,none,scenario_c
TX_00001921,1704908471.8427517,ACC_000296,ACC_000135,2594.04,p2m,MERCH_00028,DEV_000354,IP_000119,domestic,pos,0,none,scenario_c
TX_00001909,1704908511.7630074,ACC_000317,ACC_000135,1493.83,p2m,MERCH_00028,DEV_000251,IP_000160,domestic,pos,0,none,scenario_c
TX_00001890,1704908680.4167438,ACC_000221,ACC_000135,1214.63,p2m,MERCH_00028,DEV_000136,IP_000170,domestic,pos,0,none,scenario_c
TX_00001550,1704908772.7170622,ACC_000087,ACC_000400,298.09,p2m,MERCH_00003,DEV_000106,IP_000280,domestic,qr_code,0,none,scenario_b
TX_00001928,1704908801.2123964,ACC_000447,ACC_000135,937.86,p2m,MERCH_00028,DEV_000325,IP_000097,domestic,pos,0,none,scenario_c
TX_00001892,1704908981.5159178,ACC_000013,ACC_000135,2776.82,p2m,MERCH_00028,DEV_000379,IP_000286,domestic,pos,0,none,scenario_c
TX_00001895,1704909200.78606,ACC_000094,ACC_000135,4842.68,p2m,MERCH_00028,DEV_000384,IP_000195,domestic,pos,0,none,scenario_c
TX_00001933,1704909231.1636655,ACC_000095,ACC_000135,323.85,p2m,MERCH_00028,DEV_000183,IP_000224,domestic,pos,0,none,scenario_c
TX_00001935,1704909373.3287306,ACC_000298,ACC_000135,1742.58,p2m,MERCH_00028,DEV_000334,IP_000266,domestic,pos,0,none,scenario_c
TX_00001926,1704909463.3330252,ACC_000255,ACC_000135,3891.05,p2m,MERCH_00028,DEV_000040,IP_000089,domestic,pos,0,none,scenario_c
TX_00001901,1704909617.4520533,ACC_000482,ACC_000135,8308.09,p2m,MERCH_00028,DEV_000043,IP_000299,domestic,pos,0,none,scenario_c
TX_00001929,1704909631.9221573,ACC_000446,ACC_000135,4284.92,p2m,MERCH_00028,DEV_000079,IP_000080,domestic,pos,0,none,scenario_c
TX_00001888,1704909632.0483038,ACC_000259,ACC_000135,3732.67,p2m,MERCH_00028,DEV_000027,IP_000200,domestic,pos,0,none,scenario_c
TX_00001891,1704909822.5972512,ACC_000012,ACC_000135,1288.51,p2m,MERCH_00028,DEV_000287,IP_000108,domestic,pos,0,none,scenario_c
TX_00000991,1704909962.3171587,ACC_000288,ACC_000197,248.92,p2p,None,DEV_000251,IP_000226,domestic,web,0,none,scenario_a
TX_00001896,1704910296.2071736,ACC_000423,ACC_000135,605.34,p2m,MERCH_00028,DEV_000070,IP_000102,domestic,pos,0,none,scenario_c
TX_00001907,1704910457.5252514,ACC_000105,ACC_000135,4801.84,p2m,MERCH_00028,DEV_000191,IP_000080,domestic,pos,0,none,scenario_c
TX_00001151,1704910555.8595388,ACC_000135,ACC_000144,2225.98,merchant_settlement,MERCH_00028,DEV_000092,IP_000261,domestic,web,0,none,scenario_b
TX_00001918,1704910848.2452767,ACC_000271,ACC_000135,1264.69,p2m,MERCH_00028,DEV_000275,IP_000152,domestic,pos,0,none,scenario_c
TX_00001022,1704910943.5631976,ACC_000015,ACC_000084,1190.03,p2p,None,DEV_000307,IP_000128,domestic,qr_code,0,none,scenario_a
TX_00000019,1704910986.026014,ACC_000424,ACC_000219,594.29,p2p,None,DEV_000043,IP_000199,domestic,qr_code,0,none,scenario_a
TX_00001898,1704911064.7627096,ACC_000245,ACC_000135,1958.76,p2m,MERCH_00028,DEV_000305,IP_000276,domestic,pos,0,none,scenario_c
TX_00001889,1704911067.394504,ACC_000005,ACC_000135,6577.47,p2m,MERCH_00028,DEV_000080,IP_000152,domestic,pos,0,none,scenario_c
TX_00001939,1704911216.2775178,ACC_000215,ACC_000135,983.88,p2m,MERCH_00028,DEV_000302,IP_000256,domestic,pos,0,none,scenario_c
TX_00001925,1704911410.512921,ACC_000171,ACC_000135,1452.98,p2m,MERCH_00028,DEV_000326,IP_000285,domestic,pos,0,none,scenario_c
TX_00001908,1704911724.6061203,ACC_000302,ACC_000135,946.78,p2m,MERCH_00028,DEV_000344,IP_000026,domestic,pos,0,none,scenario_c
TX_00001912,1704912258.8501897,ACC_000163,ACC_000135,536.98,p2m,MERCH_00028,DEV_000100,IP_000056,domestic,pos,0,none,scenario_c
TX_00001900,1704912317.5911036,ACC_000051,ACC_000135,448.49,p2m,MERCH_00028,DEV_000207,IP_000161,domestic,pos,0,none,scenario_c
TX_00001914,1704912450.795047,ACC_000190,ACC_000135,606.36,p2m,MERCH_00028,DEV_000246,IP_000294,domestic,pos,0,none,scenario_c
TX_00001931,1704912645.329366,ACC_000333,ACC_000135,9284.51,p2m,MERCH_00028,DEV_000261,IP_000222,domestic,pos,0,none,scenario_c
TX_00001905,1704913536.2999055,ACC_000347,ACC_000135,699.48,p2m,MERCH_00028,DEV_000266,IP_000054,domestic,pos,0,none,scenario_c
TX_00000046,1704913649.3785975,ACC_000365,ACC_000166,801.35,p2p,None,DEV_000063,IP_000288,domestic,upi_app,0,none,scenario_a
TX_00001947,1704914520.7662816,ACC_000125,ACC_000135,1669.62,p2m,MERCH_00028,DEV_000084,IP_000070,domestic,pos,0,none,scenario_c
TX_00001932,1704914777.520329,ACC_000493,ACC_000135,2177.74,p2m,MERCH_00028,DEV_000279,IP_000265,domestic,pos,0,none,scenario_c
TX_00001915,1704915440.436699,ACC_000497,ACC_000135,2822.21,p2m,MERCH_00028,DEV_000299,IP_000109,domestic,pos,0,none,scenario_c
TX_00001894,1704915453.1044207,ACC_000009,ACC_000135,552.69,p2m,MERCH_00028,DEV_000252,IP_000045,domestic,pos,0,none,scenario_c
TX_00001936,1704916309.465877,ACC_000192,ACC_000135,1246.14,p2m,MERCH_00028,DEV_000257,IP_000063,domestic,pos,0,none,scenario_c
TX_00000525,1704916347.1987617,ACC_000289,ACC_000479,555.32,p2p,None,DEV_000169,IP_000149,domestic,qr_code,0,none,scenario_a
TX_00001927,1704917256.1559446,ACC_000140,ACC_000135,1069.47,p2m,MERCH_00028,DEV_000088,IP_000185,domestic,pos,0,none,scenario_c
TX_00000499,1704918312.2706532,ACC_000170,ACC_000132,1466.43,p2p,None,DEV_000339,IP_000055,domestic,upi_app,0,none,scenario_a
TX_00001920,1704919419.4281502,ACC_000354,ACC_000135,808.99,p2m,MERCH_00028,DEV_000248,IP_000130,domestic,pos,0,none,scenario_c
TX_00001899,1704919786.1217833,ACC_000370,ACC_000135,2392.48,p2m,MERCH_00028,DEV_000283,IP_000183,domestic,pos,0,none,scenario_c
TX_00000976,1704920030.634665,ACC_000311,ACC_000025,1317.37,p2p,None,DEV_000291,IP_000108,domestic,upi_app,0,none,scenario_a
TX_00001934,1704920633.9528606,ACC_000270,ACC_000135,887.65,p2m,MERCH_00028,DEV_000286,IP_000085,domestic,pos,0,none,scenario_c
TX_00000961,1704922725.0871396,ACC_000277,ACC_000272,571.66,p2p,None,DEV_000248,IP_000173,domestic,qr_code,0,none,scenario_a
TX_00001916,1704927257.665737,ACC_000362,ACC_000135,2264.19,p2m,MERCH_00028,DEV_000231,IP_000250,domestic,pos,0,none,scenario_c
TX_00001930,1704930408.5937052,ACC_000175,ACC_000135,2739.97,p2m,MERCH_00028,DEV_000394,IP_000188,domestic,pos,0,none,scenario_c
TX_00001386,1704935165.9158604,ACC_000407,ACC_000377,420.95,p2m,MERCH_00037,DEV_000158,IP_000087,domestic,qr_code,0,none,scenario_b
TX_00001213,1704936965.5515957,ACC_000277,ACC_000186,124.48,p2m,MERCH_00041,DEV_000399,IP_000038,domestic,qr_code,0,none,scenario_b
TX_00001574,1704937325.2324831,ACC_000408,ACC_000085,161.66,p2m,MERCH_00007,DEV_000346,IP_000080,domestic,qr_code,0,none,scenario_b
TX_00001940,1704939944.2914112,ACC_000451,ACC_000135,5472.54,p2m,MERCH_00028,DEV_000177,IP_000226,domestic,pos,0,none,scenario_c
TX_00001783,1704940467.517886,ACC_000339,ACC_000483,196.49,p2m,MERCH_00036,DEV_000067,IP_000124,domestic,qr_code,0,none,scenario_b
TX_00001196,1704940492.1025715,ACC_000470,ACC_000009,163.26,p2m,MERCH_00019,DEV_000379,IP_000232,domestic,qr_code,0,none,scenario_b
TX_00001847,1704940755.5049438,ACC_000040,ACC_000029,120.88,p2m,MERCH_00042,DEV_000343,IP_000097,domestic,qr_code,0,none,scenario_b
TX_00001666,1704942872.820051,ACC_000265,ACC_000269,83.17,p2m,MERCH_00021,DEV_000354,IP_000081,domestic,qr_code,0,none,scenario_b
TX_00001674,1704945437.815017,ACC_000269,ACC_000403,2353.04,merchant_settlement,MERCH_00021,DEV_000014,IP_000265,domestic,web,0,none,scenario_b
TX_00000541,1704946327.6034575,ACC_000132,ACC_000259,467.09,p2p,None,DEV_000062,IP_000254,domestic,qr_code,0,none,scenario_a
TX_00000843,1704947775.517471,ACC_000069,ACC_000012,1281.1,p2p,None,DEV_000332,IP_000271,domestic,web,0,none,scenario_a
TX_00002779,1704948840.8433397,ACC_000327,ACC_000422,40000.0,p2p,None,DEV_000084,IP_000231,domestic,upi_app,1,camouflage_mule,scenario_h
TX_00001432,1704948845.1341166,ACC_000448,ACC_000350,109.56,p2m,MERCH_00009,DEV_000177,IP_000105,domestic,qr_code,0,none,scenario_b
TX_00002780,1704949140.8433397,ACC_000422,ACC_000350,406.24,p2m,MERCH_00009,DEV_000061,IP_000174,domestic,qr_code,1,camouflage_mule,scenario_h
TX_00002781,1704949440.8433397,ACC_000422,ACC_000350,139.64,p2m,MERCH_00009,DEV_000370,IP_000091,domestic,qr_code,1,camouflage_mule,scenario_h
TX_00002782,1704950640.8433397,ACC_000422,ACC_000455,38500.0,intermediary_transfer,None,DEV_000296,IP_000257,domestic,upi_app,1,camouflage_mule,scenario_h
TX_00001074,1704950924.8458335,ACC_000062,ACC_000475,2300.44,p2p,None,DEV_000030,IP_000082,domestic,qr_code,0,none,scenario_a
TX_00001177,1704955934.279043,ACC_000085,ACC_000009,337.7,p2m,MERCH_00019,DEV_000331,IP_000174,domestic,qr_code,0,none,scenario_b
TX_00000769,1704956289.175576,ACC_000214,ACC_000156,850.59,p2p,None,DEV_000285,IP_000073,domestic,upi_app,0,none,scenario_a
TX_00000549,1704957483.3251412,ACC_000340,ACC_000074,206.1,p2p,None,DEV_000130,IP_000063,domestic,qr_code,0,none,scenario_a
TX_00000894,1704959522.2695072,ACC_000456,ACC_000340,1293.96,p2p,None,DEV_000092,IP_000227,domestic,upi_app,0,none,scenario_a
TX_00000199,1704961643.9436998,ACC_000304,ACC_000385,658.29,p2p,None,DEV_000397,IP_000264,domestic,upi_app,0,none,scenario_a
TX_00000083,1704963441.1695,ACC_000267,ACC_000068,1088.12,p2p,None,DEV_000053,IP_000030,domestic,web,0,none,scenario_a
TX_00000678,1704963572.2998636,ACC_000437,ACC_000264,516.31,p2p,None,DEV_000266,IP_000161,domestic,upi_app,0,none,scenario_a
TX_00001478,1704965037.7971678,ACC_000356,ACC_000336,371.09,p2m,MERCH_00001,DEV_000054,IP_000152,domestic,qr_code,0,none,scenario_b
TX_00000666,1704965177.6500556,ACC_000364,ACC_000253,903.52,p2p,None,DEV_000274,IP_000099,domestic,web,0,none,scenario_a
TX_00002265,1704966254.519672,ACC_000362,ACC_000032,61421.1,intermediary_transfer,None,DEV_000196,IP_000157,domestic,upi_app,1,basic_mule,scenario_d
TX_00000669,1704966992.287173,ACC_000300,ACC_000012,2816.2,p2p,None,DEV_000202,IP_000248,domestic,web,0,none,scenario_a
TX_00002266,1704967679.3620663,ACC_000032,ACC_000222,58964.26,intermediary_transfer,None,DEV_000033,IP_000027,domestic,upi_app,1,basic_mule,scenario_d
TX_00002267,1704968100.7758849,ACC_000222,ACC_000177,56507.41,intermediary_transfer,None,DEV_000033,IP_000027,domestic,upi_app,1,basic_mule,scenario_d
TX_00002574,1704968142.747625,ACC_000452,ACC_000289,2814.84,intermediary_transfer,None,DEV_000027,IP_000004,domestic,upi_app,1,fan_out_mule,scenario_f
TX_00002570,1704968290.9390242,ACC_000452,ACC_000488,5100.79,intermediary_transfer,None,DEV_000027,IP_000004,domestic,upi_app,1,fan_out_mule,scenario_f
TX_00001472,1704968321.1061547,ACC_000377,ACC_000336,90.19,p2m,MERCH_00001,DEV_000326,IP_000018,domestic,qr_code,0,none,scenario_b
TX_00002573,1704968704.5484774,ACC_000452,ACC_000096,3612.63,intermediary_transfer,None,DEV_000027,IP_000004,domestic,upi_app,1,fan_out_mule,scenario_f
TX_00002268,1704968768.086846,ACC_000177,ACC_000096,54050.57,atm_cashout,None,DEV_000033,IP_000027,domestic,upi_app,1,basic_mule,scenario_d
TX_00002571,1704968924.237,ACC_000452,ACC_000203,8919.03,intermediary_transfer,None,DEV_000027,IP_000004,domestic,upi_app,1,fan_out_mule,scenario_f
TX_00002568,1704968982.6877127,ACC_000452,ACC_000317,2630.04,intermediary_transfer,None,DEV_000027,IP_000004,domestic,upi_app,1,fan_out_mule,scenario_f
TX_00002576,1704969142.2979748,ACC_000452,ACC_000107,4541.7,intermediary_transfer,None,DEV_000027,IP_000004,domestic,upi_app,1,fan_out_mule,scenario_f
TX_00002575,1704969160.1083934,ACC_000452,ACC_000436,4989.47,intermediary_transfer,None,DEV_000027,IP_000004,domestic,upi_app,1,fan_out_mule,scenario_f
TX_00002569,1704969233.4587524,ACC_000452,ACC_000328,8433.34,intermediary_transfer,None,DEV_000027,IP_000004,domestic,upi_app,1,fan_out_mule,scenario_f
TX_00002567,1704969286.4013808,ACC_000452,ACC_000357,2704.54,intermediary_transfer,None,DEV_000027,IP_000004,domestic,upi_app,1,fan_out_mule,scenario_f
TX_00002572,1704969589.1516905,ACC_000452,ACC_000344,5040.65,intermediary_transfer,None,DEV_000027,IP_000004,domestic,upi_app,1,fan_out_mule,scenario_f
TX_00000110,1704971047.098819,ACC_000023,ACC_000169,1133.72,p2p,None,DEV_000111,IP_000143,domestic,upi_app,0,none,scenario_a
TX_00001762,1704971053.1808197,ACC_000052,ACC_000425,323.34,p2m,MERCH_00017,DEV_000001,IP_000004,domestic,qr_code,0,none,scenario_b
TX_00002293,1704972070.6557305,ACC_000234,ACC_000070,34076.14,intermediary_transfer,None,DEV_000063,IP_000278,domestic,upi_app,1,basic_mule,scenario_d
TX_00002294,1704972715.0551553,ACC_000070,ACC_000268,32713.09,intermediary_transfer,None,DEV_000039,IP_000028,domestic,upi_app,1,basic_mule,scenario_d
TX_00000334,1704973142.6828763,ACC_000012,ACC_000193,306.27,p2p,None,DEV_000068,IP_000167,domestic,web,0,none,scenario_a
TX_00002295,1704973400.3338964,ACC_000268,ACC_000064,31350.05,intermediary_transfer,None,DEV_000039,IP_000028,domestic,upi_app,1,basic_mule,scenario_d
TX_00000685,1704973461.5720806,ACC_000464,ACC_000129,199.14,p2p,None,DEV_000347,IP_000046,domestic,qr_code,0,none,scenario_a
TX_00000998,1704973556.4322982,ACC_000291,ACC_000398,501.78,p2p,None,DEV_000354,IP_000058,domestic,qr_code,0,none,scenario_a
TX_00001856,1704973571.8764286,ACC_000090,ACC_000029,93.99,p2m,MERCH_00042,DEV_000136,IP_000101,domestic,qr_code,0,none,scenario_b
TX_00000323,1704973708.552654,ACC_000043,ACC_000135,124.04,p2p,None,DEV_000350,IP_000272,domestic,qr_code,0,none,scenario_a
TX_00000873,1704974066.2060764,ACC_000005,ACC_000418,649.27,p2p,None,DEV_000381,IP_000192,domestic,qr_code,0,none,scenario_a
TX_00002296,1704974951.9920473,ACC_000064,ACC_000113,29987.0,atm_cashout,None,DEV_000039,IP_000028,domestic,upi_app,1,basic_mule,scenario_d
TX_00001099,1704975184.8861191,ACC_000189,ACC_000352,4153.06,p2p,None,DEV_000187,IP_000287,domestic,qr_code,0,none,scenario_a
TX_00000960,1704975637.7798553,ACC_000390,ACC_000345,1209.97,p2p,None,DEV_000241,IP_000075,domestic,qr_code,0,none,scenario_a
TX_00000660,1704975926.0857553,ACC_000208,ACC_000325,403.08,p2p,None,DEV_000192,IP_000265,domestic,web,0,none,scenario_a
TX_00000640,1704976995.362193,ACC_000221,ACC_000134,686.25,p2p,None,DEV_000119,IP_000137,domestic,web,0,none,scenario_a
TX_00001763,1704978040.2995334,ACC_000093,ACC_000425,62.01,p2m,MERCH_00017,DEV_000276,IP_000129,domestic,qr_code,0,none,scenario_b
TX_00000515,1704979758.2308435,ACC_000278,ACC_000492,707.89,p2p,None,DEV_000193,IP_000146,domestic,qr_code,0,none,scenario_a
TX_00000901,1704980524.684575,ACC_000365,ACC_000271,1448.66,p2p,None,DEV_000032,IP_000265,domestic,web,0,none,scenario_a
TX_00000292,1704982676.9461372,ACC_000049,ACC_000443,989.2,p2p,None,DEV_000208,IP_000079,domestic,web,0,none,scenario_a
TX_00001355,1704983337.3188617,ACC_000336,ACC_000099,206.13,p2m,MERCH_00044,DEV_000344,IP_000282,domestic,qr_code,0,none,scenario_b
TX_00001745,1704984003.1375744,ACC_000399,ACC_000425,203.68,p2m,MERCH_00017,DEV_000020,IP_000002,domestic,qr_code,0,none,scenario_b
TX_00000593,1704985153.1088955,ACC_000329,ACC_000214,617.01,p2p,None,DEV_000285,IP_000134,domestic,upi_app,0,none,scenario_a
TX_00000509,1704986923.7222712,ACC_000258,ACC_000454,3862.53,p2p,None,DEV_000008,IP_000037,domestic,web,0,none,scenario_a
TX_00001258,1704986990.228773,ACC_000186,ACC_000246,4652.08,merchant_settlement,MERCH_00041,DEV_000184,IP_000257,domestic,web,0,none,scenario_b
TX_00000999,1704987314.6584148,ACC_000472,ACC_000020,1364.49,p2p,None,DEV_000369,IP_000270,domestic,upi_app,0,none,scenario_a
TX_00000228,1704989278.510536,ACC_000144,ACC_000379,143.06,p2p,None,DEV_000399,IP_000242,domestic,upi_app,0,none,scenario_a
TX_00000153,1704990787.6745257,ACC_000038,ACC_000067,395.26,p2p,None,DEV_000105,IP_000278,domestic,web,0,none,scenario_a
TX_00000874,1704993398.5450444,ACC_000284,ACC_000079,729.56,p2p,None,DEV_000310,IP_000241,domestic,web,0,none,scenario_a
TX_00002654,1704993472.2039604,ACC_000013,ACC_000367,6204.8,intermediary_transfer,None,DEV_000032,IP_000011,domestic,upi_app,1,fan_out_mule,scenario_f
TX_00002648,1704993558.7558029,ACC_000013,ACC_000067,3433.89,intermediary_transfer,None,DEV_000032,IP_000011,domestic,upi_app,1,fan_out_mule,scenario_f
TX_00002652,1704993821.60018,ACC_000013,ACC_000365,2246.61,intermediary_transfer,None,DEV_000032,IP_000011,domestic,upi_app,1,fan_out_mule,scenario_f
TX_00002656,1704993946.3543165,ACC_000013,ACC_000137,2571.48,intermediary_transfer,None,DEV_000032,IP_000011,domestic,upi_app,1,fan_out_mule,scenario_f
TX_00002653,1704994020.612121,ACC_000013,ACC_000107,4832.21,intermediary_transfer,None,DEV_000032,IP_000011,domestic,upi_app,1,fan_out_mule,scenario_f
TX_00001354,1704994301.2033134,ACC_000328,ACC_000099,75.32,p2m,MERCH_00044,DEV_000060,IP_000248,domestic,qr_code,0,none,scenario_b
TX_00002650,1704994493.380245,ACC_000013,ACC_000080,8955.63,intermediary_transfer,None,DEV_000032,IP_000011,domestic,upi_app,1,fan_out_mule,scenario_f
TX_00002655,1704994495.5508862,ACC_000013,ACC_000379,3534.17,intermediary_transfer,None,DEV_000032,IP_000011,domestic,upi_app,1,fan_out_mule,scenario_f
TX_00002649,1704994630.5708127,ACC_000013,ACC_000054,4733.15,intermediary_transfer,None,DEV_000032,IP_000011,domestic,upi_app,1,fan_out_mule,scenario_f
TX_00002651,1704994643.3427265,ACC_000013,ACC_000206,4067.81,intermediary_transfer,None,DEV_000032,IP_000011,domestic,upi_app,1,fan_out_mule,scenario_f
TX_00002647,1704994657.7497976,ACC_000013,ACC_000431,9180.0,intermediary_transfer,None,DEV_000032,IP_000011,domestic,upi_app,1,fan_out_mule,scenario_f
TX_00000047,1704994903.2527752,ACC_000043,ACC_000468,285.19,p2p,None,DEV_000312,IP_000183,domestic,web,0,none,scenario_a
TX_00001805,1704995204.0387366,ACC_000024,ACC_000483,114.72,p2m,MERCH_00036,DEV_000293,IP_000057,domestic,qr_code,0,none,scenario_b
TX_00001070,1704995352.9371772,ACC_000074,ACC_000233,959.67,p2p,None,DEV_000279,IP_000103,domestic,web,0,none,scenario_a
TX_00001075,1704995524.3683264,ACC_000268,ACC_000376,838.48,p2p,None,DEV_000292,IP_000217,domestic,qr_code,0,none,scenario_a
TX_00001448,1704996424.848826,ACC_000102,ACC_000350,135.79,p2m,MERCH_00009,DEV_000302,IP_000002,domestic,qr_code,0,none,scenario_b
TX_00002602,1704996790.0194466,ACC_000320,ACC_000265,2652.14,intermediary_transfer,None,DEV_000024,IP_000017,domestic,upi_app,1,fan_out_mule,scenario_f
TX_00002601,1704996818.1357872,ACC_000320,ACC_000302,5768.87,intermediary_transfer,None,DEV_000024,IP_000017,domestic,upi_app,1,fan_out_mule,scenario_f
TX_00002603,1704996846.0794272,ACC_000320,ACC_000040,4205.11,intermediary_transfer,None,DEV_000024,IP_000017,domestic,upi_app,1,fan_out_mule,scenario_f
TX_00002600,1704997732.0552106,ACC_000320,ACC_000260,2486.21,intermediary_transfer,None,DEV_000024,IP_000017,domestic,upi_app,1,fan_out_mule,scenario_f
TX_00002605,1704997943.9726958,ACC_000320,ACC_000139,6603.72,intermediary_transfer,None,DEV_000024,IP_000017,domestic,upi_app,1,fan_out_mule,scenario_f
TX_00002597,1704998129.5135176,ACC_000320,ACC_000159,9148.96,intermediary_transfer,None,DEV_000024,IP_000017,domestic,upi_app,1,fan_out_mule,scenario_f
TX_00002604,1704998189.9256992,ACC_000320,ACC_000043,5173.7,intermediary_transfer,None,DEV_000024,IP_000017,domestic,upi_app,1,fan_out_mule,scenario_f
TX_00002606,1704998237.3262088,ACC_000320,ACC_000146,2236.3,intermediary_transfer,None,DEV_000024,IP_000017,domestic,upi_app,1,fan_out_mule,scenario_f
TX_00002599,1704998308.9996843,ACC_000320,ACC_000095,6503.42,intermediary_transfer,None,DEV_000024,IP_000017,domestic,upi_app,1,fan_out_mule,scenario_f
TX_00000657,1704998378.7501113,ACC_000080,ACC_000202,901.27,p2p,None,DEV_000349,IP_000101,domestic,qr_code,0,none,scenario_a
TX_00002598,1704998481.1326838,ACC_000320,ACC_000430,7937.63,intermediary_transfer,None,DEV_000024,IP_000017,domestic,upi_app,1,fan_out_mule,scenario_f
TX_00001487,1704998707.4861794,ACC_000234,ACC_000336,213.31,p2m,MERCH_00001,DEV_000217,IP_000092,domestic,qr_code,0,none,scenario_b
TX_00001652,1705000231.6831927,ACC_000459,ACC_000269,127.76,p2m,MERCH_00021,DEV_000056,IP_000077,domestic,qr_code,0,none,scenario_b
TX_00001056,1705000788.4366877,ACC_000424,ACC_000292,615.87,p2p,None,DEV_000233,IP_000013,domestic,web,0,none,scenario_a
TX_00001129,1705001920.5350826,ACC_000167,ACC_000135,353.47,p2m,MERCH_00028,DEV_000341,IP_000035,domestic,qr_code,0,none,scenario_b
TX_00001284,1705002626.730068,ACC_000074,ACC_000035,369.06,p2m,MERCH_00005,DEV_000280,IP_000080,domestic,qr_code,0,none,scenario_b
TX_00001293,1705002851.4437685,ACC_000465,ACC_000035,117.24,p2m,MERCH_00005,DEV_000143,IP_000227,domestic,qr_code,0,none,scenario_b
TX_00000589,1705003119.5085819,ACC_000461,ACC_000458,1888.36,p2p,None,DEV_000054,IP_000041,domestic,qr_code,0,none,scenario_a
TX_00000576,1705003458.883704,ACC_000019,ACC_000055,767.48,p2p,None,DEV_000304,IP_000101,domestic,qr_code,0,none,scenario_a
TX_00000012,1705006506.775072,ACC_000247,ACC_000223,614.75,p2p,None,DEV_000047,IP_000101,domestic,qr_code,0,none,scenario_a
TX_00000611,1705008159.4398289,ACC_000336,ACC_000357,918.62,p2p,None,DEV_000003,IP_000003,domestic,web,0,none,scenario_a
TX_00001705,1705008230.011044,ACC_000067,ACC_000111,171.88,p2m,MERCH_00011,DEV_000199,IP_000012,domestic,qr_code,0,none,scenario_b
TX_00001813,1705008888.8758433,ACC_000487,ACC_000483,59.83,p2m,MERCH_00036,DEV_000068,IP_000294,domestic,qr_code,0,none,scenario_b
TX_00001264,1705009039.7053568,ACC_000073,ACC_000035,178.18,p2m,MERCH_00005,DEV_000113,IP_000191,domestic,qr_code,0,none,scenario_b
TX_00001658,1705009532.7328482,ACC_000191,ACC_000269,269.42,p2m,MERCH_00021,DEV_000208,IP_000227,domestic,qr_code,0,none,scenario_b
TX_00001865,1705011600.0729551,ACC_000083,ACC_000029,156.07,p2m,MERCH_00042,DEV_000378,IP_000281,domestic,qr_code,0,none,scenario_b
TX_00001176,1705011919.354942,ACC_000296,ACC_000009,300.77,p2m,MERCH_00019,DEV_000159,IP_000187,domestic,qr_code,0,none,scenario_b
TX_00001048,1705012764.1336384,ACC_000308,ACC_000121,1015.2,p2p,None,DEV_000098,IP_000208,domestic,qr_code,0,none,scenario_a
TX_00001279,1705016924.707546,ACC_000077,ACC_000035,740.46,p2m,MERCH_00005,DEV_000211,IP_000194,domestic,qr_code,0,none,scenario_b
TX_00001311,1705029455.4536083,ACC_000035,ACC_000494,2000.0,merchant_settlement,MERCH_00005,DEV_000123,IP_000181,domestic,web,0,none,scenario_b
TX_00001788,1705032532.66294,ACC_000208,ACC_000483,94.2,p2m,MERCH_00036,DEV_000127,IP_000153,domestic,qr_code,0,none,scenario_b
TX_00000875,1705034766.7295728,ACC_000448,ACC_000293,342.22,p2p,None,DEV_000116,IP_000286,domestic,web,0,none,scenario_a
TX_00000899,1705036120.1830971,ACC_000063,ACC_000085,571.02,p2p,None,DEV_000233,IP_000051,domestic,qr_code,0,none,scenario_a
TX_00001175,1705036617.0930462,ACC_000280,ACC_000009,151.64,p2m,MERCH_00019,DEV_000011,IP_000056,domestic,qr_code,0,none,scenario_b
TX_00000108,1705036862.4773085,ACC_000402,ACC_000359,617.3,p2p,None,DEV_000163,IP_000003,domestic,web,0,none,scenario_a
TX_00000451,1705038521.288833,ACC_000337,ACC_000439,408.83,p2p,None,DEV_000096,IP_000075,domestic,web,0,none,scenario_a
TX_00001462,1705041500.5086157,ACC_000350,ACC_000444,3994.09,merchant_settlement,MERCH_00009,DEV_000311,IP_000274,domestic,web,0,none,scenario_b
TX_00001654,1705044077.313881,ACC_000194,ACC_000269,488.7,p2m,MERCH_00021,DEV_000065,IP_000275,domestic,qr_code,0,none,scenario_b
TX_00001880,1705044805.0081136,ACC_000029,ACC_000090,6705.74,merchant_settlement,MERCH_00042,DEV_000113,IP_000289,domestic,web,0,none,scenario_b
TX_00000100,1705046167.270746,ACC_000397,ACC_000253,234.6,p2p,None,DEV_000050,IP_000171,domestic,qr_code,0,none,scenario_a
TX_00000186,1705047299.5407748,ACC_000022,ACC_000368,224.03,p2p,None,DEV_000250,IP_000034,domestic,qr_code,0,none,scenario_a
TX_00000908,1705047890.4022727,ACC_000178,ACC_000308,437.25,p2p,None,DEV_000310,IP_000038,domestic,web,0,none,scenario_a
TX_00001200,1705048114.748253,ACC_000300,ACC_000009,21.82,p2m,MERCH_00019,DEV_000009,IP_000183,domestic,qr_code,0,none,scenario_b
TX_00000243,1705049900.9625337,ACC_000361,ACC_000254,256.23,p2p,None,DEV_000087,IP_000218,domestic,web,0,none,scenario_a
TX_00000428,1705050567.446896,ACC_000241,ACC_000155,167.12,p2p,None,DEV_000221,IP_000206,domestic,web,0,none,scenario_a
TX_00000072,1705052711.4593847,ACC_000291,ACC_000249,440.97,p2p,None,DEV_000071,IP_000002,domestic,web,0,none,scenario_a
TX_00001336,1705056200.3419676,ACC_000163,ACC_000099,282.34,p2m,MERCH_00044,DEV_000307,IP_000202,domestic,qr_code,0,none,scenario_b
TX_00000752,1705057440.9404736,ACC_000064,ACC_000021,1767.08,p2p,None,DEV_000223,IP_000123,domestic,upi_app,0,none,scenario_a
TX_00000700,1705058773.3716812,ACC_000433,ACC_000261,871.31,p2p,None,DEV_000256,IP_000058,domestic,qr_code,0,none,scenario_a
TX_00001303,1705059395.7367752,ACC_000029,ACC_000035,79.6,p2m,MERCH_00005,DEV_000339,IP_000139,domestic,qr_code,0,none,scenario_b
TX_00001425,1705060321.877156,ACC_000058,ACC_000350,481.48,p2m,MERCH_00009,DEV_000380,IP_000271,domestic,qr_code,0,none,scenario_b
TX_00000271,1705061404.5261688,ACC_000090,ACC_000407,496.95,p2p,None,DEV_000374,IP_000078,domestic,qr_code,0,none,scenario_a
TX_00001316,1705061874.9358265,ACC_000137,ACC_000099,157.69,p2m,MERCH_00044,DEV_000263,IP_000037,domestic,qr_code,0,none,scenario_b
TX_00000217,1705063001.4706702,ACC_000339,ACC_000460,435.83,p2p,None,DEV_000028,IP_000018,domestic,qr_code,0,none,scenario_a
TX_00000227,1705063697.6972787,ACC_000107,ACC_000284,590.84,p2p,None,DEV_000256,IP_000092,domestic,web,0,none,scenario_a
TX_00000733,1705066317.5953724,ACC_000333,ACC_000265,966.03,p2p,None,DEV_000211,IP_000129,domestic,upi_app,0,none,scenario_a
TX_00000951,1705066318.051556,ACC_000411,ACC_000265,1219.4,p2p,None,DEV_000313,IP_000137,domestic,web,0,none,scenario_a
TX_00001703,1705066608.1869397,ACC_000393,ACC_000111,625.32,p2m,MERCH_00011,DEV_000171,IP_000221,domestic,qr_code,0,none,scenario_b
TX_00000311,1705067338.137873,ACC_000158,ACC_000418,587.76,p2p,None,DEV_000225,IP_000242,domestic,web,0,none,scenario_a
TX_00001009,1705068011.524785,ACC_000150,ACC_000497,919.56,p2p,None,DEV_000054,IP_000291,domestic,qr_code,0,none,scenario_a
TX_00001103,1705069436.083227,ACC_000121,ACC_000489,3217.6,p2p,None,DEV_000166,IP_000095,domestic,qr_code,0,none,scenario_a
TX_00000114,1705070577.2785885,ACC_000371,ACC_000308,425.73,p2p,None,DEV_000233,IP_000157,domestic,qr_code,0,none,scenario_a
TX_00000916,1705070983.9362292,ACC_000321,ACC_000184,410.58,p2p,None,DEV_000041,IP_000180,domestic,qr_code,0,none,scenario_a
TX_00001482,1705072515.1667678,ACC_000185,ACC_000336,137.13,p2m,MERCH_00001,DEV_000023,IP_000253,domestic,qr_code,0,none,scenario_b
TX_00000638,1705073759.9492967,ACC_000328,ACC_000275,683.7,p2p,None,DEV_000291,IP_000159,domestic,web,0,none,scenario_a
TX_00000123,1705074426.6527154,ACC_000265,ACC_000218,609.24,p2p,None,DEV_000183,IP_000239,domestic,upi_app,0,none,scenario_a
TX_00001618,1705075153.996692,ACC_000085,ACC_000114,2023.5,merchant_settlement,MERCH_00007,DEV_000173,IP_000175,domestic,web,0,none,scenario_b
TX_00001871,1705077647.384699,ACC_000204,ACC_000029,49.22,p2m,MERCH_00042,DEV_000327,IP_000190,domestic,qr_code,0,none,scenario_b
TX_00000490,1705078015.8073776,ACC_000289,ACC_000038,1787.59,p2p,None,DEV_000034,IP_000178,domestic,web,0,none,scenario_a
TX_00001031,1705079333.2848463,ACC_000085,ACC_000169,251.96,p2p,None,DEV_000045,IP_000130,domestic,web,0,none,scenario_a
TX_00000608,1705081197.825743,ACC_000322,ACC_000076,100.89,p2p,None,DEV_000021,IP_000073,domestic,web,0,none,scenario_a
TX_00000159,1705081668.6918113,ACC_000386,ACC_000164,1442.08,p2p,None,DEV_000128,IP_000291,domestic,web,0,none,scenario_a
TX_00001486,1705082201.84403,ACC_000009,ACC_000336,47.31,p2m,MERCH_00001,DEV_000388,IP_000251,domestic,qr_code,0,none,scenario_b
TX_00001179,1705083135.5795972,ACC_000179,ACC_000009,157.36,p2m,MERCH_00019,DEV_000215,IP_000181,domestic,qr_code,0,none,scenario_b
TX_00000605,1705083761.0334718,ACC_000399,ACC_000060,1195.65,p2p,None,DEV_000299,IP_000035,domestic,qr_code,0,none,scenario_a
TX_00002285,1705084506.4505584,ACC_000124,ACC_000227,59506.98,intermediary_transfer,None,DEV_000187,IP_000124,domestic,upi_app,1,basic_mule,scenario_d
TX_00000561,1705084562.1185324,ACC_000236,ACC_000337,668.73,p2p,None,DEV_000281,IP_000194,domestic,qr_code,0,none,scenario_a
TX_00000834,1705085405.4333107,ACC_000361,ACC_000139,700.02,p2p,None,DEV_000038,IP_000135,domestic,web,0,none,scenario_a
TX_00002286,1705085733.5502715,ACC_000227,ACC_000347,57126.7,intermediary_transfer,None,DEV_000011,IP_000027,domestic,upi_app,1,basic_mule,scenario_d
TX_00002735,1705087180.3659258,ACC_000325,ACC_000172,25000.0,intermediary_transfer,None,DEV_000245,IP_000109,domestic,upi_app,1,layered_mule,scenario_g
TX_00002736,1705087480.3659258,ACC_000355,ACC_000319,30000.0,intermediary_transfer,None,DEV_000161,IP_000179,domestic,upi_app,1,layered_mule,scenario_g
TX_00002287,1705087895.994647,ACC_000347,ACC_000254,54746.42,intermediary_transfer,None,DEV_000011,IP_000027,domestic,upi_app,1,basic_mule,scenario_d
TX_00000024,1705088026.7343009,ACC_000002,ACC_000468,222.62,p2p,None,DEV_000239,IP_000215,domestic,qr_code,0,none,scenario_a
TX_00000753,1705088251.4908493,ACC_000381,ACC_000236,638.78,p2p,None,DEV_000052,IP_000206,domestic,upi_app,0,none,scenario_a
TX_00002288,1705088268.177528,ACC_000254,ACC_000200,52366.14,atm_cashout,None,DEV_000011,IP_000027,domestic,upi_app,1,basic_mule,scenario_d
TX_00002737,1705088380.3659258,ACC_000172,ACC_000374,23500.0,intermediary_transfer,None,DEV_000010,IP_000004,domestic,upi_app,1,layered_mule,scenario_g
TX_00002738,1705088680.3659258,ACC_000319,ACC_000374,28000.0,intermediary_transfer,None,DEV_000010,IP_000004,domestic,upi_app,1,layered_mule,scenario_g
TX_00001544,1705088689.072583,ACC_000421,ACC_000400,65.78,p2m,MERCH_00003,DEV_000060,IP_000166,domestic,qr_code,0,none,scenario_b
TX_00000388,1705090007.1109502,ACC_000073,ACC_000429,335.04,p2p,None,DEV_000074,IP_000144,domestic,upi_app,0,none,scenario_a
TX_00002739,1705090780.3659258,ACC_000374,ACC_000153,25000.0,intermediary_transfer,None,DEV_000010,IP_000004,domestic,upi_app,1,layered_mule,scenario_g
TX_00002740,1705091180.3659258,ACC_000374,ACC_000443,24000.0,intermediary_transfer,None,DEV_000010,IP_000004,domestic,upi_app,1,layered_mule,scenario_g
TX_00000370,1705091695.6841507,ACC_000376,ACC_000049,1548.6,p2p,None,DEV_000309,IP_000197,domestic,web,0,none,scenario_a
TX_00000584,1705092240.4298193,ACC_000227,ACC_000389,431.89,p2p,None,DEV_000347,IP_000275,domestic,upi_app,0,none,scenario_a
TX_00001407,1705094630.302296,ACC_000141,ACC_000377,113.32,p2m,MERCH_00037,DEV_000228,IP_000081,domestic,qr_code,0,none,scenario_b
TX_00001501,1705094937.9707105,ACC_000296,ACC_000336,318.31,p2m,MERCH_00001,DEV_000176,IP_000182,domestic,qr_code,0,none,scenario_b
TX_00001245,1705095375.3764138,ACC_000066,ACC_000186,192.4,p2m,MERCH_00041,DEV_000382,IP_000128,domestic,qr_code,0,none,scenario_b
TX_00001523,1705097960.3042593,ACC_000006,ACC_000400,340.31,p2m,MERCH_00003,DEV_000306,IP_000269,domestic,qr_code,0,none,scenario_b
TX_00000305,1705099097.6965225,ACC_000189,ACC_000296,366.51,p2p,None,DEV_000207,IP_000079,domestic,web,0,none,scenario_a
TX_00000955,1705099286.0126274,ACC_000363,ACC_000061,1585.14,p2p,None,DEV_000271,IP_000285,domestic,upi_app,0,none,scenario_a
TX_00001115,1705099525.1275077,ACC_000168,ACC_000135,190.95,p2m,MERCH_00028,DEV_000037,IP_000266,domestic,qr_code,0,none,scenario_b
TX_00001806,1705101408.1503983,ACC_000407,ACC_000483,153.91,p2m,MERCH_00036,DEV_000274,IP_000102,domestic,qr_code,0,none,scenario_b
TX_00001338,1705102844.9399984,ACC_000013,ACC_000099,145.83,p2m,MERCH_00044,DEV_000037,IP_000265,domestic,qr_code,0,none,scenario_b
TX_00001204,1705103048.9349115,ACC_000009,ACC_000315,2000.0,merchant_settlement,MERCH_00019,DEV_000121,IP_000250,domestic,web,0,none,scenario_b
TX_00001664,1705104228.5253723,ACC_000443,ACC_000269,203.29,p2m,MERCH_00021,DEV_000171,IP_000182,domestic,qr_code,0,none,scenario_b
TX_00000287,1705106155.0316362,ACC_000372,ACC_000040,736.19,p2p,None,DEV_000199,IP_000249,domestic,web,0,none,scenario_a
TX_00002317,1705106853.4902158,ACC_000438,ACC_000148,34840.11,intermediary_transfer,None,DEV_000138,IP_000139,domestic,upi_app,1,basic_mule,scenario_d
TX_00001224,1705108284.9558797,ACC_000430,ACC_000186,78.66,p2m,MERCH_00041,DEV_000177,IP_000221,domestic,qr_code,0,none,scenario_b
TX_00002663,1705108417.1243556,ACC_000138,ACC_000002,25000.0,intermediary_transfer,None,DEV_000345,IP_000009,domestic,upi_app,1,layered_mule,scenario_g
TX_00002318,1705108616.6211677,ACC_000148,ACC_000069,33446.51,intermediary_transfer,None,DEV_000037,IP_000021,domestic,upi_app,1,basic_mule,scenario_d
TX_00002664,1705108717.1243556,ACC_000454,ACC_000277,30000.0,intermediary_transfer,None,DEV_000355,IP_000016,domestic,upi_app,1,layered_mule,scenario_g
TX_00002319,1705109014.7014015,ACC_000069,ACC_000276,32052.9,intermediary_transfer,None,DEV_000037,IP_000021,domestic,upi_app,1,basic_mule,scenario_d
TX_00001297,1705109385.2801883,ACC_000463,ACC_000035,195.62,p2m,MERCH_00005,DEV_000222,IP_000032,domestic,qr_code,0,none,scenario_b
TX_00002665,1705109617.1243556,ACC_000002,ACC_000425,23500.0,intermediary_transfer,None,DEV_000004,IP_000014,domestic,upi_app,1,layered_mule,scenario_g
TX_00002666,1705109917.1243556,ACC_000277,ACC_000425,28000.0,intermediary_transfer,None,DEV_000004,IP_000014,domestic,upi_app,1,layered_mule,scenario_g
TX_00002320,1705111199.2417839,ACC_000276,ACC_000252,30659.3,atm_cashout,None,DEV_000037,IP_000021,domestic,upi_app,1,basic_mule,scenario_d
TX_00002368,1705112012.671052,ACC_000409,ACC_000263,13618.25,p2p,None,DEV_000050,IP_000040,domestic,upi_app,1,fan_in_mule,scenario_e
TX_00002667,1705112017.1243556,ACC_000425,ACC_000422,25000.0,intermediary_transfer,None,DEV_000004,IP_000014,domestic,upi_app,1,layered_mule,scenario_g
TX_00002376,1705112241.0457075,ACC_000070,ACC_000263,3617.87,p2p,None,DEV_000291,IP_000076,domestic,upi_app,1,fan_in_mule,scenario_e
TX_00002668,1705112417.1243556,ACC_000425,ACC_000418,24000.0,intermediary_transfer,None,DEV_000004,IP_000014,domestic,upi_app,1,layered_mule,scenario_g
TX_00002369,1705113102.8550644,ACC_000250,ACC_000263,10580.65,p2p,None,DEV_000165,IP_000078,domestic,upi_app,1,fan_in_mule,scenario_e
TX_00002372,1705113562.1203337,ACC_000235,ACC_000263,3656.0,p2p,None,DEV_000192,IP_000128,domestic,upi_app,1,fan_in_mule,scenario_e
TX_00002370,1705113807.3013763,ACC_000087,ACC_000263,5448.02,p2p,None,DEV_000213,IP_000142,domestic,upi_app,1,fan_in_mule,scenario_e
TX_00002371,1705113859.535478,ACC_000203,ACC_000263,12553.16,p2p,None,DEV_000053,IP_000011,domestic,upi_app,1,fan_in_mule,scenario_e
TX_00002375,1705114096.9471161,ACC_000217,ACC_000263,5946.59,p2p,None,DEV_000058,IP_000248,domestic,upi_app,1,fan_in_mule,scenario_e
TX_00002373,1705114191.5889912,ACC_000473,ACC_000263,6188.01,p2p,None,DEV_000225,IP_000059,domestic,upi_app,1,fan_in_mule,scenario_e
TX_00001298,1705114359.1436064,ACC_000081,ACC_000035,325.61,p2m,MERCH_00005,DEV_000236,IP_000035,domestic,qr_code,0,none,scenario_b
TX_00002374,1705114403.8409357,ACC_000447,ACC_000263,5504.27,p2p,None,DEV_000030,IP_000159,domestic,upi_app,1,fan_in_mule,scenario_e
TX_00002367,1705115149.7373667,ACC_000173,ACC_000263,6537.14,p2p,None,DEV_000333,IP_000281,domestic,upi_app,1,fan_in_mule,scenario_e
TX_00001820,1705116337.0336838,ACC_000115,ACC_000483,292.37,p2m,MERCH_00036,DEV_000257,IP_000016,domestic,qr_code,0,none,scenario_b
TX_00000703,1705120437.2006092,ACC_000268,ACC_000044,505.28,p2p,None,DEV_000355,IP_000165,domestic,upi_app,0,none,scenario_a
TX_00002269,1705121109.4600952,ACC_000264,ACC_000107,63074.79,intermediary_transfer,None,DEV_000167,IP_000257,domestic,upi_app,1,basic_mule,scenario_d
TX_00002270,1705122125.846985,ACC_000107,ACC_000389,60551.79,intermediary_transfer,None,DEV_000005,IP_000010,domestic,upi_app,1,basic_mule,scenario_d
TX_00001751,1705123312.1136155,ACC_000391,ACC_000425,151.12,p2m,MERCH_00017,DEV_000053,IP_000258,domestic,qr_code,0,none,scenario_b
TX_00000717,1705123841.3591497,ACC_000175,ACC_000157,330.27,p2p,None,DEV_000198,IP_000047,domestic,web,0,none,scenario_a
TX_00002271,1705124106.635684,ACC_000389,ACC_000193,58028.8,intermediary_transfer,None,DEV_000005,IP_000010,domestic,upi_app,1,basic_mule,scenario_d
TX_00002272,1705124673.0850825,ACC_000193,ACC_000190,55505.81,atm_cashout,None,DEV_000005,IP_000010,domestic,upi_app,1,basic_mule,scenario_d
TX_00001726,1705125097.7555768,ACC_000111,ACC_000110,7844.4,merchant_settlement,MERCH_00011,DEV_000233,IP_000035,domestic,web,0,none,scenario_b
TX_00000113,1705125194.7325158,ACC_000306,ACC_000491,260.45,p2p,None,DEV_000038,IP_000244,domestic,qr_code,0,none,scenario_a
TX_00001076,1705131293.5576804,ACC_000283,ACC_000365,1319.05,p2p,None,DEV_000182,IP_000124,domestic,qr_code,0,none,scenario_a
TX_00000169,1705137123.3251095,ACC_000287,ACC_000094,148.06,p2p,None,DEV_000389,IP_000073,domestic,upi_app,0,none,scenario_a
TX_00001883,1705138069.3055108,ACC_000029,ACC_000412,2473.06,merchant_settlement,MERCH_00042,DEV_000397,IP_000059,domestic,web,0,none,scenario_b
TX_00000026,1705138264.3432226,ACC_000139,ACC_000065,1113.37,p2p,None,DEV_000079,IP_000259,domestic,qr_code,0,none,scenario_a
TX_00000088,1705139368.1996531,ACC_000127,ACC_000407,445.56,p2p,None,DEV_000261,IP_000095,domestic,qr_code,0,none,scenario_a
TX_00000886,1705140433.2610774,ACC_000303,ACC_000498,539.25,p2p,None,DEV_000391,IP_000236,domestic,qr_code,0,none,scenario_a
TX_00000195,1705140908.32539,ACC_000059,ACC_000444,1302.37,p2p,None,DEV_000137,IP_000298,domestic,web,0,none,scenario_a
TX_00000010,1705141765.0346248,ACC_000458,ACC_000146,1155.62,p2p,None,DEV_000325,IP_000096,domestic,upi_app,0,none,scenario_a
TX_00000218,1705142344.4330392,ACC_000043,ACC_000037,719.16,p2p,None,DEV_000352,IP_000092,domestic,web,0,none,scenario_a
TX_00000538,1705145213.216419,ACC_000193,ACC_000237,388.81,p2p,None,DEV_000204,IP_000025,domestic,upi_app,0,none,scenario_a
TX_00000627,1705146601.1370685,ACC_000145,ACC_000408,576.81,p2p,None,DEV_000242,IP_000248,domestic,qr_code,0,none,scenario_a
TX_00000989,1705146663.9656203,ACC_000085,ACC_000012,200.76,p2p,None,DEV_000093,IP_000293,domestic,upi_app,0,none,scenario_a
TX_00000626,1705148478.7138016,ACC_000290,ACC_000217,815.37,p2p,None,DEV_000299,IP_000281,domestic,qr_code,0,none,scenario_a
TX_00001860,1705148715.7155914,ACC_000497,ACC_000029,103.03,p2m,MERCH_00042,DEV_000020,IP_000090,domestic,qr_code,0,none,scenario_b
TX_00001691,1705150212.8108287,ACC_000164,ACC_000111,171.39,p2m,MERCH_00011,DEV_000359,IP_000182,domestic,qr_code,0,none,scenario_b
TX_00000936,1705150517.5956097,ACC_000333,ACC_000191,582.15,p2p,None,DEV_000379,IP_000253,domestic,web,0,none,scenario_a
TX_00000783,1705150632.0433416,ACC_000179,ACC_000312,1511.5,p2p,None,DEV_000124,IP_000291,domestic,upi_app,0,none,scenario_a
TX_00000827,1705151175.1713095,ACC_000064,ACC_000162,550.59,p2p,None,DEV_000266,IP_000241,domestic,web,0,none,scenario_a
TX_00001772,1705151637.5636919,ACC_000483,ACC_000425,112.8,p2m,MERCH_00017,DEV_000320,IP_000012,domestic,qr_code,0,none,scenario_b
TX_00001214,1705152926.6169116,ACC_000086,ACC_000186,87.67,p2m,MERCH_00041,DEV_000388,IP_000147,domestic,qr_code,0,none,scenario_b
TX_00000091,1705154511.1475945,ACC_000224,ACC_000103,1039.86,p2p,None,DEV_000345,IP_000048,domestic,upi_app,0,none,scenario_a
TX_00000446,1705155555.5629966,ACC_000420,ACC_000160,228.47,p2p,None,DEV_000267,IP_000102,domestic,web,0,none,scenario_a
TX_00001201,1705157738.0790832,ACC_000187,ACC_000009,45.48,p2m,MERCH_00019,DEV_000262,IP_000241,domestic,qr_code,0,none,scenario_b
TX_00001513,1705158433.692406,ACC_000117,ACC_000336,203.7,p2m,MERCH_00001,DEV_000365,IP_000016,domestic,qr_code,0,none,scenario_b
TX_00001446,1705159076.3939798,ACC_000325,ACC_000350,127.26,p2m,MERCH_00009,DEV_000202,IP_000146,domestic,qr_code,0,none,scenario_b
TX_00000744,1705160367.4026225,ACC_000110,ACC_000411,956.83,p2p,None,DEV_000229,IP_000028,domestic,upi_app,0,none,scenario_a
TX_00000256,1705161890.9789326,ACC_000431,ACC_000194,453.74,p2p,None,DEV_000156,IP_000168,domestic,upi_app,0,none,scenario_a
TX_00000956,1705161905.2438512,ACC_000342,ACC_000439,257.74,p2p,None,DEV_000080,IP_000088,domestic,web,0,none,scenario_a
TX_00001097,1705162294.8833766,ACC_000310,ACC_000373,454.25,p2p,None,DEV_000360,IP_000224,domestic,web,0,none,scenario_a
TX_00000661,1705164138.1900544,ACC_000475,ACC_000118,1249.99,p2p,None,DEV_000329,IP_000009,domestic,web,0,none,scenario_a
TX_00001551,1705164409.0074165,ACC_000231,ACC_000400,119.73,p2m,MERCH_00003,DEV_000227,IP_000117,domestic,qr_code,0,none,scenario_b
TX_00001464,1705167120.5419948,ACC_000350,ACC_000121,2000.0,merchant_settlement,MERCH_00009,DEV_000041,IP_000141,domestic,web,0,none,scenario_b
TX_00001704,1705168970.7347107,ACC_000259,ACC_000111,68.02,p2m,MERCH_00011,DEV_000114,IP_000195,domestic,qr_code,0,none,scenario_b
TX_00000501,1705169511.3048344,ACC_000067,ACC_000394,802.46,p2p,None,DEV_000258,IP_000180,domestic,web,0,none,scenario_a
TX_00001771,1705169738.5119696,ACC_000033,ACC_000425,100.62,p2m,MERCH_00017,DEV_000294,IP_000093,domestic,qr_code,0,none,scenario_b
TX_00001722,1705169828.479633,ACC_000111,ACC_000290,2727.73,merchant_settlement,MERCH_00011,DEV_000332,IP_000210,domestic,web,0,none,scenario_b
TX_00001510,1705171026.1506417,ACC_000055,ACC_000336,110.78,p2m,MERCH_00001,DEV_000364,IP_000183,domestic,qr_code,0,none,scenario_b
TX_00000974,1705171231.3461406,ACC_000464,ACC_000156,526.3,p2p,None,DEV_000031,IP_000058,domestic,upi_app,0,none,scenario_a
TX_00000202,1705172618.9488497,ACC_000326,ACC_000201,805.03,p2p,None,DEV_000187,IP_000039,domestic,upi_app,0,none,scenario_a
TX_00000219,1705173895.776789,ACC_000219,ACC_000261,209.86,p2p,None,DEV_000318,IP_000234,domestic,upi_app,0,none,scenario_a
TX_00000516,1705175924.5028412,ACC_000484,ACC_000403,4110.22,p2p,None,DEV_000289,IP_000298,domestic,web,0,none,scenario_a
TX_00001826,1705176247.2339175,ACC_000483,ACC_000421,2009.25,merchant_settlement,MERCH_00036,DEV_000285,IP_000254,domestic,web,0,none,scenario_b
TX_00001784,1705176433.7890224,ACC_000227,ACC_000483,59.03,p2m,MERCH_00036,DEV_000327,IP_000261,domestic,qr_code,0,none,scenario_b
TX_00001581,1705177125.7307608,ACC_000000,ACC_000085,273.78,p2m,MERCH_00007,DEV_000300,IP_000202,domestic,qr_code,0,none,scenario_b
TX_00001557,1705177557.8910527,ACC_000093,ACC_000400,429.38,p2m,MERCH_00003,DEV_000323,IP_000114,domestic,qr_code,0,none,scenario_b
TX_00000232,1705177657.771094,ACC_000287,ACC_000318,540.79,p2p,None,DEV_000075,IP_000159,domestic,qr_code,0,none,scenario_a
TX_00000878,1705178229.875865,ACC_000078,ACC_000301,2135.02,p2p,None,DEV_000059,IP_000101,domestic,web,0,none,scenario_a
TX_00001289,1705178253.0330403,ACC_000431,ACC_000035,498.13,p2m,MERCH_00005,DEV_000011,IP_000150,domestic,qr_code,0,none,scenario_b
TX_00001071,1705180105.995726,ACC_000238,ACC_000069,684.11,p2p,None,DEV_000187,IP_000039,domestic,web,0,none,scenario_a
TX_00000791,1705180416.7629697,ACC_000068,ACC_000463,896.73,p2p,None,DEV_000348,IP_000256,domestic,upi_app,0,none,scenario_a
TX_00000655,1705180770.5177035,ACC_000458,ACC_000017,2059.23,p2p,None,DEV_000138,IP_000043,domestic,web,0,none,scenario_a
TX_00000357,1705182059.7900562,ACC_000353,ACC_000063,606.06,p2p,None,DEV_000081,IP_000260,domestic,web,0,none,scenario_a
TX_00001819,1705183371.3891554,ACC_000340,ACC_000483,117.54,p2m,MERCH_00036,DEV_000141,IP_000124,domestic,qr_code,0,none,scenario_b
TX_00001549,1705183394.669465,ACC_000357,ACC_000400,145.3,p2m,MERCH_00003,DEV_000076,IP_000251,domestic,qr_code,0,none,scenario_b
TX_00000029,1705183603.1157625,ACC_000361,ACC_000070,798.38,p2p,None,DEV_000186,IP_000190,domestic,qr_code,0,none,scenario_a
TX_00002380,1705185333.6363933,ACC_000197,ACC_000223,10963.42,p2p,None,DEV_000050,IP_000119,domestic,upi_app,1,fan_in_mule,scenario_e
TX_00000463,1705185674.4304528,ACC_000240,ACC_000130,982.7,p2p,None,DEV_000035,IP_000094,domestic,upi_app,0,none,scenario_a
TX_00002379,1705185680.7013052,ACC_000368,ACC_000223,9797.72,p2p,None,DEV_000122,IP_000007,domestic,upi_app,1,fan_in_mule,scenario_e
TX_00002386,1705185785.1943123,ACC_000465,ACC_000223,5684.53,p2p,None,DEV_000216,IP_000250,domestic,upi_app,1,fan_in_mule,scenario_e
TX_00002384,1705186331.5392005,ACC_000080,ACC_000223,4233.32,p2p,None,DEV_000136,IP_000290,domestic,upi_app,1,fan_in_mule,scenario_e
TX_00002377,1705186367.3560538,ACC_000403,ACC_000223,6147.92,p2p,None,DEV_000247,IP_000137,domestic,upi_app,1,fan_in_mule,scenario_e
TX_00002382,1705187515.9230745,ACC_000219,ACC_000223,7426.11,p2p,None,DEV_000147,IP_000098,domestic,upi_app,1,fan_in_mule,scenario_e
TX_00002381,1705187756.4329128,ACC_000169,ACC_000223,6261.05,p2p,None,DEV_000312,IP_000129,domestic,upi_app,1,fan_in_mule,scenario_e
TX_00002378,1705187794.2388337,ACC_000172,ACC_000223,11483.47,p2p,None,DEV_000038,IP_000185,domestic,upi_app,1,fan_in_mule,scenario_e
TX_00002385,1705187816.947274,ACC_000493,ACC_000223,10318.62,p2p,None,DEV_000229,IP_000007,domestic,upi_app,1,fan_in_mule,scenario_e
TX_00002383,1705187869.3417618,ACC_000431,ACC_000223,5411.73,p2p,None,DEV_000204,IP_000089,domestic,upi_app,1,fan_in_mule,scenario_e
TX_00001700,1705188420.1869516,ACC_000336,ACC_000111,112.72,p2m,MERCH_00011,DEV_000289,IP_000257,domestic,qr_code,0,none,scenario_b
TX_00001138,1705191256.5760002,ACC_000368,ACC_000135,63.06,p2m,MERCH_00028,DEV_000199,IP_000121,domestic,qr_code,0,none,scenario_b
TX_00001524,1705191561.5884576,ACC_000033,ACC_000400,272.51,p2m,MERCH_00003,DEV_000298,IP_000059,domestic,qr_code,0,none,scenario_b
TX_00001754,1705192378.455159,ACC_000480,ACC_000425,348.73,p2m,MERCH_00017,DEV_000051,IP_000068,domestic,qr_code,0,none,scenario_b
TX_00001421,1705197448.393916,ACC_000220,ACC_000350,170.84,p2m,MERCH_00009,DEV_000344,IP_000194,domestic,qr_code,0,none,scenario_b
TX_00001251,1705197984.1895843,ACC_000043,ACC_000186,75.78,p2m,MERCH_00041,DEV_000029,IP_000040,domestic,qr_code,0,none,scenario_b
TX_00001320,1705203578.3592377,ACC_000403,ACC_000099,58.83,p2m,MERCH_00044,DEV_000008,IP_000293,domestic,qr_code,0,none,scenario_b
TX_00000445,1705203989.9088075,ACC_000178,ACC_000328,230.7,p2p,None,DEV_000146,IP_000105,domestic,upi_app,0,none,scenario_a
TX_00001739,1705204717.7720559,ACC_000271,ACC_000425,276.72,p2m,MERCH_00017,DEV_000296,IP_000011,domestic,qr_code,0,none,scenario_b
TX_00001227,1705209256.5170991,ACC_000475,ACC_000186,144.38,p2m,MERCH_00041,DEV_000312,IP_000074,domestic,qr_code,0,none,scenario_b
TX_00001260,1705213417.7510371,ACC_000186,ACC_000493,9644.99,merchant_settlement,MERCH_00041,DEV_000196,IP_000157,domestic,web,0,none,scenario_b
TX_00000925,1705218740.915046,ACC_000175,ACC_000017,451.24,p2p,None,DEV_000286,IP_000114,domestic,qr_code,0,none,scenario_a
TX_00000765,1705219093.50503,ACC_000097,ACC_000269,279.47,p2p,None,DEV_000261,IP_000034,domestic,qr_code,0,none,scenario_a
TX_00001573,1705219155.889528,ACC_000400,ACC_000004,2242.16,merchant_settlement,MERCH_00003,DEV_000092,IP_000066,domestic,web,0,none,scenario_b
TX_00000481,1705220023.1141562,ACC_000214,ACC_000071,521.19,p2p,None,DEV_000352,IP_000158,domestic,web,0,none,scenario_a
TX_00001377,1705224141.7796466,ACC_000096,ACC_000377,134.95,p2m,MERCH_00037,DEV_000297,IP_000036,domestic,qr_code,0,none,scenario_b
TX_00001163,1705225679.6654983,ACC_000234,ACC_000009,76.84,p2m,MERCH_00019,DEV_000065,IP_000092,domestic,qr_code,0,none,scenario_b
TX_00000347,1705225836.4118147,ACC_000285,ACC_000365,1535.85,p2p,None,DEV_000011,IP_000142,domestic,web,0,none,scenario_a
TX_00000131,1705226426.1906579,ACC_000291,ACC_000305,684.61,p2p,None,DEV_000274,IP_000163,domestic,upi_app,0,none,scenario_a
TX_00000419,1705227636.4890118,ACC_000425,ACC_000037,184.01,p2p,None,DEV_000209,IP_000149,domestic,qr_code,0,none,scenario_a
TX_00000821,1705227958.1987226,ACC_000068,ACC_000170,914.51,p2p,None,DEV_000197,IP_000178,domestic,upi_app,0,none,scenario_a
TX_00000175,1705229683.4224346,ACC_000150,ACC_000272,766.48,p2p,None,DEV_000182,IP_000258,domestic,web,0,none,scenario_a
TX_00001685,1705230272.3496518,ACC_000279,ACC_000111,156.64,p2m,MERCH_00011,DEV_000321,IP_000039,domestic,qr_code,0,none,scenario_b
TX_00000437,1705230420.2199402,ACC_000068,ACC_000165,220.32,p2p,None,DEV_000345,IP_000194,domestic,web,0,none,scenario_a
TX_00001136,1705231249.4094481,ACC_000470,ACC_000135,317.85,p2m,MERCH_00028,DEV_000291,IP_000093,domestic,qr_code,0,none,scenario_b
TX_00000833,1705232121.9600089,ACC_000291,ACC_000446,226.91,p2p,None,DEV_000080,IP_000106,domestic,web,0,none,scenario_a
TX_00001528,1705233688.0137026,ACC_000318,ACC_000400,141.5,p2m,MERCH_00003,DEV_000114,IP_000285,domestic,qr_code,0,none,scenario_b
TX_00002847,1705234494.339134,ACC_000250,ACC_000021,40000.0,p2p,None,DEV_000061,IP_000240,domestic,upi_app,1,camouflage_mule,scenario_h
TX_00001422,1705234755.488053,ACC_000471,ACC_000350,197.16,p2m,MERCH_00009,DEV_000177,IP_000093,domestic,qr_code,0,none,scenario_b
TX_00002848,1705234794.339134,ACC_000021,ACC_000111,377.04,p2m,MERCH_00011,DEV_000370,IP_000180,domestic,qr_code,1,camouflage_mule,scenario_h
TX_00001378,1705234825.116214,ACC_000167,ACC_000377,602.81,p2m,MERCH_00037,DEV_000222,IP_000042,domestic,qr_code,0,none,scenario_b
TX_00002849,1705235094.339134,ACC_000021,ACC_000111,442.26,p2m,MERCH_00011,DEV_000226,IP_000139,domestic,qr_code,1,camouflage_mule,scenario_h
TX_00000038,1705235766.8777237,ACC_000483,ACC_000428,85.34,p2p,None,DEV_000191,IP_000049,domestic,web,0,none,scenario_a
TX_00002850,1705236294.339134,ACC_000021,ACC_000133,38500.0,intermediary_transfer,None,DEV_000166,IP_000011,domestic,upi_app,1,camouflage_mule,scenario_h
TX_00000613,1705238450.6141896,ACC_000205,ACC_000029,205.88,p2p,None,DEV_000260,IP_000093,domestic,qr_code,0,none,scenario_a
TX_00000266,1705238652.441885,ACC_000259,ACC_000428,351.24,p2p,None,DEV_000106,IP_000291,domestic,web,0,none,scenario_a
TX_00000531,1705241044.406612,ACC_000012,ACC_000260,1035.98,p2p,None,DEV_000373,IP_000244,domestic,qr_code,0,none,scenario_a
TX_00000975,1705241819.6594841,ACC_000092,ACC_000361,651.64,p2p,None,DEV_000318,IP_000051,domestic,upi_app,0,none,scenario_a
TX_00001057,1705242565.150593,ACC_000435,ACC_000178,1924.11,p2p,None,DEV_000024,IP_000123,domestic,qr_code,0,none,scenario_a
TX_00000759,1705243378.5226955,ACC_000301,ACC_000367,234.44,p2p,None,DEV_000313,IP_000128,domestic,qr_code,0,none,scenario_a
TX_00000051,1705244543.2974563,ACC_000011,ACC_000332,742.92,p2p,None,DEV_000057,IP_000256,domestic,qr_code,0,none,scenario_a
TX_00000084,1705244689.088336,ACC_000041,ACC_000033,1064.02,p2p,None,DEV_000168,IP_000266,domestic,qr_code,0,none,scenario_a
TX_00000408,1705245484.8084717,ACC_000235,ACC_000299,281.4,p2p,None,DEV_000116,IP_000145,domestic,upi_app,0,none,scenario_a
TX_00001635,1705245752.2903588,ACC_000103,ACC_000269,85.28,p2m,MERCH_00021,DEV_000278,IP_000269,domestic,qr_code,0,none,scenario_b
TX_00000371,1705245967.8947163,ACC_000267,ACC_000055,1830.1,p2p,None,DEV_000279,IP_000158,domestic,upi_app,0,none,scenario_a
TX_00000830,1705247737.19893,ACC_000262,ACC_000385,465.24,p2p,None,DEV_000192,IP_000131,domestic,qr_code,0,none,scenario_a
TX_00000442,1705248343.5199294,ACC_000199,ACC_000457,256.62,p2p,None,DEV_000321,IP_000018,domestic,upi_app,0,none,scenario_a
TX_00001575,1705249158.987738,ACC_000432,ACC_000085,160.81,p2m,MERCH_00007,DEV_000279,IP_000048,domestic,qr_code,0,none,scenario_b
TX_00001862,1705249917.2265966,ACC_000351,ACC_000029,165.61,p2m,MERCH_00042,DEV_000225,IP_000200,domestic,qr_code,0,none,scenario_b
TX_00000106,1705250788.3843324,ACC_000322,ACC_000189,605.41,p2p,None,DEV_000041,IP_000233,domestic,qr_code,0,none,scenario_a
TX_00000500,1705251377.3670595,ACC_000155,ACC_000476,549.18,p2p,None,DEV_000234,IP_000062,domestic,upi_app,0,none,scenario_a
TX_00000344,1705251467.3632386,ACC_000110,ACC_000175,166.05,p2p,None,DEV_000154,IP_000161,domestic,qr_code,0,none,scenario_a
TX_00000260,1705251506.4363034,ACC_000342,ACC_000496,2638.29,p2p,None,DEV_000245,IP_000104,domestic,upi_app,0,none,scenario_a
TX_00000314,1705252715.9586647,ACC_000403,ACC_000254,724.65,p2p,None,DEV_000069,IP_000184,domestic,upi_app,0,none,scenario_a
TX_00000949,1705252945.1989353,ACC_000384,ACC_000228,200.63,p2p,None,DEV_000380,IP_000117,domestic,qr_code,0,none,scenario_a
TX_00000807,1705255882.691405,ACC_000472,ACC_000298,1582.85,p2p,None,DEV_000117,IP_000209,domestic,upi_app,0,none,scenario_a
TX_00000167,1705255973.9280922,ACC_000034,ACC_000142,1045.62,p2p,None,DEV_000276,IP_000173,domestic,upi_app,0,none,scenario_a
TX_00000154,1705258541.9693475,ACC_000209,ACC_000102,573.2,p2p,None,DEV_000247,IP_000122,domestic,upi_app,0,none,scenario_a
TX_00000405,1705259076.6353915,ACC_000080,ACC_000095,687.43,p2p,None,DEV_000141,IP_000186,domestic,qr_code,0,none,scenario_a
TX_00000192,1705260520.7008672,ACC_000029,ACC_000465,1900.02,p2p,None,DEV_000355,IP_000249,domestic,qr_code,0,none,scenario_a
TX_00000249,1705261346.790928,ACC_000212,ACC_000016,2584.45,p2p,None,DEV_000099,IP_000100,domestic,web,0,none,scenario_a
TX_00000376,1705262282.0807168,ACC_000103,ACC_000443,2289.72,p2p,None,DEV_000246,IP_000059,domestic,upi_app,0,none,scenario_a
TX_00001150,1705263557.4509943,ACC_000135,ACC_000235,2000.0,merchant_settlement,MERCH_00028,DEV_000064,IP_000032,domestic,web,0,none,scenario_b
TX_00001133,1705263730.3571627,ACC_000111,ACC_000135,199.53,p2m,MERCH_00028,DEV_000046,IP_000116,domestic,qr_code,0,none,scenario_b
TX_00001743,1705266021.210612,ACC_000260,ACC_000425,175.72,p2m,MERCH_00017,DEV_000100,IP_000026,domestic,qr_code,0,none,scenario_b
TX_00001597,1705268502.745675,ACC_000480,ACC_000085,158.92,p2m,MERCH_00007,DEV_000393,IP_000119,domestic,qr_code,0,none,scenario_b
TX_00000993,1705269551.239604,ACC_000113,ACC_000185,418.25,p2p,None,DEV_000277,IP_000184,domestic,upi_app,0,none,scenario_a
TX_00001610,1705272434.83803,ACC_000372,ACC_000085,116.24,p2m,MERCH_00007,DEV_000312,IP_000186,domestic,qr_code,0,none,scenario_b
TX_00002245,1705276211.301274,ACC_000056,ACC_000053,34674.69,intermediary_transfer,None,DEV_000120,IP_000105,domestic,upi_app,1,basic_mule,scenario_d
TX_00002246,1705276761.561077,ACC_000053,ACC_000297,33287.7,intermediary_transfer,None,DEV_000035,IP_000010,domestic,upi_app,1,basic_mule,scenario_d
TX_00002247,1705277331.1684816,ACC_000297,ACC_000101,31900.71,intermediary_transfer,None,DEV_000035,IP_000010,domestic,upi_app,1,basic_mule,scenario_d
TX_00002248,1705277640.6312864,ACC_000101,ACC_000268,30513.73,atm_cashout,None,DEV_000035,IP_000010,domestic,upi_app,1,basic_mule,scenario_d
TX_00002233,1705279795.8622208,ACC_000454,ACC_000067,45438.87,intermediary_transfer,None,DEV_000155,IP_000050,domestic,upi_app,1,basic_mule,scenario_d
TX_00000777,1705280251.140365,ACC_000353,ACC_000440,1136.67,p2p,None,DEV_000243,IP_000179,domestic,web,0,none,scenario_a
TX_00002234,1705280892.8554492,ACC_000067,ACC_000344,43621.31,intermediary_transfer,None,DEV_000008,IP_000013,domestic,upi_app,1,basic_mule,scenario_d
TX_00002235,1705283055.9675972,ACC_000344,ACC_000390,41803.76,intermediary_transfer,None,DEV_000008,IP_000013,domestic,upi_app,1,basic_mule,scenario_d
TX_00002236,1705284100.7709703,ACC_000390,ACC_000164,39986.2,atm_cashout,None,DEV_000008,IP_000013,domestic,upi_app,1,basic_mule,scenario_d
TX_00001586,1705284921.7718995,ACC_000388,ACC_000085,96.11,p2m,MERCH_00007,DEV_000001,IP_000181,domestic,qr_code,0,none,scenario_b
TX_00001198,1705284939.271788,ACC_000067,ACC_000009,205.78,p2m,MERCH_00019,DEV_000298,IP_000159,domestic,qr_code,0,none,scenario_b
TX_00001815,1705286053.207825,ACC_000383,ACC_000483,106.63,p2m,MERCH_00036,DEV_000207,IP_000238,domestic,qr_code,0,none,scenario_b
TX_00001401,1705288763.851961,ACC_000102,ACC_000377,60.29,p2m,MERCH_00037,DEV_000199,IP_000214,domestic,qr_code,0,none,scenario_b
TX_00000179,1705291378.7622423,ACC_000253,ACC_000400,3959.15,p2p,None,DEV_000090,IP_000122,domestic,web,0,none,scenario_a
TX_00001655,1705296877.0972004,ACC_000051,ACC_000269,224.52,p2m,MERCH_00021,DEV_000263,IP_000159,domestic,qr_code,0,none,scenario_b
TX_00001863,1705297942.867008,ACC_000238,ACC_000029,164.81,p2m,MERCH_00042,DEV_000176,IP_000122,domestic,qr_code,0,none,scenario_b
TX_00000183,1705299522.2354589,ACC_000366,ACC_000296,2102.67,p2p,None,DEV_000358,IP_000084,domestic,web,0,none,scenario_a
TX_00001431,1705301252.3891242,ACC_000207,ACC_000350,82.59,p2m,MERCH_00009,DEV_000166,IP_000235,domestic,qr_code,0,none,scenario_b
TX_00001186,1705302034.7243085,ACC_000474,ACC_000009,54.54,p2m,MERCH_00019,DEV_000020,IP_000053,domestic,qr_code,0,none,scenario_b
TX_00001609,1705302411.1547682,ACC_000037,ACC_000085,157.62,p2m,MERCH_00007,DEV_000134,IP_000118,domestic,qr_code,0,none,scenario_b
TX_00000478,1705302539.6441388,ACC_000103,ACC_000000,2765.51,p2p,None,DEV_000285,IP_000263,domestic,web,0,none,scenario_a
TX_00001768,1705306509.479206,ACC_000017,ACC_000425,23.34,p2m,MERCH_00017,DEV_000204,IP_000152,domestic,qr_code,0,none,scenario_b
TX_00000649,1705307792.5623295,ACC_000458,ACC_000070,361.95,p2p,None,DEV_000393,IP_000226,domestic,qr_code,0,none,scenario_a
TX_00000602,1705307903.821378,ACC_000415,ACC_000054,2393.95,p2p,None,DEV_000176,IP_000156,domestic,upi_app,0,none,scenario_a
TX_00001711,1705308856.262393,ACC_000346,ACC_000111,192.3,p2m,MERCH_00011,DEV_000344,IP_000018,domestic,qr_code,0,none,scenario_b
TX_00000093,1705312151.156309,ACC_000298,ACC_000121,200.88,p2p,None,DEV_000019,IP_000148,domestic,web,0,none,scenario_a
TX_00001537,1705312363.0221097,ACC_000312,ACC_000400,128.63,p2m,MERCH_00003,DEV_000299,IP_000092,domestic,qr_code,0,none,scenario_b
TX_00000151,1705313330.4531434,ACC_000386,ACC_000323,1086.13,p2p,None,DEV_000023,IP_000102,domestic,upi_app,0,none,scenario_a
TX_00000212,1705316149.467304,ACC_000467,ACC_000414,531.4,p2p,None,DEV_000022,IP_000135,domestic,web,0,none,scenario_a
TX_00000511,1705316567.702477,ACC_000213,ACC_000127,915.33,p2p,None,DEV_000215,IP_000098,domestic,web,0,none,scenario_a
TX_00000320,1705316568.616445,ACC_000043,ACC_000201,808.96,p2p,None,DEV_000035,IP_000111,domestic,web,0,none,scenario_a
TX_00000300,1705316966.3660152,ACC_000027,ACC_000345,688.22,p2p,None,DEV_000128,IP_000276,domestic,qr_code,0,none,scenario_a
TX_00000505,1705318534.1798003,ACC_000074,ACC_000310,2087.72,p2p,None,DEV_000122,IP_000094,domestic,qr_code,0,none,scenario_a
TX_00001426,1705320702.2205467,ACC_000439,ACC_000350,371.1,p2m,MERCH_00009,DEV_000255,IP_000253,domestic,qr_code,0,none,scenario_b
TX_00002783,1705321624.9729347,ACC_000429,ACC_000173,40000.0,p2p,None,DEV_000348,IP_000051,domestic,upi_app,1,camouflage_mule,scenario_h
TX_00000967,1705321909.514035,ACC_000063,ACC_000448,8763.93,p2p,None,DEV_000274,IP_000208,domestic,qr_code,0,none,scenario_a
TX_00002784,1705321924.9729347,ACC_000173,ACC_000348,209.42,p2m,MERCH_00040,DEV_000110,IP_000286,domestic,qr_code,1,camouflage_mule,scenario_h
TX_00002785,1705322224.9729347,ACC_000173,ACC_000348,251.19,p2m,MERCH_00040,DEV_000132,IP_000132,domestic,qr_code,1,camouflage_mule,scenario_h
TX_00000321,1705323332.0114372,ACC_000468,ACC_000471,976.71,p2p,None,DEV_000012,IP_000030,domestic,upi_app,0,none,scenario_a
TX_00002786,1705323424.9729347,ACC_000173,ACC_000051,38500.0,intermediary_transfer,None,DEV_000316,IP_000045,domestic,upi_app,1,camouflage_mule,scenario_h
TX_00001275,1705323618.2280972,ACC_000147,ACC_000035,487.24,p2m,MERCH_00005,DEV_000254,IP_000068,domestic,qr_code,0,none,scenario_b
TX_00001073,1705323753.1408947,ACC_000401,ACC_000145,135.82,p2p,None,DEV_000270,IP_000107,domestic,upi_app,0,none,scenario_a
TX_00001091,1705324539.3808491,ACC_000033,ACC_000253,495.46,p2p,None,DEV_000066,IP_000262,domestic,upi_app,0,none,scenario_a
TX_00000801,1705325206.7123923,ACC_000074,ACC_000006,3485.33,p2p,None,DEV_000096,IP_000134,domestic,web,0,none,scenario_a
TX_00001509,1705326114.978724,ACC_000288,ACC_000336,282.04,p2m,MERCH_00001,DEV_000105,IP_000139,domestic,qr_code,0,none,scenario_b
TX_00000560,1705327895.7358704,ACC_000262,ACC_000137,118.32,p2p,None,DEV_000273,IP_000070,domestic,upi_app,0,none,scenario_a
TX_00000913,1705329132.1334424,ACC_000141,ACC_000349,271.16,p2p,None,DEV_000399,IP_000278,domestic,qr_code,0,none,scenario_a
TX_00000724,1705330268.2333841,ACC_000082,ACC_000055,1648.51,p2p,None,DEV_000085,IP_000067,domestic,web,0,none,scenario_a
TX_00001065,1705330963.7651045,ACC_000093,ACC_000329,291.87,p2p,None,DEV_000137,IP_000277,domestic,qr_code,0,none,scenario_a
TX_00000585,1705331985.3186848,ACC_000460,ACC_000098,854.56,p2p,None,DEV_000166,IP_000189,domestic,qr_code,0,none,scenario_a
TX_00000591,1705332824.2209873,ACC_000339,ACC_000421,721.06,p2p,None,DEV_000325,IP_000290,domestic,qr_code,0,none,scenario_a
TX_00000237,1705334940.668334,ACC_000279,ACC_000150,2827.45,p2p,None,DEV_000284,IP_000107,domestic,upi_app,0,none,scenario_a
TX_00000520,1705335481.1033664,ACC_000169,ACC_000035,298.87,p2p,None,DEV_000061,IP_000247,domestic,upi_app,0,none,scenario_a
TX_00000864,1705336473.7969222,ACC_000168,ACC_000463,3010.53,p2p,None,DEV_000240,IP_000068,domestic,upi_app,0,none,scenario_a
TX_00001221,1705337229.617483,ACC_000386,ACC_000186,45.64,p2m,MERCH_00041,DEV_000283,IP_000214,domestic,qr_code,0,none,scenario_b
TX_00000301,1705338027.373022,ACC_000095,ACC_000478,183.64,p2p,None,DEV_000064,IP_000001,domestic,upi_app,0,none,scenario_a
TX_00000794,1705340076.0665984,ACC_000373,ACC_000368,244.44,p2p,None,DEV_000132,IP_000214,domestic,qr_code,0,none,scenario_a
TX_00000268,1705340334.1179485,ACC_000233,ACC_000128,650.4,p2p,None,DEV_000329,IP_000289,domestic,upi_app,0,none,scenario_a
TX_00000290,1705340964.4398081,ACC_000353,ACC_000417,443.23,p2p,None,DEV_000219,IP_000230,domestic,web,0,none,scenario_a
TX_00000455,1705341730.9539258,ACC_000311,ACC_000046,1247.89,p2p,None,DEV_000009,IP_000011,domestic,web,0,none,scenario_a
TX_00001488,1705343089.672975,ACC_000414,ACC_000336,135.61,p2m,MERCH_00001,DEV_000103,IP_000168,domestic,qr_code,0,none,scenario_b
TX_00001024,1705343120.8015957,ACC_000400,ACC_000385,346.12,p2p,None,DEV_000113,IP_000205,domestic,upi_app,0,none,scenario_a
TX_00001803,1705344387.6917195,ACC_000031,ACC_000483,144.15,p2m,MERCH_00036,DEV_000359,IP_000204,domestic,qr_code,0,none,scenario_b
TX_00000402,1705344563.6664581,ACC_000002,ACC_000039,303.42,p2p,None,DEV_000075,IP_000293,domestic,qr_code,0,none,scenario_a
TX_00001632,1705345057.6790535,ACC_000343,ACC_000269,266.1,p2m,MERCH_00021,DEV_000213,IP_000117,domestic,qr_code,0,none,scenario_b
TX_00002229,1705345951.306214,ACC_000400,ACC_000296,28961.5,intermediary_transfer,None,DEV_000049,IP_000023,domestic,upi_app,1,basic_mule,scenario_d
TX_00002230,1705347825.271204,ACC_000296,ACC_000420,27803.04,intermediary_transfer,None,DEV_000004,IP_000024,domestic,upi_app,1,basic_mule,scenario_d
TX_00002231,1705349402.3357508,ACC_000420,ACC_000183,26644.58,intermediary_transfer,None,DEV_000004,IP_000024,domestic,upi_app,1,basic_mule,scenario_d
TX_00002232,1705350530.665502,ACC_000183,ACC_000017,25486.12,atm_cashout,None,DEV_000004,IP_000024,domestic,upi_app,1,basic_mule,scenario_d
TX_00000373,1705350645.368776,ACC_000087,ACC_000157,728.54,p2p,None,DEV_000315,IP_000113,domestic,upi_app,0,none,scenario_a
TX_00001156,1705351199.2292724,ACC_000135,ACC_000498,11157.75,merchant_settlement,MERCH_00028,DEV_000230,IP_000232,domestic,web,0,none,scenario_b
TX_00000987,1705351848.5994925,ACC_000122,ACC_000392,833.52,p2p,None,DEV_000276,IP_000109,domestic,upi_app,0,none,scenario_a
TX_00000095,1705352398.801136,ACC_000076,ACC_000055,110.19,p2p,None,DEV_000001,IP_000084,domestic,qr_code,0,none,scenario_a
TX_00001637,1705352844.362607,ACC_000117,ACC_000269,61.58,p2m,MERCH_00021,DEV_000225,IP_000059,domestic,qr_code,0,none,scenario_b
TX_00001228,1705353723.8813741,ACC_000344,ACC_000186,305.28,p2m,MERCH_00041,DEV_000285,IP_000061,domestic,qr_code,0,none,scenario_b
TX_00000017,1705355099.9390872,ACC_000494,ACC_000290,221.11,p2p,None,DEV_000313,IP_000019,domestic,upi_app,0,none,scenario_a
TX_00000356,1705356147.462048,ACC_000097,ACC_000046,1241.28,p2p,None,DEV_000376,IP_000119,domestic,upi_app,0,none,scenario_a
TX_00000147,1705357369.1932611,ACC_000458,ACC_000196,665.85,p2p,None,DEV_000262,IP_000283,domestic,upi_app,0,none,scenario_a
TX_00000792,1705358237.5577195,ACC_000287,ACC_000373,1043.9,p2p,None,DEV_000099,IP_000207,domestic,web,0,none,scenario_a
TX_00000193,1705360739.972366,ACC_000252,ACC_000395,1576.72,p2p,None,DEV_000162,IP_000135,domestic,web,0,none,scenario_a
TX_00002675,1705363307.5278518,ACC_000028,ACC_000337,25000.0,intermediary_transfer,None,DEV_000002,IP_000238,domestic,upi_app,1,layered_mule,scenario_g
TX_00002676,1705363607.5278518,ACC_000021,ACC_000170,30000.0,intermediary_transfer,None,DEV_000230,IP_000104,domestic,upi_app,1,layered_mule,scenario_g
TX_00002677,1705364507.5278518,ACC_000337,ACC_000488,23500.0,intermediary_transfer,None,DEV_000029,IP_000007,domestic,upi_app,1,layered_mule,scenario_g
TX_00002678,1705364807.5278518,ACC_000170,ACC_000488,28000.0,intermediary_transfer,None,DEV_000029,IP_000007,domestic,upi_app,1,layered_mule,scenario_g
TX_00002679,1705366907.5278518,ACC_000488,ACC_000320,25000.0,intermediary_transfer,None,DEV_000029,IP_000007,domestic,upi_app,1,layered_mule,scenario_g
TX_00002680,1705367307.5278518,ACC_000488,ACC_000297,24000.0,intermediary_transfer,None,DEV_000029,IP_000007,domestic,upi_app,1,layered_mule,scenario_g
TX_00001725,1705367546.7732608,ACC_000111,ACC_000160,2232.79,merchant_settlement,MERCH_00011,DEV_000159,IP_000160,domestic,web,0,none,scenario_b
TX_00001872,1705371569.1790848,ACC_000390,ACC_000029,295.84,p2m,MERCH_00042,DEV_000016,IP_000035,domestic,qr_code,0,none,scenario_b
TX_00000773,1705372249.8439465,ACC_000280,ACC_000390,285.17,p2p,None,DEV_000342,IP_000272,domestic,qr_code,0,none,scenario_a
TX_00001358,1705373056.8697422,ACC_000099,ACC_000457,7099.96,merchant_settlement,MERCH_00044,DEV_000002,IP_000003,domestic,web,0,none,scenario_b
TX_00002321,1705373436.062522,ACC_000083,ACC_000082,57975.9,intermediary_transfer,None,DEV_000173,IP_000296,domestic,upi_app,1,basic_mule,scenario_d
TX_00002322,1705374368.1976192,ACC_000082,ACC_000429,55656.87,intermediary_transfer,None,DEV_000007,IP_000022,domestic,upi_app,1,basic_mule,scenario_d
TX_00002323,1705375976.0121703,ACC_000429,ACC_000312,53337.83,intermediary_transfer,None,DEV_000007,IP_000022,domestic,upi_app,1,basic_mule,scenario_d
TX_00001653,1705377040.8423083,ACC_000328,ACC_000269,264.51,p2m,MERCH_00021,DEV_000315,IP_000262,domestic,qr_code,0,none,scenario_b
TX_00002324,1705378151.1474988,ACC_000312,ACC_000179,51018.8,atm_cashout,None,DEV_000007,IP_000022,domestic,upi_app,1,basic_mule,scenario_d
TX_00000044,1705379260.5447538,ACC_000064,ACC_000282,1082.48,p2p,None,DEV_000196,IP_000070,domestic,web,0,none,scenario_a
TX_00001013,1705379685.9296424,ACC_000462,ACC_000160,1218.27,p2p,None,DEV_000114,IP_000109,domestic,upi_app,0,none,scenario_a
TX_00001629,1705379875.7366128,ACC_000194,ACC_000269,177.67,p2m,MERCH_00021,DEV_000021,IP_000070,domestic,qr_code,0,none,scenario_b
TX_00000479,1705380856.0752616,ACC_000142,ACC_000487,1092.32,p2p,None,DEV_000056,IP_000252,domestic,web,0,none,scenario_a
TX_00000148,1705382355.9175706,ACC_000125,ACC_000367,302.44,p2p,None,DEV_000019,IP_000279,domestic,web,0,none,scenario_a
TX_00002459,1705382617.3528628,ACC_000496,ACC_000239,11095.05,p2p,None,DEV_000146,IP_000051,domestic,upi_app,1,fan_in_mule,scenario_e
TX_00001475,1705383650.938038,ACC_000177,ACC_000336,82.04,p2m,MERCH_00001,DEV_000347,IP_000127,domestic,qr_code,0,none,scenario_b
TX_00002464,1705383976.8063953,ACC_000209,ACC_000239,9167.16,p2p,None,DEV_000266,IP_000164,domestic,upi_app,1,fan_in_mule,scenario_e
TX_00002458,1705384182.439313,ACC_000455,ACC_000239,8393.44,p2p,None,DEV_000164,IP_000227,domestic,upi_app,1,fan_in_mule,scenario_e
TX_00002461,1705384559.1114101,ACC_000169,ACC_000239,3794.96,p2p,None,DEV_000251,IP_000164,domestic,upi_app,1,fan_in_mule,scenario_e
TX_00002466,1705384629.5373409,ACC_000249,ACC_000239,9642.73,p2p,None,DEV_000339,IP_000265,domestic,upi_app,1,fan_in_mule,scenario_e
TX_00002465,1705384649.1989424,ACC_000171,ACC_000239,11465.03,p2p,None,DEV_000129,IP_000178,domestic,upi_app,1,fan_in_mule,scenario_e
TX_00002462,1705385242.4515767,ACC_000075,ACC_000239,14436.52,p2p,None,DEV_000132,IP_000131,domestic,upi_app,1,fan_in_mule,scenario_e
TX_00002457,1705385883.4453154,ACC_000280,ACC_000239,3647.68,p2p,None,DEV_000259,IP_000266,domestic,upi_app,1,fan_in_mule,scenario_e
TX_00002463,1705386093.4600046,ACC_000483,ACC_000239,8157.33,p2p,None,DEV_000202,IP_000233,domestic,upi_app,1,fan_in_mule,scenario_e
TX_00002460,1705386107.0706296,ACC_000332,ACC_000239,4229.27,p2p,None,DEV_000349,IP_000149,domestic,upi_app,1,fan_in_mule,scenario_e
TX_00001554,1705387107.5507145,ACC_000388,ACC_000400,189.83,p2m,MERCH_00003,DEV_000308,IP_000140,domestic,qr_code,0,none,scenario_b
TX_00000447,1705391142.820546,ACC_000387,ACC_000442,919.32,p2p,None,DEV_000239,IP_000232,domestic,web,0,none,scenario_a
TX_00001447,1705393107.9222913,ACC_000319,ACC_000350,284.4,p2m,MERCH_00009,DEV_000280,IP_000126,domestic,qr_code,0,none,scenario_b
TX_00001051,1705394463.289308,ACC_000170,ACC_000263,249.6,p2p,None,DEV_000142,IP_000194,domestic,upi_app,0,none,scenario_a
TX_00000473,1705396220.122154,ACC_000356,ACC_000342,530.8,p2p,None,DEV_000261,IP_000021,domestic,web,0,none,scenario_a
TX_00001662,1705397518.7254503,ACC_000268,ACC_000269,142.59,p2m,MERCH_00021,DEV_000226,IP_000283,domestic,qr_code,0,none,scenario_b
TX_00000092,1705397909.8017364,ACC_000055,ACC_000254,251.46,p2p,None,DEV_000104,IP_000068,domestic,upi_app,0,none,scenario_a
TX_00001041,1705397912.648254,ACC_000326,ACC_000288,738.02,p2p,None,DEV_000091,IP_000240,domestic,qr_code,0,none,scenario_a
TX_00000335,1705400398.4177222,ACC_000400,ACC_000485,285.46,p2p,None,DEV_000396,IP_000121,domestic,upi_app,0,none,scenario_a
TX_00001215,1705401111.4375458,ACC_000234,ACC_000186,78.66,p2m,MERCH_00041,DEV_000371,IP_000260,domestic,qr_code,0,none,scenario_b
TX_00001341,1705402514.1263406,ACC_000209,ACC_000099,374.88,p2m,MERCH_00044,DEV_000198,IP_000081,domestic,qr_code,0,none,scenario_b
TX_00000745,1705402710.6368775,ACC_000133,ACC_000217,332.85,p2p,None,DEV_000145,IP_000011,domestic,qr_code,0,none,scenario_a
TX_00001411,1705403208.1139398,ACC_000377,ACC_000004,7491.38,merchant_settlement,MERCH_00037,DEV_000287,IP_000294,domestic,web,0,none,scenario_b
TX_00001026,1705403420.374436,ACC_000415,ACC_000105,644.72,p2p,None,DEV_000163,IP_000264,domestic,qr_code,0,none,scenario_a
TX_00002487,1705405543.4574466,ACC_000405,ACC_000343,7516.59,p2p,None,DEV_000022,IP_000274,domestic,upi_app,1,fan_in_mule,scenario_e
TX_00002488,1705405836.7509997,ACC_000410,ACC_000343,4836.44,p2p,None,DEV_000042,IP_000118,domestic,upi_app,1,fan_in_mule,scenario_e
TX_00001600,1705405951.7439642,ACC_000409,ACC_000085,122.13,p2m,MERCH_00007,DEV_000043,IP_000149,domestic,qr_code,0,none,scenario_b
TX_00002493,1705406066.65417,ACC_000266,ACC_000343,7739.5,p2p,None,DEV_000184,IP_000158,domestic,upi_app,1,fan_in_mule,scenario_e
TX_00002496,1705406286.5731745,ACC_000251,ACC_000343,11483.11,p2p,None,DEV_000150,IP_000224,domestic,upi_app,1,fan_in_mule,scenario_e
TX_00002495,1705406311.6419363,ACC_000151,ACC_000343,4295.39,p2p,None,DEV_000199,IP_000183,domestic,upi_app,1,fan_in_mule,scenario_e
TX_00000544,1705406649.7536445,ACC_000477,ACC_000267,809.78,p2p,None,DEV_000245,IP_000071,domestic,upi_app,0,none,scenario_a
TX_00002489,1705406654.8961768,ACC_000439,ACC_000343,7580.44,p2p,None,DEV_000301,IP_000086,domestic,upi_app,1,fan_in_mule,scenario_e
TX_00002492,1705407114.7738597,ACC_000054,ACC_000343,8956.89,p2p,None,DEV_000276,IP_000234,domestic,upi_app,1,fan_in_mule,scenario_e
TX_00002494,1705407159.1382897,ACC_000407,ACC_000343,8142.36,p2p,None,DEV_000142,IP_000171,domestic,upi_app,1,fan_in_mule,scenario_e
TX_00000340,1705407649.9316726,ACC_000017,ACC_000362,238.99,p2p,None,DEV_000279,IP_000157,domestic,qr_code,0,none,scenario_a
TX_00002491,1705407654.4307208,ACC_000082,ACC_000343,11925.99,p2p,None,DEV_000258,IP_000017,domestic,upi_app,1,fan_in_mule,scenario_e
TX_00002490,1705407786.035629,ACC_000488,ACC_000343,14521.6,p2p,None,DEV_000239,IP_000070,domestic,upi_app,1,fan_in_mule,scenario_e
TX_00000782,1705407815.8932052,ACC_000471,ACC_000051,2191.53,p2p,None,DEV_000377,IP_000260,domestic,qr_code,0,none,scenario_a
TX_00000775,1705408487.2916708,ACC_000249,ACC_000421,398.1,p2p,None,DEV_000027,IP_000104,domestic,upi_app,0,none,scenario_a
TX_00000398,1705409927.3661187,ACC_000147,ACC_000324,408.87,p2p,None,DEV_000065,IP_000004,domestic,upi_app,0,none,scenario_a
TX_00001682,1705411070.9035294,ACC_000431,ACC_000111,199.52,p2m,MERCH_00011,DEV_000174,IP_000136,domestic,qr_code,0,none,scenario_b
TX_00001548,1705411393.7964978,ACC_000421,ACC_000400,314.62,p2m,MERCH_00003,DEV_000090,IP_000242,domestic,qr_code,0,none,scenario_b
TX_00000450,1705411582.4406924,ACC_000381,ACC_000148,256.65,p2p,None,DEV_000063,IP_000266,domestic,web,0,none,scenario_a
TX_00000416,1705413197.1172144,ACC_000433,ACC_000427,947.45,p2p,None,DEV_000181,IP_000089,domestic,qr_code,0,none,scenario_a
TX_00000240,1705414371.6493485,ACC_000283,ACC_000462,1567.2,p2p,None,DEV_000004,IP_000261,domestic,qr_code,0,none,scenario_a
TX_00000526,1705414898.2258785,ACC_000277,ACC_000396,705.51,p2p,None,DEV_000161,IP_000281,domestic,qr_code,0,none,scenario_a
TX_00000737,1705418528.132002,ACC_000332,ACC_000453,976.32,p2p,None,DEV_000228,IP_000012,domestic,web,0,none,scenario_a
TX_00000977,1705420731.058265,ACC_000343,ACC_000104,130.9,p2p,None,DEV_000179,IP_000271,domestic,qr_code,0,none,scenario_a
TX_00000558,1705421362.8900943,ACC_000419,ACC_000117,1190.38,p2p,None,DEV_000201,IP_000034,domestic,upi_app,0,none,scenario_a
TX_00000432,1705422413.3143196,ACC_000192,ACC_000000,606.52,p2p,None,DEV_000383,IP_000180,domestic,qr_code,0,none,scenario_a
TX_00000001,1705422816.7832289,ACC_000044,ACC_000386,289.46,p2p,None,DEV_000051,IP_000251,domestic,web,0,none,scenario_a
TX_00000322,1705423664.9026792,ACC_000231,ACC_000307,166.01,p2p,None,DEV_000197,IP_000093,domestic,qr_code,0,none,scenario_a
TX_00001734,1705423719.584512,ACC_000443,ACC_000425,152.91,p2m,MERCH_00017,DEV_000328,IP_000230,domestic,qr_code,0,none,scenario_b
TX_00000524,1705423920.2398238,ACC_000076,ACC_000093,887.99,p2p,None,DEV_000382,IP_000278,domestic,upi_app,0,none,scenario_a
TX_00000043,1705424725.8424413,ACC_000222,ACC_000391,380.26,p2p,None,DEV_000246,IP_000050,domestic,upi_app,0,none,scenario_a
TX_00000350,1705425216.3926058,ACC_000273,ACC_000231,1442.57,p2p,None,DEV_000148,IP_000183,domestic,upi_app,0,none,scenario_a
TX_00001113,1705425431.0548518,ACC_000242,ACC_000135,426.38,p2m,MERCH_00028,DEV_000085,IP_000228,domestic,qr_code,0,none,scenario_b
TX_00000629,1705426185.09287,ACC_000144,ACC_000287,447.8,p2p,None,DEV_000033,IP_000035,domestic,upi_app,0,none,scenario_a
TX_00000498,1705427360.9044309,ACC_000020,ACC_000410,137.55,p2p,None,DEV_000103,IP_000198,domestic,upi_app,0,none,scenario_a
TX_00000353,1705427434.3339274,ACC_000231,ACC_000330,1604.07,p2p,None,DEV_000041,IP_000124,domestic,web,0,none,scenario_a
TX_00000928,1705427762.987402,ACC_000152,ACC_000235,459.41,p2p,None,DEV_000267,IP_000089,domestic,web,0,none,scenario_a
TX_00001220,1705428427.0188236,ACC_000332,ACC_000186,102.12,p2m,MERCH_00041,DEV_000260,IP_000139,domestic,qr_code,0,none,scenario_b
TX_00000061,1705431135.799826,ACC_000293,ACC_000326,1091.53,p2p,None,DEV_000144,IP_000288,domestic,web,0,none,scenario_a
TX_00000610,1705431599.1782374,ACC_000142,ACC_000370,140.07,p2p,None,DEV_000097,IP_000024,domestic,web,0,none,scenario_a
TX_00001131,1705432244.4257572,ACC_000133,ACC_000135,66.04,p2m,MERCH_00028,DEV_000295,IP_000127,domestic,qr_code,0,none,scenario_b
TX_00002301,1705432365.3864596,ACC_000222,ACC_000004,35568.54,intermediary_transfer,None,DEV_000377,IP_000117,domestic,upi_app,1,basic_mule,scenario_d
TX_00000474,1705432838.11219,ACC_000021,ACC_000479,567.33,p2p,None,DEV_000169,IP_000151,domestic,upi_app,0,none,scenario_a
TX_00001518,1705433423.6238399,ACC_000336,ACC_000186,2653.22,merchant_settlement,MERCH_00001,DEV_000163,IP_000052,domestic,web,0,none,scenario_b
TX_00000618,1705434107.8866568,ACC_000145,ACC_000428,1087.59,p2p,None,DEV_000214,IP_000263,domestic,web,0,none,scenario_a
TX_00001857,1705434210.312935,ACC_000201,ACC_000029,276.44,p2m,MERCH_00042,DEV_000333,IP_000284,domestic,qr_code,0,none,scenario_b
TX_00002302,1705434538.4817162,ACC_000004,ACC_000185,34145.8,intermediary_transfer,None,DEV_000032,IP_000012,domestic,upi_app,1,basic_mule,scenario_d
TX_00001454,1705434730.6841104,ACC_000031,ACC_000350,392.31,p2m,MERCH_00009,DEV_000360,IP_000228,domestic,qr_code,0,none,scenario_b
TX_00002303,1705435965.055295,ACC_000185,ACC_000153,32723.05,intermediary_transfer,None,DEV_000032,IP_000012,domestic,upi_app,1,basic_mule,scenario_d
TX_00000031,1705436173.8691404,ACC_000376,ACC_000301,435.48,p2p,None,DEV_000099,IP_000080,domestic,upi_app,0,none,scenario_a
TX_00000813,1705436272.4026656,ACC_000128,ACC_000212,2636.64,p2p,None,DEV_000376,IP_000073,domestic,upi_app,0,none,scenario_a
TX_00000156,1705437606.156181,ACC_000234,ACC_000474,1040.68,p2p,None,DEV_000197,IP_000086,domestic,qr_code,0,none,scenario_a
TX_00002304,1705438162.923415,ACC_000153,ACC_000204,31300.31,atm_cashout,None,DEV_000032,IP_000012,domestic,upi_app,1,basic_mule,scenario_d
TX_00000958,1705439023.534257,ACC_000356,ACC_000010,431.06,p2p,None,DEV_000355,IP_000262,domestic,upi_app,0,none,scenario_a
TX_00000165,1705440418.2404666,ACC_000395,ACC_000427,263.49,p2p,None,DEV_000192,IP_000073,domestic,web,0,none,scenario_a
TX_00000507,1705441040.3165984,ACC_000304,ACC_000250,777.67,p2p,None,DEV_000193,IP_000210,domestic,qr_code,0,none,scenario_a
TX_00000076,1705441630.9743464,ACC_000208,ACC_000484,250.16,p2p,None,DEV_000310,IP_000288,domestic,web,0,none,scenario_a
TX_00000438,1705441819.1616588,ACC_000140,ACC_000172,521.88,p2p,None,DEV_000249,IP_000128,domestic,web,0,none,scenario_a
TX_00001681,1705442717.0429592,ACC_000214,ACC_000111,259.63,p2m,MERCH_00011,DEV_000105,IP_000039,domestic,qr_code,0,none,scenario_b
TX_00002537,1705443270.78745,ACC_000118,ACC_000404,6176.49,intermediary_transfer,None,DEV_000027,IP_000029,domestic,upi_app,1,fan_out_mule,scenario_f
TX_00001323,1705443566.079515,ACC_000145,ACC_000099,93.77,p2m,MERCH_00044,DEV_000389,IP_000075,domestic,qr_code,0,none,scenario_b
TX_00002545,1705443585.892072,ACC_000118,ACC_000300,6695.57,intermediary_transfer,None,DEV_000027,IP_000029,domestic,upi_app,1,fan_out_mule,scenario_f
TX_00002542,1705443739.323681,ACC_000118,ACC_000333,3023.46,intermediary_transfer,None,DEV_000027,IP_000029,domestic,upi_app,1,fan_out_mule,scenario_f
TX_00002538,1705443752.6246746,ACC_000118,ACC_000497,4545.29,intermediary_transfer,None,DEV_000027,IP_000029,domestic,upi_app,1,fan_out_mule,scenario_f
TX_00002539,1705443829.0961664,ACC_000118,ACC_000309,8625.69,intermediary_transfer,None,DEV_000027,IP_000029,domestic,upi_app,1,fan_out_mule,scenario_f
TX_00002546,1705443928.167862,ACC_000118,ACC_000115,8983.3,intermediary_transfer,None,DEV_000027,IP_000029,domestic,upi_app,1,fan_out_mule,scenario_f
TX_00002543,1705444086.3967366,ACC_000118,ACC_000397,2710.45,intermediary_transfer,None,DEV_000027,IP_000029,domestic,upi_app,1,fan_out_mule,scenario_f
TX_00002544,1705444256.3560414,ACC_000118,ACC_000466,9179.62,intermediary_transfer,None,DEV_000027,IP_000029,domestic,upi_app,1,fan_out_mule,scenario_f
TX_00002540,1705444641.9101014,ACC_000118,ACC_000439,6488.52,intermediary_transfer,None,DEV_000027,IP_000029,domestic,upi_app,1,fan_out_mule,scenario_f
TX_00002541,1705444657.7065234,ACC_000118,ACC_000193,5193.2,intermediary_transfer,None,DEV_000027,IP_000029,domestic,upi_app,1,fan_out_mule,scenario_f
TX_00000205,1705446739.8024886,ACC_000216,ACC_000391,1703.44,p2p,None,DEV_000020,IP_000257,domestic,qr_code,0,none,scenario_a
TX_00001814,1705449716.8211772,ACC_000007,ACC_000483,38.0,p2m,MERCH_00036,DEV_000177,IP_000118,domestic,qr_code,0,none,scenario_b
TX_00001781,1705450011.7170308,ACC_000425,ACC_000248,4038.92,merchant_settlement,MERCH_00017,DEV_000076,IP_000097,domestic,web,0,none,scenario_b
TX_00001339,1705450763.7717006,ACC_000370,ACC_000099,113.77,p2m,MERCH_00044,DEV_000327,IP_000209,domestic,qr_code,0,none,scenario_b
TX_00002811,1705456640.5141459,ACC_000313,ACC_000356,40000.0,p2p,None,DEV_000390,IP_000097,domestic,upi_app,1,camouflage_mule,scenario_h
TX_00002812,1705456940.5141459,ACC_000356,ACC_000060,366.12,p2m,MERCH_00018,DEV_000253,IP_000095,domestic,qr_code,1,camouflage_mule,scenario_h
TX_00001400,1705457234.0894213,ACC_000311,ACC_000377,117.91,p2m,MERCH_00037,DEV_000384,IP_000004,domestic,qr_code,0,none,scenario_b
TX_00002813,1705457240.5141459,ACC_000356,ACC_000060,390.04,p2m,MERCH_00018,DEV_000334,IP_000044,domestic,qr_code,1,camouflage_mule,scenario_h
TX_00002814,1705458440.5141459,ACC_000356,ACC_000336,38500.0,intermediary_transfer,None,DEV_000159,IP_000230,domestic,upi_app,1,camouflage_mule,scenario_h
TX_00002525,1705459842.7653067,ACC_000473,ACC_000124,7511.88,intermediary_transfer,None,DEV_000023,IP_000018,domestic,upi_app,1,fan_out_mule,scenario_f
TX_00002518,1705460020.234159,ACC_000473,ACC_000405,8616.89,intermediary_transfer,None,DEV_000023,IP_000018,domestic,upi_app,1,fan_out_mule,scenario_f
TX_00002520,1705460213.537053,ACC_000473,ACC_000038,2367.33,intermediary_transfer,None,DEV_000023,IP_000018,domestic,upi_app,1,fan_out_mule,scenario_f
TX_00002522,1705460293.031961,ACC_000473,ACC_000077,2649.64,intermediary_transfer,None,DEV_000023,IP_000018,domestic,upi_app,1,fan_out_mule,scenario_f
TX_00002526,1705460381.2887611,ACC_000473,ACC_000367,5206.34,intermediary_transfer,None,DEV_000023,IP_000018,domestic,upi_app,1,fan_out_mule,scenario_f
TX_00002523,1705460387.0272672,ACC_000473,ACC_000457,4430.45,intermediary_transfer,None,DEV_000023,IP_000018,domestic,upi_app,1,fan_out_mule,scenario_f
TX_00002521,1705460739.2297304,ACC_000473,ACC_000216,7954.76,intermediary_transfer,None,DEV_000023,IP_000018,domestic,upi_app,1,fan_out_mule,scenario_f
TX_00002524,1705460990.5507789,ACC_000473,ACC_000198,8582.55,intermediary_transfer,None,DEV_000023,IP_000018,domestic,upi_app,1,fan_out_mule,scenario_f
TX_00002517,1705461106.4144409,ACC_000473,ACC_000155,8556.49,intermediary_transfer,None,DEV_000023,IP_000018,domestic,upi_app,1,fan_out_mule,scenario_f
TX_00002519,1705461527.9294074,ACC_000473,ACC_000099,7681.58,intermediary_transfer,None,DEV_000023,IP_000018,domestic,upi_app,1,fan_out_mule,scenario_f
TX_00000459,1705464523.100814,ACC_000361,ACC_000409,804.22,p2p,None,DEV_000374,IP_000063,domestic,qr_code,0,none,scenario_a
TX_00000297,1705464796.9705956,ACC_000233,ACC_000446,257.71,p2p,None,DEV_000372,IP_000161,domestic,qr_code,0,none,scenario_a
TX_00001796,1705466686.232691,ACC_000423,ACC_000483,180.57,p2m,MERCH_00036,DEV_000191,IP_000101,domestic,qr_code,0,none,scenario_b
TX_00002309,1705468724.9154046,ACC_000291,ACC_000412,30780.8,intermediary_transfer,None,DEV_000289,IP_000165,domestic,upi_app,1,basic_mule,scenario_d
TX_00000664,1705470253.7390802,ACC_000465,ACC_000106,611.56,p2p,None,DEV_000123,IP_000093,domestic,upi_app,0,none,scenario_a
TX_00002310,1705470437.465421,ACC_000412,ACC_000106,29549.56,intermediary_transfer,None,DEV_000003,IP_000022,domestic,upi_app,1,basic_mule,scenario_d
TX_00002311,1705472108.4961462,ACC_000106,ACC_000114,28318.33,intermediary_transfer,None,DEV_000003,IP_000022,domestic,upi_app,1,basic_mule,scenario_d
TX_00000631,1705472500.2367861,ACC_000277,ACC_000398,802.49,p2p,None,DEV_000072,IP_000089,domestic,qr_code,0,none,scenario_a
TX_00000226,1705473268.560477,ACC_000294,ACC_000090,1498.79,p2p,None,DEV_000293,IP_000212,domestic,upi_app,0,none,scenario_a
TX_00002312,1705473981.2466683,ACC_000114,ACC_000256,27087.1,atm_cashout,None,DEV_000003,IP_000022,domestic,upi_app,1,basic_mule,scenario_d
TX_00000540,1705474292.389662,ACC_000149,ACC_000112,2052.39,p2p,None,DEV_000080,IP_000036,domestic,qr_code,0,none,scenario_a
TX_00001671,1705474760.3496287,ACC_000269,ACC_000282,2545.67,merchant_settlement,MERCH_00021,DEV_000139,IP_000048,domestic,web,0,none,scenario_b
TX_00001800,1705475144.2953212,ACC_000127,ACC_000483,206.64,p2m,MERCH_00036,DEV_000136,IP_000251,domestic,qr_code,0,none,scenario_b
TX_00000643,1705475701.303858,ACC_000051,ACC_000172,293.63,p2p,None,DEV_000021,IP_000001,domestic,web,0,none,scenario_a
TX_00000628,1705480014.1791084,ACC_000430,ACC_000115,1063.44,p2p,None,DEV_000343,IP_000049,domestic,qr_code,0,none,scenario_a
TX_00000542,1705484373.7350187,ACC_000340,ACC_000399,2545.43,p2p,None,DEV_000367,IP_000142,domestic,web,0,none,scenario_a
TX_00001241,1705485664.220914,ACC_000457,ACC_000186,96.3,p2m,MERCH_00041,DEV_000145,IP_000266,domestic,qr_code,0,none,scenario_b
TX_00000363,1705486037.4650295,ACC_000416,ACC_000111,432.79,p2p,None,DEV_000319,IP_000006,domestic,qr_code,0,none,scenario_a
TX_00001877,1705487306.8838868,ACC_000265,ACC_000029,88.41,p2m,MERCH_00042,DEV_000393,IP_000165,domestic,qr_code,0,none,scenario_b
TX_00000751,1705487504.9638605,ACC_000069,ACC_000267,1241.94,p2p,None,DEV_000094,IP_000293,domestic,upi_app,0,none,scenario_a
TX_00000073,1705490614.2006342,ACC_000158,ACC_000095,585.39,p2p,None,DEV_000002,IP_000124,domestic,upi_app,0,none,scenario_a
TX_00001589,1705493602.9388924,ACC_000005,ACC_000085,276.28,p2m,MERCH_00007,DEV_000224,IP_000177,domestic,qr_code,0,none,scenario_b
TX_00000734,1705495277.5268328,ACC_000320,ACC_000400,874.24,p2p,None,DEV_000393,IP_000149,domestic,upi_app,0,none,scenario_a
TX_00000588,1705495359.4081676,ACC_000474,ACC_000003,404.72,p2p,None,DEV_000123,IP_000195,domestic,qr_code,0,none,scenario_a
TX_00001663,1705495658.9797976,ACC_000412,ACC_000269,182.35,p2m,MERCH_00021,DEV_000241,IP_000075,domestic,qr_code,0,none,scenario_b
TX_00000787,1705496073.091764,ACC_000077,ACC_000010,290.21,p2p,None,DEV_000060,IP_000058,domestic,upi_app,0,none,scenario_a
TX_00000096,1705497627.1945612,ACC_000266,ACC_000309,1005.3,p2p,None,DEV_000181,IP_000290,domestic,web,0,none,scenario_a
TX_00000917,1705498977.9170175,ACC_000477,ACC_000141,294.89,p2p,None,DEV_000069,IP_000171,domestic,qr_code,0,none,scenario_a
TX_00001217,1705500187.4918861,ACC_000176,ACC_000186,303.24,p2m,MERCH_00041,DEV_000251,IP_000037,domestic,qr_code,0,none,scenario_b
TX_00000130,1705500691.1513152,ACC_000382,ACC_000069,1091.99,p2p,None,DEV_000280,IP_000230,domestic,qr_code,0,none,scenario_a
TX_00000355,1705501301.7706158,ACC_000216,ACC_000124,421.65,p2p,None,DEV_000000,IP_000037,domestic,upi_app,0,none,scenario_a
TX_00000715,1705503572.239413,ACC_000380,ACC_000367,573.1,p2p,None,DEV_000135,IP_000226,domestic,qr_code,0,none,scenario_a
TX_00000063,1705505006.273728,ACC_000191,ACC_000247,1085.71,p2p,None,DEV_000133,IP_000146,domestic,upi_app,0,none,scenario_a
TX_00000014,1705505896.5835383,ACC_000039,ACC_000048,507.13,p2p,None,DEV_000070,IP_000138,domestic,qr_code,0,none,scenario_a
TX_00002827,1705507148.6697206,ACC_000063,ACC_000072,40000.0,p2p,None,DEV_000199,IP_000252,domestic,upi_app,1,camouflage_mule,scenario_h
TX_00002828,1705507448.6697206,ACC_000072,ACC_000093,164.8,p2m,MERCH_00024,DEV_000326,IP_000052,domestic,qr_code,1,camouflage_mule,scenario_h
TX_00002829,1705507748.6697206,ACC_000072,ACC_000093,247.28,p2m,MERCH_00024,DEV_000157,IP_000235,domestic,qr_code,1,camouflage_mule,scenario_h
TX_00002830,1705508948.6697206,ACC_000072,ACC_000108,38500.0,intermediary_transfer,None,DEV_000278,IP_000017,domestic,upi_app,1,camouflage_mule,scenario_h
TX_00000436,1705509087.342213,ACC_000303,ACC_000114,338.02,p2p,None,DEV_000354,IP_000134,domestic,upi_app,0,none,scenario_a
TX_00000352,1705509312.1134691,ACC_000037,ACC_000383,670.91,p2p,None,DEV_000303,IP_000082,domestic,qr_code,0,none,scenario_a
TX_00000213,1705509727.5639682,ACC_000409,ACC_000432,811.07,p2p,None,DEV_000103,IP_000157,domestic,qr_code,0,none,scenario_a
TX_00000033,1705509775.589172,ACC_000461,ACC_000071,1238.76,p2p,None,DEV_000008,IP_000212,domestic,upi_app,0,none,scenario_a
TX_00000222,1705510078.8720124,ACC_000142,ACC_000310,4081.07,p2p,None,DEV_000273,IP_000182,domestic,upi_app,0,none,scenario_a
TX_00000954,1705510820.7013772,ACC_000173,ACC_000227,425.59,p2p,None,DEV_000117,IP_000001,domestic,qr_code,0,none,scenario_a
TX_00001410,1705511013.8320763,ACC_000377,ACC_000084,2000.0,merchant_settlement,MERCH_00037,DEV_000225,IP_000052,domestic,web,0,none,scenario_b
TX_00000269,1705511863.1084745,ACC_000334,ACC_000484,491.55,p2p,None,DEV_000067,IP_000068,domestic,qr_code,0,none,scenario_a
TX_00000248,1705512181.465358,ACC_000093,ACC_000343,980.51,p2p,None,DEV_000208,IP_000080,domestic,upi_app,0,none,scenario_a
TX_00000789,1705512424.3821006,ACC_000473,ACC_000260,792.78,p2p,None,DEV_000047,IP_000102,domestic,web,0,none,scenario_a
TX_00000235,1705512992.095962,ACC_000114,ACC_000222,279.31,p2p,None,DEV_000071,IP_000178,domestic,qr_code,0,none,scenario_a
TX_00000736,1705513043.5040634,ACC_000023,ACC_000368,136.6,p2p,None,DEV_000334,IP_000048,domestic,upi_app,0,none,scenario_a
TX_00001651,1705513057.9031446,ACC_000385,ACC_000269,111.97,p2m,MERCH_00021,DEV_000118,IP_000187,domestic,qr_code,0,none,scenario_b
TX_00000056,1705513508.6092799,ACC_000229,ACC_000354,1397.78,p2p,None,DEV_000313,IP_000076,domestic,web,0,none,scenario_a
TX_00001104,1705514128.4087152,ACC_000456,ACC_000384,2068.25,p2p,None,DEV_000304,IP_000023,domestic,upi_app,0,none,scenario_a
TX_00000295,1705514386.655173,ACC_000134,ACC_000022,1540.09,p2p,None,DEV_000004,IP_000091,domestic,web,0,none,scenario_a
TX_00000254,1705518002.4380865,ACC_000145,ACC_000237,659.74,p2p,None,DEV_000169,IP_000002,domestic,qr_code,0,none,scenario_a
TX_00001005,1705518137.3994422,ACC_000296,ACC_000092,282.91,p2p,None,DEV_000112,IP_000117,domestic,qr_code,0,none,scenario_a
TX_00001036,1705518575.8868318,ACC_000171,ACC_000154,475.0,p2p,None,DEV_000083,IP_000007,domestic,web,0,none,scenario_a
TX_00001023,1705519417.2105346,ACC_000018,ACC_000014,434.38,p2p,None,DEV_000005,IP_000170,domestic,web,0,none,scenario_a
TX_00001746,1705520369.794284,ACC_000243,ACC_000425,129.01,p2m,MERCH_00017,DEV_000283,IP_000263,domestic,qr_code,0,none,scenario_b
TX_00000568,1705522741.68869,ACC_000052,ACC_000486,2395.28,p2p,None,DEV_000114,IP_000174,domestic,upi_app,0,none,scenario_a
TX_00000699,1705523807.0056827,ACC_000180,ACC_000315,739.56,p2p,None,DEV_000153,IP_000111,domestic,qr_code,0,none,scenario_a
TX_00000795,1705523953.256326,ACC_000133,ACC_000021,1469.4,p2p,None,DEV_000305,IP_000297,domestic,qr_code,0,none,scenario_a
TX_00000633,1705525845.935647,ACC_000310,ACC_000019,357.31,p2p,None,DEV_000310,IP_000145,domestic,web,0,none,scenario_a
TX_00001365,1705529771.540921,ACC_000099,ACC_000498,2000.0,merchant_settlement,MERCH_00044,DEV_000130,IP_000087,domestic,web,0,none,scenario_b
TX_00001449,1705531720.0099082,ACC_000246,ACC_000350,146.58,p2m,MERCH_00009,DEV_000166,IP_000053,domestic,qr_code,0,none,scenario_b
TX_00001495,1705532947.3688047,ACC_000147,ACC_000336,192.86,p2m,MERCH_00001,DEV_000290,IP_000111,domestic,qr_code,0,none,scenario_b
TX_00000315,1705534580.5849874,ACC_000468,ACC_000146,1591.65,p2p,None,DEV_000277,IP_000297,domestic,upi_app,0,none,scenario_a
TX_00001139,1705538586.919025,ACC_000422,ACC_000135,166.29,p2m,MERCH_00028,DEV_000398,IP_000185,domestic,qr_code,0,none,scenario_b
TX_00001500,1705538971.6732903,ACC_000466,ACC_000336,234.2,p2m,MERCH_00001,DEV_000269,IP_000194,domestic,qr_code,0,none,scenario_b
TX_00001192,1705544600.9695077,ACC_000184,ACC_000009,57.81,p2m,MERCH_00019,DEV_000172,IP_000004,domestic,qr_code,0,none,scenario_b
TX_00001676,1705547246.3802593,ACC_000269,ACC_000144,6388.62,merchant_settlement,MERCH_00021,DEV_000272,IP_000155,domestic,web,0,none,scenario_b
TX_00000477,1705547707.623538,ACC_000082,ACC_000310,897.92,p2p,None,DEV_000399,IP_000192,domestic,web,0,none,scenario_a
TX_00001556,1705553762.059899,ACC_000486,ACC_000400,133.16,p2m,MERCH_00003,DEV_000242,IP_000018,domestic,qr_code,0,none,scenario_b
TX_00001212,1705554102.484475,ACC_000348,ACC_000186,320.17,p2m,MERCH_00041,DEV_000344,IP_000065,domestic,qr_code,0,none,scenario_b
TX_00001255,1705554361.7753978,ACC_000186,ACC_000408,2233.19,merchant_settlement,MERCH_00041,DEV_000204,IP_000031,domestic,web,0,none,scenario_b
TX_00001580,1705555715.9142556,ACC_000378,ACC_000085,215.4,p2m,MERCH_00007,DEV_000047,IP_000145,domestic,qr_code,0,none,scenario_b
TX_00001689,1705562139.0906873,ACC_000240,ACC_000111,105.85,p2m,MERCH_00011,DEV_000032,IP_000035,domestic,qr_code,0,none,scenario_b
TX_00001565,1705565653.5992439,ACC_000349,ACC_000400,174.99,p2m,MERCH_00003,DEV_000176,IP_000296,domestic,qr_code,0,none,scenario_b
TX_00001152,1705566175.507373,ACC_000135,ACC_000432,5813.61,merchant_settlement,MERCH_00028,DEV_000156,IP_000147,domestic,web,0,none,scenario_b
TX_00000799,1705567996.393111,ACC_000187,ACC_000116,900.97,p2p,None,DEV_000079,IP_000012,domestic,qr_code,0,none,scenario_a
TX_00001882,1705568866.2991014,ACC_000029,ACC_000180,2000.0,merchant_settlement,MERCH_00042,DEV_000132,IP_000127,domestic,web,0,none,scenario_b
TX_00001249,1705568866.372645,ACC_000290,ACC_000186,79.77,p2m,MERCH_00041,DEV_000252,IP_000258,domestic,qr_code,0,none,scenario_b
TX_00000854,1705569939.1385188,ACC_000274,ACC_000145,681.16,p2p,None,DEV_000334,IP_000267,domestic,qr_code,0,none,scenario_a
TX_00001480,1705571645.1076505,ACC_000262,ACC_000336,105.76,p2m,MERCH_00001,DEV_000139,IP_000065,domestic,qr_code,0,none,scenario_b
TX_00000726,1705571936.0159276,ACC_000483,ACC_000424,805.01,p2p,None,DEV_000056,IP_000252,domestic,web,0,none,scenario_a
TX_00000829,1705573890.4505463,ACC_000165,ACC_000144,265.47,p2p,None,DEV_000146,IP_000183,domestic,upi_app,0,none,scenario_a
TX_00000372,1705576802.7717083,ACC_000438,ACC_000354,1694.96,p2p,None,DEV_000189,IP_000033,domestic,web,0,none,scenario_a
TX_00000720,1705578428.2692204,ACC_000135,ACC_000321,938.77,p2p,None,DEV_000384,IP_000235,domestic,qr_code,0,none,scenario_a
TX_00001473,1705578589.0093136,ACC_000214,ACC_000336,182.39,p2m,MERCH_00001,DEV_000266,IP_000260,domestic,qr_code,0,none,scenario_b
TX_00000382,1705578840.6218028,ACC_000469,ACC_000476,224.39,p2p,None,DEV_000132,IP_000213,domestic,web,0,none,scenario_a
TX_00000273,1705579141.387548,ACC_000381,ACC_000227,1883.57,p2p,None,DEV_000371,IP_000196,domestic,qr_code,0,none,scenario_a
TX_00000280,1705580268.0909538,ACC_000014,ACC_000253,395.67,p2p,None,DEV_000336,IP_000157,domestic,qr_code,0,none,scenario_a
TX_00000746,1705582957.0272906,ACC_000067,ACC_000329,855.06,p2p,None,DEV_000369,IP_000120,domestic,qr_code,0,none,scenario_a
TX_00001087,1705584448.612455,ACC_000045,ACC_000286,573.37,p2p,None,DEV_000229,IP_000208,domestic,upi_app,0,none,scenario_a
TX_00000911,1705584743.9895039,ACC_000479,ACC_000374,314.28,p2p,None,DEV_000064,IP_000178,domestic,web,0,none,scenario_a
TX_00001608,1705585028.5788474,ACC_000151,ACC_000085,195.38,p2m,MERCH_00007,DEV_000291,IP_000044,domestic,qr_code,0,none,scenario_b
TX_00000851,1705586653.9998233,ACC_000140,ACC_000351,656.96,p2p,None,DEV_000089,IP_000050,domestic,web,0,none,scenario_a
TX_00000639,1705588123.7186587,ACC_000447,ACC_000156,1356.59,p2p,None,DEV_000043,IP_000292,domestic,qr_code,0,none,scenario_a
TX_00001236,1705588170.71926,ACC_000102,ACC_000186,214.48,p2m,MERCH_00041,DEV_000152,IP_000292,domestic,qr_code,0,none,scenario_b
TX_00000868,1705588312.776364,ACC_000070,ACC_000472,491.43,p2p,None,DEV_000153,IP_000113,domestic,upi_app,0,none,scenario_a
TX_00000994,1705593024.1996272,ACC_000038,ACC_000324,662.92,p2p,None,DEV_000093,IP_000030,domestic,upi_app,0,none,scenario_a
TX_00001827,1705594525.3836606,ACC_000483,ACC_000320,5196.11,merchant_settlement,MERCH_00036,DEV_000145,IP_000194,domestic,web,0,none,scenario_b
TX_00000135,1705594692.2959845,ACC_000152,ACC_000128,949.35,p2p,None,DEV_000067,IP_000109,domestic,upi_app,0,none,scenario_a
TX_00001697,1705594695.9256728,ACC_000250,ACC_000111,77.24,p2m,MERCH_00011,DEV_000236,IP_000200,domestic,qr_code,0,none,scenario_b
TX_00000648,1705594821.7738087,ACC_000325,ACC_000165,967.87,p2p,None,DEV_000356,IP_000260,domestic,upi_app,0,none,scenario_a
TX_00000675,1705595972.6336875,ACC_000225,ACC_000262,343.24,p2p,None,DEV_000327,IP_000042,domestic,web,0,none,scenario_a
TX_00000583,1705596425.1839893,ACC_000442,ACC_000454,5913.72,p2p,None,DEV_000083,IP_000005,domestic,upi_app,0,none,scenario_a
TX_00001855,1705596985.6251984,ACC_000049,ACC_000029,39.59,p2m,MERCH_00042,DEV_000162,IP_000061,domestic,qr_code,0,none,scenario_b
TX_00001246,1705597474.9401567,ACC_000473,ACC_000186,133.19,p2m,MERCH_00041,DEV_000266,IP_000024,domestic,qr_code,0,none,scenario_b
TX_00000341,1705597510.9801369,ACC_000283,ACC_000262,911.04,p2p,None,DEV_000377,IP_000151,domestic,web,0,none,scenario_a
TX_00000361,1705598034.740761,ACC_000084,ACC_000294,1103.56,p2p,None,DEV_000083,IP_000273,domestic,web,0,none,scenario_a
TX_00000635,1705598902.7069235,ACC_000162,ACC_000263,1176.66,p2p,None,DEV_000347,IP_000124,domestic,web,0,none,scenario_a
TX_00000946,1705600538.924683,ACC_000123,ACC_000149,365.4,p2p,None,DEV_000017,IP_000158,domestic,qr_code,0,none,scenario_a
TX_00000403,1705602724.893635,ACC_000172,ACC_000475,606.29,p2p,None,DEV_000281,IP_000166,domestic,qr_code,0,none,scenario_a
TX_00000845,1705604267.9263325,ACC_000340,ACC_000189,230.43,p2p,None,DEV_000359,IP_000098,domestic,qr_code,0,none,scenario_a
TX_00000729,1705605157.0290473,ACC_000132,ACC_000278,411.84,p2p,None,DEV_000280,IP_000002,domestic,upi_app,0,none,scenario_a
TX_00000138,1705610965.2102869,ACC_000294,ACC_000395,698.92,p2p,None,DEV_000070,IP_000046,domestic,web,0,none,scenario_a
TX_00001125,1705612482.102516,ACC_000301,ACC_000135,74.54,p2m,MERCH_00028,DEV_000285,IP_000202,domestic,qr_code,0,none,scenario_b
TX_00000739,1705612648.2658095,ACC_000188,ACC_000382,1904.91,p2p,None,DEV_000238,IP_000170,domestic,web,0,none,scenario_a
TX_00000060,1705614713.2959483,ACC_000460,ACC_000018,526.08,p2p,None,DEV_000280,IP_000164,domestic,web,0,none,scenario_a
TX_00001466,1705631985.8359017,ACC_000350,ACC_000348,2000.0,merchant_settlement,MERCH_00009,DEV_000118,IP_000106,domestic,web,0,none,scenario_b
TX_00001752,1705633554.489076,ACC_000153,ACC_000425,299.79,p2m,MERCH_00017,DEV_000187,IP_000150,domestic,qr_code,0,none,scenario_b
TX_00001630,1705639585.1322148,ACC_000226,ACC_000269,212.94,p2m,MERCH_00021,DEV_000099,IP_000217,domestic,qr_code,0,none,scenario_b
TX_00001118,1705641407.0212893,ACC_000107,ACC_000135,73.84,p2m,MERCH_00028,DEV_000055,IP_000004,domestic,qr_code,0,none,scenario_b
TX_00001766,1705642195.6290925,ACC_000414,ACC_000425,524.21,p2m,MERCH_00017,DEV_000370,IP_000286,domestic,qr_code,0,none,scenario_b
TX_00000728,1705644374.0805016,ACC_000317,ACC_000068,1062.21,p2p,None,DEV_000220,IP_000081,domestic,web,0,none,scenario_a
TX_00001555,1705645038.8280463,ACC_000086,ACC_000400,111.26,p2m,MERCH_00003,DEV_000172,IP_000038,domestic,qr_code,0,none,scenario_b
TX_00002621,1705646242.425482,ACC_000138,ACC_000417,3592.93,intermediary_transfer,None,DEV_000005,IP_000025,domestic,upi_app,1,fan_out_mule,scenario_f
TX_00002618,1705646491.3157625,ACC_000138,ACC_000174,9396.32,intermediary_transfer,None,DEV_000005,IP_000025,domestic,upi_app,1,fan_out_mule,scenario_f
TX_00000174,1705646705.2194853,ACC_000336,ACC_000433,1433.21,p2p,None,DEV_000050,IP_000276,domestic,qr_code,0,none,scenario_a
TX_00002620,1705646989.0376763,ACC_000138,ACC_000366,7343.82,intermediary_transfer,None,DEV_000005,IP_000025,domestic,upi_app,1,fan_out_mule,scenario_f
TX_00002619,1705647137.8712366,ACC_000138,ACC_000347,7711.96,intermediary_transfer,None,DEV_000005,IP_000025,domestic,upi_app,1,fan_out_mule,scenario_f
TX_00002624,1705647148.4678295,ACC_000138,ACC_000438,7533.0,intermediary_transfer,None,DEV_000005,IP_000025,domestic,upi_app,1,fan_out_mule,scenario_f
TX_00002623,1705647303.4417799,ACC_000138,ACC_000452,3219.05,intermediary_transfer,None,DEV_000005,IP_000025,domestic,upi_app,1,fan_out_mule,scenario_f
TX_00001440,1705647312.679425,ACC_000330,ACC_000350,41.28,p2m,MERCH_00009,DEV_000342,IP_000063,domestic,qr_code,0,none,scenario_b
TX_00002626,1705647436.256584,ACC_000138,ACC_000391,6818.3,intermediary_transfer,None,DEV_000005,IP_000025,domestic,upi_app,1,fan_out_mule,scenario_f
TX_00002617,1705647486.3629954,ACC_000138,ACC_000488,9363.79,intermediary_transfer,None,DEV_000005,IP_000025,domestic,upi_app,1,fan_out_mule,scenario_f
TX_00002622,1705647603.6823647,ACC_000138,ACC_000435,8287.16,intermediary_transfer,None,DEV_000005,IP_000025,domestic,upi_app,1,fan_out_mule,scenario_f
TX_00002625,1705647720.7458346,ACC_000138,ACC_000367,4379.22,intermediary_transfer,None,DEV_000005,IP_000025,domestic,upi_app,1,fan_out_mule,scenario_f
TX_00000997,1705648409.7174723,ACC_000300,ACC_000181,388.44,p2p,None,DEV_000295,IP_000281,domestic,upi_app,0,none,scenario_a
TX_00000674,1705650514.2450757,ACC_000048,ACC_000185,389.71,p2p,None,DEV_000368,IP_000062,domestic,upi_app,0,none,scenario_a
TX_00001474,1705650809.3919544,ACC_000493,ACC_000336,190.95,p2m,MERCH_00001,DEV_000369,IP_000164,domestic,qr_code,0,none,scenario_b
TX_00001623,1705651423.405236,ACC_000085,ACC_000308,2167.71,merchant_settlement,MERCH_00007,DEV_000276,IP_000279,domestic,web,0,none,scenario_b
TX_00000348,1705652673.0231109,ACC_000260,ACC_000141,1576.89,p2p,None,DEV_000021,IP_000263,domestic,qr_code,0,none,scenario_a
TX_00000005,1705652827.7912507,ACC_000231,ACC_000064,339.64,p2p,None,DEV_000280,IP_000029,domestic,upi_app,0,none,scenario_a
TX_00000978,1705654433.858042,ACC_000327,ACC_000347,740.06,p2p,None,DEV_000170,IP_000076,domestic,web,0,none,scenario_a
TX_00001307,1705655100.2298934,ACC_000035,ACC_000462,4320.13,merchant_settlement,MERCH_00005,DEV_000231,IP_000243,domestic,web,0,none,scenario_b
TX_00001701,1705655107.780524,ACC_000274,ACC_000111,96.37,p2m,MERCH_00011,DEV_000037,IP_000272,domestic,qr_code,0,none,scenario_b
TX_00001349,1705655114.8730328,ACC_000265,ACC_000099,230.25,p2m,MERCH_00044,DEV_000038,IP_000104,domestic,qr_code,0,none,scenario_b
TX_00000015,1705656469.779116,ACC_000009,ACC_000379,435.46,p2p,None,DEV_000033,IP_000227,domestic,web,0,none,scenario_a
TX_00001874,1705658916.7044585,ACC_000231,ACC_000029,196.99,p2m,MERCH_00042,DEV_000361,IP_000016,domestic,qr_code,0,none,scenario_b
TX_00001787,1705659546.4052374,ACC_000378,ACC_000483,192.02,p2m,MERCH_00036,DEV_000066,IP_000279,domestic,qr_code,0,none,scenario_b
TX_00001591,1705660450.2690156,ACC_000228,ACC_000085,178.76,p2m,MERCH_00007,DEV_000199,IP_000208,domestic,qr_code,0,none,scenario_b
TX_00000656,1705661816.6699402,ACC_000073,ACC_000460,314.64,p2p,None,DEV_000113,IP_000074,domestic,web,0,none,scenario_a
TX_00000892,1705665778.51561,ACC_000426,ACC_000178,1065.8,p2p,None,DEV_000140,IP_000015,domestic,qr_code,0,none,scenario_a
TX_00002839,1705666048.7955573,ACC_000396,ACC_000298,40000.0,p2p,None,DEV_000078,IP_000044,domestic,upi_app,1,camouflage_mule,scenario_h
TX_00002840,1705666348.7955573,ACC_000298,ACC_000425,141.37,p2m,MERCH_00017,DEV_000356,IP_000074,domestic,qr_code,1,camouflage_mule,scenario_h
TX_00002841,1705666648.7955573,ACC_000298,ACC_000425,359.44,p2m,MERCH_00017,DEV_000070,IP_000109,domestic,qr_code,1,camouflage_mule,scenario_h
TX_00000653,1705667253.085689,ACC_000277,ACC_000036,390.43,p2p,None,DEV_000234,IP_000088,domestic,qr_code,0,none,scenario_a
TX_00000624,1705667500.0408344,ACC_000256,ACC_000490,2014.34,p2p,None,DEV_000091,IP_000135,domestic,qr_code,0,none,scenario_a
TX_00002842,1705667848.7955573,ACC_000298,ACC_000399,38500.0,intermediary_transfer,None,DEV_000140,IP_000152,domestic,upi_app,1,camouflage_mule,scenario_h
TX_00000682,1705668204.9839585,ACC_000148,ACC_000109,187.13,p2p,None,DEV_000173,IP_000179,domestic,upi_app,0,none,scenario_a
TX_00000890,1705670300.751055,ACC_000182,ACC_000264,1554.44,p2p,None,DEV_000267,IP_000246,domestic,upi_app,0,none,scenario_a
TX_00000444,1705670759.714253,ACC_000002,ACC_000250,1124.91,p2p,None,DEV_000079,IP_000075,domestic,upi_app,0,none,scenario_a
TX_00000693,1705671037.017993,ACC_000005,ACC_000439,1245.15,p2p,None,DEV_000290,IP_000053,domestic,qr_code,0,none,scenario_a
TX_00000623,1705671068.8761952,ACC_000274,ACC_000489,1164.14,p2p,None,DEV_000084,IP_000276,domestic,upi_app,0,none,scenario_a
TX_00000817,1705671785.561965,ACC_000169,ACC_000367,123.42,p2p,None,DEV_000296,IP_000198,domestic,web,0,none,scenario_a
TX_00002429,1705672429.4765005,ACC_000375,ACC_000452,8111.1,p2p,None,DEV_000375,IP_000016,domestic,upi_app,1,fan_in_mule,scenario_e
TX_00000102,1705672457.114512,ACC_000488,ACC_000418,602.96,p2p,None,DEV_000244,IP_000055,domestic,web,0,none,scenario_a
TX_00002432,1705673083.1056452,ACC_000190,ACC_000452,10945.23,p2p,None,DEV_000248,IP_000261,domestic,upi_app,1,fan_in_mule,scenario_e
TX_00002435,1705673284.3881378,ACC_000252,ACC_000452,7429.4,p2p,None,DEV_000350,IP_000172,domestic,upi_app,1,fan_in_mule,scenario_e
TX_00002430,1705673586.7924035,ACC_000203,ACC_000452,8474.0,p2p,None,DEV_000168,IP_000282,domestic,upi_app,1,fan_in_mule,scenario_e
TX_00002434,1705673598.3816872,ACC_000296,ACC_000452,10273.59,p2p,None,DEV_000158,IP_000221,domestic,upi_app,1,fan_in_mule,scenario_e
TX_00000496,1705673822.658532,ACC_000208,ACC_000157,1217.07,p2p,None,DEV_000192,IP_000194,domestic,qr_code,0,none,scenario_a
TX_00002436,1705673851.3195043,ACC_000369,ACC_000452,4931.49,p2p,None,DEV_000337,IP_000069,domestic,upi_app,1,fan_in_mule,scenario_e
TX_00002431,1705674068.2970197,ACC_000150,ACC_000452,6751.53,p2p,None,DEV_000109,IP_000112,domestic,upi_app,1,fan_in_mule,scenario_e
TX_00002428,1705674812.4128606,ACC_000184,ACC_000452,6449.02,p2p,None,DEV_000037,IP_000257,domestic,upi_app,1,fan_in_mule,scenario_e
TX_00002427,1705674900.1622636,ACC_000211,ACC_000452,9280.55,p2p,None,DEV_000230,IP_000235,domestic,upi_app,1,fan_in_mule,scenario_e
TX_00002433,1705675114.6815634,ACC_000470,ACC_000452,7218.46,p2p,None,DEV_000134,IP_000272,domestic,upi_app,1,fan_in_mule,scenario_e
TX_00000080,1705676360.6905565,ACC_000221,ACC_000002,824.79,p2p,None,DEV_000268,IP_000076,domestic,upi_app,0,none,scenario_a
TX_00002289,1705676380.0887253,ACC_000011,ACC_000344,31054.57,intermediary_transfer,None,DEV_000121,IP_000209,domestic,upi_app,1,basic_mule,scenario_d
TX_00002290,1705678764.1574616,ACC_000344,ACC_000102,29812.39,intermediary_transfer,None,DEV_000011,IP_000015,domestic,upi_app,1,basic_mule,scenario_d
TX_00002291,1705679407.394098,ACC_000102,ACC_000028,28570.2,intermediary_transfer,None,DEV_000011,IP_000015,domestic,upi_app,1,basic_mule,scenario_d
TX_00000556,1705680300.3560405,ACC_000429,ACC_000438,171.04,p2p,None,DEV_000305,IP_000294,domestic,upi_app,0,none,scenario_a
TX_00002292,1705681492.2620184,ACC_000028,ACC_000192,27328.02,atm_cashout,None,DEV_000011,IP_000015,domestic,upi_app,1,basic_mule,scenario_d
TX_00000115,1705682309.7612991,ACC_000369,ACC_000148,194.71,p2p,None,DEV_000376,IP_000122,domestic,upi_app,0,none,scenario_a
TX_00001577,1705682334.1410282,ACC_000108,ACC_000085,36.5,p2m,MERCH_00007,DEV_000311,IP_000160,domestic,qr_code,0,none,scenario_b
TX_00000714,1705683924.7403877,ACC_000385,ACC_000051,761.28,p2p,None,DEV_000319,IP_000181,domestic,qr_code,0,none,scenario_a
TX_00000395,1705684528.9643886,ACC_000262,ACC_000464,389.26,p2p,None,DEV_000140,IP_000052,domestic,qr_code,0,none,scenario_a
TX_00001809,1705684771.558416,ACC_000387,ACC_000483,59.12,p2m,MERCH_00036,DEV_000338,IP_000114,domestic,qr_code,0,none,scenario_b
TX_00000887,1705687849.337308,ACC_000329,ACC_000489,1038.2,p2p,None,DEV_000075,IP_000058,domestic,upi_app,0,none,scenario_a
TX_00001266,1705688128.3000066,ACC_000070,ACC_000035,93.63,p2m,MERCH_00005,DEV_000328,IP_000195,domestic,qr_code,0,none,scenario_b
TX_00000250,1705688326.7575352,ACC_000161,ACC_000197,424.81,p2p,None,DEV_000206,IP_000226,domestic,web,0,none,scenario_a
TX_00000441,1705689013.1817992,ACC_000070,ACC_000410,643.27,p2p,None,DEV_000160,IP_000176,domestic,qr_code,0,none,scenario_a
TX_00000825,1705689040.7067049,ACC_000265,ACC_000291,1118.68,p2p,None,DEV_000015,IP_000188,domestic,web,0,none,scenario_a
TX_00000262,1705690461.6508532,ACC_000136,ACC_000096,647.05,p2p,None,DEV_000010,IP_000067,domestic,upi_app,0,none,scenario_a
TX_00000850,1705691167.223978,ACC_000373,ACC_000118,356.9,p2p,None,DEV_000018,IP_000196,domestic,upi_app,0,none,scenario_a
TX_00001010,1705691450.674156,ACC_000333,ACC_000416,2316.43,p2p,None,DEV_000316,IP_000243,domestic,qr_code,0,none,scenario_a
TX_00000506,1705692554.6155527,ACC_000337,ACC_000047,1152.35,p2p,None,DEV_000331,IP_000267,domestic,qr_code,0,none,scenario_a
TX_00001068,1705692950.1087744,ACC_000067,ACC_000190,782.55,p2p,None,DEV_000308,IP_000076,domestic,upi_app,0,none,scenario_a
TX_00000283,1705693316.8955414,ACC_000082,ACC_000354,218.12,p2p,None,DEV_000017,IP_000269,domestic,upi_app,0,none,scenario_a
TX_00001254,1705693762.57807,ACC_000186,ACC_000068,2000.0,merchant_settlement,MERCH_00041,DEV_000342,IP_000009,domestic,web,0,none,scenario_b
TX_00002753,1705693983.1890705,ACC_000428,ACC_000029,25000.0,intermediary_transfer,None,DEV_000101,IP_000239,domestic,upi_app,1,layered_mule,scenario_g
TX_00002754,1705694283.1890705,ACC_000376,ACC_000259,30000.0,intermediary_transfer,None,DEV_000037,IP_000132,domestic,upi_app,1,layered_mule,scenario_g
TX_00002755,1705695183.1890705,ACC_000029,ACC_000389,23500.0,intermediary_transfer,None,DEV_000031,IP_000005,domestic,upi_app,1,layered_mule,scenario_g
TX_00000137,1705695203.629817,ACC_000143,ACC_000096,797.46,p2p,None,DEV_000027,IP_000281,domestic,upi_app,0,none,scenario_a
TX_00002669,1705695221.9348073,ACC_000276,ACC_000209,25000.0,intermediary_transfer,None,DEV_000185,IP_000035,domestic,upi_app,1,layered_mule,scenario_g
TX_00000435,1705695398.0973754,ACC_000189,ACC_000418,1455.16,p2p,None,DEV_000282,IP_000089,domestic,qr_code,0,none,scenario_a
TX_00000630,1705695450.249875,ACC_000463,ACC_000090,505.42,p2p,None,DEV_000042,IP_000129,domestic,upi_app,0,none,scenario_a
TX_00002756,1705695483.1890705,ACC_000259,ACC_000389,28000.0,intermediary_transfer,None,DEV_000031,IP_000005,domestic,upi_app,1,layered_mule,scenario_g
TX_00002670,1705695521.9348073,ACC_000246,ACC_000389,30000.0,intermediary_transfer,None,DEV_000067,IP_000246,domestic,upi_app,1,layered_mule,scenario_g
TX_00000185,1705696067.8955247,ACC_000150,ACC_000173,885.24,p2p,None,DEV_000324,IP_000110,domestic,web,0,none,scenario_a
TX_00002671,1705696421.9348073,ACC_000209,ACC_000380,23500.0,intermediary_transfer,None,DEV_000031,IP_000014,domestic,upi_app,1,layered_mule,scenario_g
TX_00002672,1705696721.9348073,ACC_000389,ACC_000380,28000.0,intermediary_transfer,None,DEV_000031,IP_000014,domestic,upi_app,1,layered_mule,scenario_g
TX_00000134,1705697109.3400612,ACC_000010,ACC_000372,564.95,p2p,None,DEV_000257,IP_000190,domestic,upi_app,0,none,scenario_a
TX_00002757,1705697583.1890705,ACC_000389,ACC_000040,25000.0,intermediary_transfer,None,DEV_000031,IP_000005,domestic,upi_app,1,layered_mule,scenario_g
TX_00000381,1705697842.6801565,ACC_000195,ACC_000437,434.82,p2p,None,DEV_000103,IP_000047,domestic,upi_app,0,none,scenario_a
TX_00002758,1705697983.1890705,ACC_000389,ACC_000013,24000.0,intermediary_transfer,None,DEV_000031,IP_000005,domestic,upi_app,1,layered_mule,scenario_g
TX_00002673,1705698821.9348073,ACC_000380,ACC_000067,25000.0,intermediary_transfer,None,DEV_000031,IP_000014,domestic,upi_app,1,layered_mule,scenario_g
TX_00002674,1705699221.9348073,ACC_000380,ACC_000021,24000.0,intermediary_transfer,None,DEV_000031,IP_000014,domestic,upi_app,1,layered_mule,scenario_g
TX_00000871,1705699662.1419554,ACC_000104,ACC_000469,693.87,p2p,None,DEV_000154,IP_000143,domestic,qr_code,0,none,scenario_a
TX_00002277,1705700050.7845635,ACC_000410,ACC_000413,53752.1,intermediary_transfer,None,DEV_000185,IP_000239,domestic,upi_app,1,basic_mule,scenario_d
TX_00000462,1705700425.745437,ACC_000381,ACC_000154,471.74,p2p,None,DEV_000185,IP_000111,domestic,web,0,none,scenario_a
TX_00002278,1705701075.7592347,ACC_000413,ACC_000463,51602.02,intermediary_transfer,None,DEV_000030,IP_000003,domestic,upi_app,1,basic_mule,scenario_d
TX_00001631,1705702172.0993838,ACC_000258,ACC_000269,119.33,p2m,MERCH_00021,DEV_000358,IP_000032,domestic,qr_code,0,none,scenario_b
TX_00002279,1705702456.3178089,ACC_000463,ACC_000311,49451.94,intermediary_transfer,None,DEV_000030,IP_000003,domestic,upi_app,1,basic_mule,scenario_d
TX_00002280,1705703000.606496,ACC_000311,ACC_000466,47301.85,atm_cashout,None,DEV_000030,IP_000003,domestic,upi_app,1,basic_mule,scenario_d
TX_00000543,1705707744.2913225,ACC_000185,ACC_000437,818.68,p2p,None,DEV_000102,IP_000282,domestic,qr_code,0,none,scenario_a
TX_00001280,1705708183.8800745,ACC_000471,ACC_000035,88.45,p2m,MERCH_00005,DEV_000170,IP_000070,domestic,qr_code,0,none,scenario_b
TX_00001568,1705711626.0553458,ACC_000400,ACC_000149,2000.0,merchant_settlement,MERCH_00003,DEV_000016,IP_000190,domestic,web,0,none,scenario_b
TX_00001498,1705714096.278439,ACC_000381,ACC_000336,103.78,p2m,MERCH_00001,DEV_000342,IP_000180,domestic,qr_code,0,none,scenario_b
TX_00001571,1705717929.1933448,ACC_000400,ACC_000438,3885.28,merchant_settlement,MERCH_00003,DEV_000314,IP_000056,domestic,web,0,none,scenario_b
TX_00001243,1705721958.593074,ACC_000274,ACC_000186,43.93,p2m,MERCH_00041,DEV_000143,IP_000180,domestic,qr_code,0,none,scenario_b
TX_00000075,1705724323.4800103,ACC_000142,ACC_000481,525.83,p2p,None,DEV_000221,IP_000288,domestic,web,0,none,scenario_a
TX_00001345,1705724638.7287323,ACC_000406,ACC_000099,215.27,p2m,MERCH_00044,DEV_000084,IP_000155,domestic,qr_code,0,none,scenario_b
TX_00000074,1705725551.4853883,ACC_000085,ACC_000351,774.23,p2p,None,DEV_000361,IP_000154,domestic,qr_code,0,none,scenario_a
TX_00000895,1705728981.9293678,ACC_000196,ACC_000178,1792.43,p2p,None,DEV_000308,IP_000039,domestic,upi_app,0,none,scenario_a
TX_00000972,1705730361.9095082,ACC_000472,ACC_000196,373.01,p2p,None,DEV_000063,IP_000108,domestic,qr_code,0,none,scenario_a
TX_00001757,1705731717.4979992,ACC_000349,ACC_000425,70.47,p2m,MERCH_00017,DEV_000350,IP_000070,domestic,qr_code,0,none,scenario_b
TX_00001244,1705734091.2737074,ACC_000374,ACC_000186,145.0,p2m,MERCH_00041,DEV_000033,IP_000153,domestic,qr_code,0,none,scenario_b
TX_00000662,1705737720.573755,ACC_000298,ACC_000034,330.06,p2p,None,DEV_000080,IP_000065,domestic,qr_code,0,none,scenario_a
TX_00001286,1705738525.884147,ACC_000344,ACC_000035,81.37,p2m,MERCH_00005,DEV_000092,IP_000094,domestic,qr_code,0,none,scenario_b
TX_00001741,1705739252.0944622,ACC_000427,ACC_000425,147.24,p2m,MERCH_00017,DEV_000031,IP_000274,domestic,qr_code,0,none,scenario_b
TX_00000808,1705739723.7059112,ACC_000266,ACC_000449,269.39,p2p,None,DEV_000165,IP_000290,domestic,upi_app,0,none,scenario_a
TX_00001222,1705741628.294938,ACC_000063,ACC_000186,48.52,p2m,MERCH_00041,DEV_000265,IP_000102,domestic,qr_code,0,none,scenario_b
TX_00002799,1705743262.8572278,ACC_000083,ACC_000445,40000.0,p2p,None,DEV_000382,IP_000293,domestic,upi_app,1,camouflage_mule,scenario_h
TX_00002800,1705743562.8572278,ACC_000445,ACC_000204,396.9,p2m,MERCH_00016,DEV_000083,IP_000253,domestic,qr_code,1,camouflage_mule,scenario_h
TX_00002801,1705743862.8572278,ACC_000445,ACC_000204,281.01,p2m,MERCH_00016,DEV_000209,IP_000169,domestic,qr_code,1,camouflage_mule,scenario_h
TX_00002802,1705745062.8572278,ACC_000445,ACC_000037,38500.0,intermediary_transfer,None,DEV_000029,IP_000257,domestic,upi_app,1,camouflage_mule,scenario_h
TX_00001727,1705746097.6994276,ACC_000111,ACC_000389,2000.0,merchant_settlement,MERCH_00011,DEV_000264,IP_000046,domestic,web,0,none,scenario_b
TX_00000646,1705747469.958625,ACC_000230,ACC_000430,622.46,p2p,None,DEV_000262,IP_000018,domestic,web,0,none,scenario_a
TX_00001207,1705748652.3975568,ACC_000009,ACC_000084,2000.0,merchant_settlement,MERCH_00019,DEV_000124,IP_000170,domestic,web,0,none,scenario_b
TX_00000331,1705748981.4073842,ACC_000347,ACC_000372,384.66,p2p,None,DEV_000114,IP_000235,domestic,qr_code,0,none,scenario_a
TX_00000178,1705749832.6876209,ACC_000177,ACC_000076,448.84,p2p,None,DEV_000250,IP_000238,domestic,upi_app,0,none,scenario_a
TX_00000308,1705751498.6921585,ACC_000093,ACC_000201,1475.03,p2p,None,DEV_000084,IP_000224,domestic,qr_code,0,none,scenario_a
TX_00000756,1705752013.640699,ACC_000047,ACC_000232,220.04,p2p,None,DEV_000326,IP_000219,domestic,qr_code,0,none,scenario_a
TX_00000362,1705752595.7032163,ACC_000359,ACC_000440,1051.31,p2p,None,DEV_000004,IP_000046,domestic,qr_code,0,none,scenario_a
TX_00000464,1705754421.2962275,ACC_000401,ACC_000029,383.93,p2p,None,DEV_000375,IP_000111,domestic,qr_code,0,none,scenario_a
TX_00001418,1705756495.7592082,ACC_000468,ACC_000350,92.51,p2m,MERCH_00009,DEV_000038,IP_000085,domestic,qr_code,0,none,scenario_b
TX_00000772,1705756500.8116605,ACC_000105,ACC_000328,1860.87,p2p,None,DEV_000398,IP_000251,domestic,upi_app,0,none,scenario_a
TX_00000082,1705757950.417646,ACC_000433,ACC_000093,1057.49,p2p,None,DEV_000118,IP_000232,domestic,web,0,none,scenario_a
TX_00001828,1705759110.0947216,ACC_000483,ACC_000173,2492.17,merchant_settlement,MERCH_00036,DEV_000153,IP_000040,domestic,web,0,none,scenario_b
TX_00000551,1705759829.0853467,ACC_000009,ACC_000323,1198.61,p2p,None,DEV_000331,IP_000127,domestic,qr_code,0,none,scenario_a
TX_00001064,1705760315.092314,ACC_000230,ACC_000006,1172.67,p2p,None,DEV_000120,IP_000062,domestic,upi_app,0,none,scenario_a
TX_00000448,1705760541.852137,ACC_000236,ACC_000294,257.82,p2p,None,DEV_000110,IP_000214,domestic,upi_app,0,none,scenario_a
TX_00000161,1705760993.1239903,ACC_000266,ACC_000128,340.75,p2p,None,DEV_000378,IP_000254,domestic,web,0,none,scenario_a
TX_00000971,1705761675.8384128,ACC_000191,ACC_000392,2710.67,p2p,None,DEV_000281,IP_000187,domestic,qr_code,0,none,scenario_a
TX_00000798,1705762342.8841898,ACC_000130,ACC_000327,1498.57,p2p,None,DEV_000101,IP_000141,domestic,upi_app,0,none,scenario_a
TX_00001012,1705764291.2310216,ACC_000474,ACC_000217,1305.35,p2p,None,DEV_000003,IP_000033,domestic,qr_code,0,none,scenario_a
TX_00000922,1705764482.5540717,ACC_000251,ACC_000271,451.88,p2p,None,DEV_000393,IP_000159,domestic,web,0,none,scenario_a
TX_00000098,1705764736.2055554,ACC_000317,ACC_000158,1107.13,p2p,None,DEV_000290,IP_000253,domestic,qr_code,0,none,scenario_a
TX_00002843,1705764851.1285841,ACC_000117,ACC_000499,40000.0,p2p,None,DEV_000114,IP_000120,domestic,upi_app,1,camouflage_mule,scenario_h
TX_00002844,1705765151.1285841,ACC_000499,ACC_000035,334.94,p2m,MERCH_00005,DEV_000280,IP_000114,domestic,qr_code,1,camouflage_mule,scenario_h
TX_00002845,1705765451.1285841,ACC_000499,ACC_000035,396.12,p2m,MERCH_00005,DEV_000348,IP_000016,domestic,qr_code,1,camouflage_mule,scenario_h
TX_00000914,1705765649.3125505,ACC_000416,ACC_000287,307.15,p2p,None,DEV_000190,IP_000107,domestic,upi_app,0,none,scenario_a
TX_00000931,1705765818.1565278,ACC_000488,ACC_000056,1161.03,p2p,None,DEV_000214,IP_000270,domestic,web,0,none,scenario_a
TX_00001861,1705766017.0165231,ACC_000432,ACC_000029,195.9,p2m,MERCH_00042,DEV_000155,IP_000242,domestic,qr_code,0,none,scenario_b
TX_00002846,1705766651.1285841,ACC_000499,ACC_000097,38500.0,intermediary_transfer,None,DEV_000335,IP_000267,domestic,upi_app,1,camouflage_mule,scenario_h
TX_00000021,1705766832.8232408,ACC_000070,ACC_000277,3651.07,p2p,None,DEV_000116,IP_000186,domestic,web,0,none,scenario_a
TX_00001037,1705766873.8538523,ACC_000441,ACC_000223,708.16,p2p,None,DEV_000074,IP_000051,domestic,qr_code,0,none,scenario_a
TX_00001066,1705767671.783849,ACC_000037,ACC_000245,434.11,p2p,None,DEV_000015,IP_000104,domestic,web,0,none,scenario_a
TX_00001868,1705767908.1756399,ACC_000134,ACC_000029,382.61,p2m,MERCH_00042,DEV_000269,IP_000060,domestic,qr_code,0,none,scenario_b
TX_00000317,1705768419.2210429,ACC_000161,ACC_000198,411.1,p2p,None,DEV_000223,IP_000192,domestic,qr_code,0,none,scenario_a
TX_00001647,1705770192.02802,ACC_000131,ACC_000269,471.94,p2m,MERCH_00021,DEV_000284,IP_000285,domestic,qr_code,0,none,scenario_b
TX_00000203,1705770922.8888462,ACC_000086,ACC_000092,1971.4,p2p,None,DEV_000106,IP_000180,domestic,upi_app,0,none,scenario_a
TX_00000761,1705771097.5605004,ACC_000405,ACC_000308,348.7,p2p,None,DEV_000312,IP_000183,domestic,upi_app,0,none,scenario_a
TX_00001062,1705771389.2906044,ACC_000002,ACC_000462,2640.51,p2p,None,DEV_000072,IP_000004,domestic,upi_app,0,none,scenario_a
TX_00000574,1705774165.7060683,ACC_000144,ACC_000343,885.97,p2p,None,DEV_000324,IP_000281,domestic,web,0,none,scenario_a
TX_00000785,1705774296.7523408,ACC_000435,ACC_000182,676.14,p2p,None,DEV_000367,IP_000292,domestic,web,0,none,scenario_a
TX_00000104,1705774450.2084405,ACC_000471,ACC_000006,418.92,p2p,None,DEV_000158,IP_000048,domestic,qr_code,0,none,scenario_a
TX_00000609,1705776322.196729,ACC_000314,ACC_000491,416.28,p2p,None,DEV_000276,IP_000174,domestic,upi_app,0,none,scenario_a
TX_00000587,1705777998.413804,ACC_000268,ACC_000329,312.4,p2p,None,DEV_000001,IP_000005,domestic,web,0,none,scenario_a
TX_00000841,1705778875.9406254,ACC_000027,ACC_000117,320.95,p2p,None,DEV_000056,IP_000101,domestic,upi_app,0,none,scenario_a
TX_00000898,1705778998.6300778,ACC_000228,ACC_000375,635.74,p2p,None,DEV_000324,IP_000236,domestic,qr_code,0,none,scenario_a
TX_00001530,1705779212.1218045,ACC_000172,ACC_000400,209.49,p2m,MERCH_00003,DEV_000239,IP_000231,domestic,qr_code,0,none,scenario_b
TX_00000456,1705780140.4269998,ACC_000372,ACC_000441,151.08,p2p,None,DEV_000132,IP_000072,domestic,qr_code,0,none,scenario_a
TX_00000902,1705782846.3523667,ACC_000180,ACC_000143,788.07,p2p,None,DEV_000267,IP_000270,domestic,upi_app,0,none,scenario_a
TX_00000947,1705783317.7775357,ACC_000276,ACC_000462,1252.51,p2p,None,DEV_000135,IP_000199,domestic,upi_app,0,none,scenario_a
TX_00000619,1705784935.9396274,ACC_000314,ACC_000161,3586.72,p2p,None,DEV_000044,IP_000002,domestic,qr_code,0,none,scenario_a
TX_00001368,1705789615.9856672,ACC_000047,ACC_000377,104.28,p2m,MERCH_00037,DEV_000279,IP_000010,domestic,qr_code,0,none,scenario_b
TX_00001414,1705796387.4051418,ACC_000377,ACC_000081,2000.0,merchant_settlement,MERCH_00037,DEV_000314,IP_000031,domestic,web,0,none,scenario_b
TX_00001219,1705798531.820968,ACC_000436,ACC_000186,93.32,p2m,MERCH_00041,DEV_000345,IP_000056,domestic,qr_code,0,none,scenario_b
TX_00002217,1705798980.8770242,ACC_000047,ACC_000161,46753.25,intermediary_transfer,None,DEV_000243,IP_000080,domestic,upi_app,1,basic_mule,scenario_d
TX_00002218,1705800278.740746,ACC_000161,ACC_000172,44883.12,intermediary_transfer,None,DEV_000013,IP_000006,domestic,upi_app,1,basic_mule,scenario_d
TX_00002219,1705801139.3873715,ACC_000172,ACC_000175,43012.99,intermediary_transfer,None,DEV_000013,IP_000006,domestic,upi_app,1,basic_mule,scenario_d
TX_00002220,1705802522.7869933,ACC_000175,ACC_000137,41142.86,atm_cashout,None,DEV_000013,IP_000006,domestic,upi_app,1,basic_mule,scenario_d
TX_00001218,1705802645.8205285,ACC_000105,ACC_000186,54.56,p2m,MERCH_00041,DEV_000138,IP_000169,domestic,qr_code,0,none,scenario_b
TX_00001588,1705802931.0103738,ACC_000203,ACC_000085,128.43,p2m,MERCH_00007,DEV_000289,IP_000054,domestic,qr_code,0,none,scenario_b
TX_00001675,1705804134.8363304,ACC_000269,ACC_000306,9530.62,merchant_settlement,MERCH_00021,DEV_000226,IP_000234,domestic,web,0,none,scenario_b
TX_00001504,1705808640.1689994,ACC_000100,ACC_000336,110.19,p2m,MERCH_00001,DEV_000399,IP_000194,domestic,qr_code,0,none,scenario_b
TX_00001291,1705812707.1753106,ACC_000400,ACC_000035,115.75,p2m,MERCH_00005,DEV_000008,IP_000257,domestic,qr_code,0,none,scenario_b
TX_00001849,1705813936.113386,ACC_000251,ACC_000029,74.23,p2m,MERCH_00042,DEV_000138,IP_000008,domestic,qr_code,0,none,scenario_b
TX_00001490,1705814579.8903315,ACC_000242,ACC_000336,190.49,p2m,MERCH_00001,DEV_000358,IP_000212,domestic,qr_code,0,none,scenario_b
TX_00001261,1705815429.9600518,ACC_000186,ACC_000013,3326.68,merchant_settlement,MERCH_00041,DEV_000239,IP_000268,domestic,web,0,none,scenario_b
TX_00001265,1705816848.8873775,ACC_000085,ACC_000035,99.85,p2m,MERCH_00005,DEV_000208,IP_000063,domestic,qr_code,0,none,scenario_b
TX_00000652,1705817000.0667145,ACC_000431,ACC_000196,617.92,p2p,None,DEV_000333,IP_000027,domestic,qr_code,0,none,scenario_a
TX_00000793,1705817073.757916,ACC_000234,ACC_000004,705.84,p2p,None,DEV_000105,IP_000200,domestic,qr_code,0,none,scenario_a
TX_00000198,1705820867.0045068,ACC_000210,ACC_000117,400.27,p2p,None,DEV_000101,IP_000232,domestic,qr_code,0,none,scenario_a
TX_00000391,1705822385.2979426,ACC_000086,ACC_000355,1067.48,p2p,None,DEV_000001,IP_000011,domestic,web,0,none,scenario_a
TX_00001552,1705823282.201868,ACC_000200,ACC_000400,244.37,p2m,MERCH_00003,DEV_000165,IP_000232,domestic,qr_code,0,none,scenario_b
TX_00001851,1705824163.9774368,ACC_000077,ACC_000029,203.51,p2m,MERCH_00042,DEV_000128,IP_000009,domestic,qr_code,0,none,scenario_b
TX_00001698,1705824866.2918835,ACC_000276,ACC_000111,34.51,p2m,MERCH_00011,DEV_000384,IP_000112,domestic,qr_code,0,none,scenario_b
TX_00000003,1705828463.471037,ACC_000429,ACC_000413,639.1,p2p,None,DEV_000311,IP_000227,domestic,upi_app,0,none,scenario_a
TX_00001489,1705830493.273792,ACC_000430,ACC_000336,243.34,p2m,MERCH_00001,DEV_000297,IP_000226,domestic,qr_code,0,none,scenario_b
TX_00001376,1705830644.8316681,ACC_000407,ACC_000377,43.41,p2m,MERCH_00037,DEV_000247,IP_000142,domestic,qr_code,0,none,scenario_b
TX_00000704,1705832287.9298918,ACC_000491,ACC_000481,1511.93,p2p,None,DEV_000389,IP_000030,domestic,qr_code,0,none,scenario_a
TX_00001602,1705832505.0048566,ACC_000156,ACC_000085,125.62,p2m,MERCH_00007,DEV_000220,IP_000053,domestic,qr_code,0,none,scenario_b
TX_00000990,1705833500.8853054,ACC_000274,ACC_000246,763.57,p2p,None,DEV_000004,IP_000176,domestic,upi_app,0,none,scenario_a
TX_00000443,1705834004.004747,ACC_000114,ACC_000402,218.1,p2p,None,DEV_000114,IP_000079,domestic,upi_app,0,none,scenario_a
TX_00001270,1705835933.1891344,ACC_000277,ACC_000035,119.91,p2m,MERCH_00005,DEV_000181,IP_000035,domestic,qr_code,0,none,scenario_b
TX_00000245,1705836541.3082335,ACC_000238,ACC_000463,717.56,p2p,None,DEV_000269,IP_000257,domestic,web,0,none,scenario_a
TX_00000665,1705837126.9566405,ACC_000162,ACC_000186,1066.62,p2p,None,DEV_000048,IP_000165,domestic,web,0,none,scenario_a
TX_00001713,1705837238.2317007,ACC_000045,ACC_000111,128.89,p2m,MERCH_00011,DEV_000010,IP_000154,domestic,qr_code,0,none,scenario_b
TX_00000358,1705838055.367681,ACC_000281,ACC_000210,610.31,p2p,None,DEV_000259,IP_000089,domestic,qr_code,0,none,scenario_a
TX_00001499,1705838070.3051033,ACC_000355,ACC_000336,194.44,p2m,MERCH_00001,DEV_000057,IP_000256,domestic,qr_code,0,none,scenario_b
TX_00001173,1705838261.0045478,ACC_000122,ACC_000009,296.1,p2m,MERCH_00019,DEV_000122,IP_000033,domestic,qr_code,0,none,scenario_b
TX_00000521,1705838730.406961,ACC_000283,ACC_000436,1500.78,p2p,None,DEV_000013,IP_000140,domestic,qr_code,0,none,scenario_a
TX_00001642,1705838946.6634607,ACC_000435,ACC_000269,345.32,p2m,MERCH_00021,DEV_000312,IP_000288,domestic,qr_code,0,none,scenario_b
TX_00001034,1705839344.6515732,ACC_000440,ACC_000341,1835.65,p2p,None,DEV_000117,IP_000248,domestic,web,0,none,scenario_a
TX_00001748,1705839373.3083665,ACC_000068,ACC_000425,87.47,p2m,MERCH_00017,DEV_000089,IP_000014,domestic,qr_code,0,none,scenario_b
TX_00001060,1705840440.1629305,ACC_000285,ACC_000191,358.3,p2p,None,DEV_000257,IP_000203,domestic,qr_code,0,none,scenario_a
TX_00001109,1705840521.8206673,ACC_000016,ACC_000135,235.16,p2m,MERCH_00028,DEV_000029,IP_000266,domestic,qr_code,0,none,scenario_b
TX_00000422,1705842485.751094,ACC_000141,ACC_000430,205.49,p2p,None,DEV_000034,IP_000261,domestic,qr_code,0,none,scenario_a
TX_00000963,1705843320.1161473,ACC_000483,ACC_000223,957.72,p2p,None,DEV_000102,IP_000215,domestic,web,0,none,scenario_a
TX_00000612,1705843566.4998178,ACC_000009,ACC_000159,1101.57,p2p,None,DEV_000349,IP_000275,domestic,web,0,none,scenario_a
TX_00000454,1705844060.928857,ACC_000495,ACC_000212,160.78,p2p,None,DEV_000015,IP_000071,domestic,web,0,none,scenario_a
TX_00000687,1705845399.8704014,ACC_000491,ACC_000298,184.6,p2p,None,DEV_000381,IP_000215,domestic,qr_code,0,none,scenario_a
TX_00001677,1705845863.7850537,ACC_000269,ACC_000484,3232.08,merchant_settlement,MERCH_00021,DEV_000161,IP_000173,domestic,web,0,none,scenario_b
TX_00001169,1705848777.3818972,ACC_000441,ACC_000009,377.25,p2m,MERCH_00019,DEV_000131,IP_000114,domestic,qr_code,0,none,scenario_b
TX_00000707,1705850746.1238158,ACC_000306,ACC_000481,900.34,p2p,None,DEV_000122,IP_000269,domestic,web,0,none,scenario_a
TX_00000099,1705851241.8288891,ACC_000150,ACC_000369,1973.13,p2p,None,DEV_000277,IP_000018,domestic,upi_app,0,none,scenario_a
TX_00000945,1705851447.3602157,ACC_000248,ACC_000167,117.01,p2p,None,DEV_000382,IP_000067,domestic,web,0,none,scenario_a
TX_00001661,1705853592.9781682,ACC_000473,ACC_000269,41.2,p2m,MERCH_00021,DEV_000075,IP_000239,domestic,qr_code,0,none,scenario_b
TX_00000475,1705854541.0977707,ACC_000468,ACC_000183,631.42,p2p,None,DEV_000282,IP_000130,domestic,upi_app,0,none,scenario_a
TX_00001101,1705856013.3586283,ACC_000392,ACC_000248,1251.81,p2p,None,DEV_000002,IP_000150,domestic,web,0,none,scenario_a
TX_00001403,1705856458.12739,ACC_000245,ACC_000377,125.96,p2m,MERCH_00037,DEV_000000,IP_000243,domestic,qr_code,0,none,scenario_b
TX_00001277,1705856619.1125839,ACC_000090,ACC_000035,254.28,p2m,MERCH_00005,DEV_000211,IP_000294,domestic,qr_code,0,none,scenario_b
TX_00001004,1705857537.9250236,ACC_000190,ACC_000202,536.96,p2p,None,DEV_000281,IP_000207,domestic,upi_app,0,none,scenario_a
TX_00001248,1705857895.077427,ACC_000488,ACC_000186,51.08,p2m,MERCH_00041,DEV_000290,IP_000190,domestic,qr_code,0,none,scenario_b
TX_00000139,1705857911.0554593,ACC_000253,ACC_000276,669.68,p2p,None,DEV_000291,IP_000035,domestic,qr_code,0,none,scenario_a
TX_00000818,1705859874.1990662,ACC_000494,ACC_000314,424.86,p2p,None,DEV_000216,IP_000236,domestic,upi_app,0,none,scenario_a
TX_00002281,1705859951.8502803,ACC_000024,ACC_000187,20420.87,intermediary_transfer,None,DEV_000073,IP_000253,domestic,upi_app,1,basic_mule,scenario_d
TX_00000790,1705859983.964252,ACC_000263,ACC_000347,514.08,p2p,None,DEV_000051,IP_000140,domestic,qr_code,0,none,scenario_a
TX_00002282,1705860306.8986986,ACC_000187,ACC_000054,19604.03,intermediary_transfer,None,DEV_000033,IP_000025,domestic,upi_app,1,basic_mule,scenario_d
TX_00000732,1705860495.8327646,ACC_000418,ACC_000114,1626.63,p2p,None,DEV_000067,IP_000017,domestic,web,0,none,scenario_a
TX_00000518,1705860689.6478038,ACC_000035,ACC_000403,96.07,p2p,None,DEV_000024,IP_000161,domestic,web,0,none,scenario_a
TX_00000375,1705861919.657957,ACC_000448,ACC_000189,416.87,p2p,None,DEV_000367,IP_000236,domestic,upi_app,0,none,scenario_a
TX_00000458,1705861950.1373186,ACC_000190,ACC_000365,1189.75,p2p,None,DEV_000340,IP_000044,domestic,web,0,none,scenario_a
TX_00000767,1705862089.8168037,ACC_000210,ACC_000412,2834.52,p2p,None,DEV_000066,IP_000237,domestic,upi_app,0,none,scenario_a
TX_00000735,1705862101.0230372,ACC_000155,ACC_000484,5027.54,p2p,None,DEV_000118,IP_000115,domestic,web,0,none,scenario_a
TX_00002283,1705862631.1241431,ACC_000054,ACC_000294,18787.2,intermediary_transfer,None,DEV_000033,IP_000025,domestic,upi_app,1,basic_mule,scenario_d
TX_00001793,1705863197.8500605,ACC_000463,ACC_000483,85.7,p2m,MERCH_00036,DEV_000048,IP_000087,domestic,qr_code,0,none,scenario_b
TX_00002284,1705863248.7132604,ACC_000294,ACC_000462,17970.36,atm_cashout,None,DEV_000033,IP_000025,domestic,upi_app,1,basic_mule,scenario_d
TX_00001360,1705863279.0922618,ACC_000099,ACC_000327,2000.0,merchant_settlement,MERCH_00044,DEV_000131,IP_000276,domestic,web,0,none,scenario_b
TX_00001450,1705864803.7705472,ACC_000352,ACC_000350,309.08,p2m,MERCH_00009,DEV_000207,IP_000000,domestic,qr_code,0,none,scenario_b
TX_00000434,1705865052.720636,ACC_000263,ACC_000260,3102.64,p2p,None,DEV_000043,IP_000279,domestic,upi_app,0,none,scenario_a
TX_00000929,1705866957.7299185,ACC_000110,ACC_000317,1152.28,p2p,None,DEV_000352,IP_000274,domestic,upi_app,0,none,scenario_a
TX_00000698,1705867470.9155607,ACC_000104,ACC_000496,642.42,p2p,None,DEV_000233,IP_000260,domestic,qr_code,0,none,scenario_a
TX_00000559,1705869382.2821553,ACC_000010,ACC_000333,899.98,p2p,None,DEV_000197,IP_000043,domestic,web,0,none,scenario_a
TX_00001144,1705869784.2519052,ACC_000060,ACC_000135,178.97,p2m,MERCH_00028,DEV_000234,IP_000032,domestic,qr_code,0,none,scenario_b
TX_00001539,1705870239.6155922,ACC_000055,ACC_000400,163.36,p2m,MERCH_00003,DEV_000043,IP_000282,domestic,qr_code,0,none,scenario_b
TX_00001108,1705871251.3938885,ACC_000407,ACC_000135,297.33,p2m,MERCH_00028,DEV_000047,IP_000196,domestic,qr_code,0,none,scenario_b
TX_00001770,1705872952.0511744,ACC_000163,ACC_000425,115.1,p2m,MERCH_00017,DEV_000331,IP_000154,domestic,qr_code,0,none,scenario_b
TX_00000492,1705873991.8095906,ACC_000440,ACC_000489,859.92,p2p,None,DEV_000038,IP_000254,domestic,web,0,none,scenario_a
TX_00000547,1705876308.577101,ACC_000228,ACC_000020,456.35,p2p,None,DEV_000152,IP_000148,domestic,web,0,none,scenario_a
TX_00002771,1705876425.6079767,ACC_000399,ACC_000074,40000.0,p2p,None,DEV_000238,IP_000129,domestic,upi_app,1,camouflage_mule,scenario_h
TX_00001570,1705876559.1519768,ACC_000400,ACC_000273,2000.0,merchant_settlement,MERCH_00003,DEV_000232,IP_000250,domestic,web,0,none,scenario_b
TX_00002772,1705876725.6079767,ACC_000074,ACC_000377,394.46,p2m,MERCH_00037,DEV_000326,IP_000026,domestic,qr_code,1,camouflage_mule,scenario_h
TX_00002201,1705876732.838013,ACC_000030,ACC_000213,69629.85,intermediary_transfer,None,DEV_000111,IP_000059,domestic,upi_app,1,basic_mule,scenario_d
TX_00002773,1705877025.6079767,ACC_000074,ACC_000377,362.39,p2m,MERCH_00037,DEV_000346,IP_000108,domestic,qr_code,1,camouflage_mule,scenario_h
TX_00002774,1705878225.6079767,ACC_000074,ACC_000361,38500.0,intermediary_transfer,None,DEV_000296,IP_000169,domestic,upi_app,1,camouflage_mule,scenario_h
TX_00002202,1705878272.24175,ACC_000213,ACC_000021,66844.66,intermediary_transfer,None,DEV_000018,IP_000005,domestic,upi_app,1,basic_mule,scenario_d
TX_00002203,1705879139.6619027,ACC_000021,ACC_000160,64059.46,intermediary_transfer,None,DEV_000018,IP_000005,domestic,upi_app,1,basic_mule,scenario_d
TX_00002204,1705880667.5460176,ACC_000160,ACC_000421,61274.27,atm_cashout,None,DEV_000018,IP_000005,domestic,upi_app,1,basic_mule,scenario_d
TX_00001879,1705882055.6368017,ACC_000029,ACC_000333,4472.25,merchant_settlement,MERCH_00042,DEV_000181,IP_000035,domestic,web,0,none,scenario_b
TX_00001576,1705886338.4191635,ACC_000239,ACC_000085,137.09,p2m,MERCH_00007,DEV_000221,IP_000297,domestic,qr_code,0,none,scenario_b
TX_00001520,1705894581.4530315,ACC_000336,ACC_000330,3337.52,merchant_settlement,MERCH_00001,DEV_000298,IP_000075,domestic,web,0,none,scenario_b
TX_00001452,1705900735.8645995,ACC_000358,ACC_000350,229.16,p2m,MERCH_00009,DEV_000298,IP_000221,domestic,qr_code,0,none,scenario_b
TX_00001362,1705903742.0801437,ACC_000099,ACC_000250,22678.22,merchant_settlement,MERCH_00044,DEV_000009,IP_000164,domestic,web,0,none,scenario_b
TX_00001853,1705907088.286724,ACC_000367,ACC_000029,109.88,p2m,MERCH_00042,DEV_000204,IP_000060,domestic,qr_code,0,none,scenario_b
TX_00001342,1705907262.559955,ACC_000397,ACC_000099,230.15,p2m,MERCH_00044,DEV_000381,IP_000213,domestic,qr_code,0,none,scenario_b
TX_00001232,1705909783.270359,ACC_000352,ACC_000186,90.89,p2m,MERCH_00041,DEV_000159,IP_000084,domestic,qr_code,0,none,scenario_b
TX_00001111,1705910398.095109,ACC_000325,ACC_000135,126.72,p2m,MERCH_00028,DEV_000348,IP_000244,domestic,qr_code,0,none,scenario_b
TX_00001667,1705911307.211931,ACC_000170,ACC_000269,137.92,p2m,MERCH_00021,DEV_000060,IP_000268,domestic,qr_code,0,none,scenario_b
TX_00001361,1705914107.7285616,ACC_000099,ACC_000046,2000.0,merchant_settlement,MERCH_00044,DEV_000090,IP_000267,domestic,web,0,none,scenario_b
TX_00000603,1705914535.4636526,ACC_000339,ACC_000345,336.97,p2p,None,DEV_000199,IP_000189,domestic,upi_app,0,none,scenario_a
TX_00000869,1705915208.9777415,ACC_000405,ACC_000441,492.95,p2p,None,DEV_000244,IP_000091,domestic,web,0,none,scenario_a
TX_00000535,1705915861.8382916,ACC_000341,ACC_000284,337.37,p2p,None,DEV_000207,IP_000133,domestic,qr_code,0,none,scenario_a
TX_00001842,1705917427.5368395,ACC_000190,ACC_000029,99.99,p2m,MERCH_00042,DEV_000306,IP_000026,domestic,qr_code,0,none,scenario_b
TX_00000126,1705917745.2746906,ACC_000493,ACC_000224,866.82,p2p,None,DEV_000146,IP_000220,domestic,qr_code,0,none,scenario_a
TX_00001181,1705919062.7877307,ACC_000109,ACC_000009,122.1,p2m,MERCH_00019,DEV_000340,IP_000064,domestic,qr_code,0,none,scenario_b
TX_00001669,1705920661.8723633,ACC_000199,ACC_000269,597.13,p2m,MERCH_00021,DEV_000358,IP_000179,domestic,qr_code,0,none,scenario_b
TX_00000601,1705921263.2425098,ACC_000160,ACC_000193,6541.87,p2p,None,DEV_000343,IP_000038,domestic,qr_code,0,none,scenario_a
TX_00001785,1705923989.4677699,ACC_000261,ACC_000483,403.01,p2m,MERCH_00036,DEV_000271,IP_000133,domestic,qr_code,0,none,scenario_b
TX_00000128,1705924651.1180415,ACC_000348,ACC_000204,1104.48,p2p,None,DEV_000265,IP_000091,domestic,upi_app,0,none,scenario_a
TX_00000615,1705924658.5396159,ACC_000427,ACC_000133,225.55,p2p,None,DEV_000398,IP_000105,domestic,web,0,none,scenario_a
TX_00001135,1705924738.7382853,ACC_000260,ACC_000135,228.61,p2m,MERCH_00028,DEV_000229,IP_000219,domestic,qr_code,0,none,scenario_b
TX_00000803,1705925080.9706767,ACC_000496,ACC_000153,313.03,p2p,None,DEV_000013,IP_000151,domestic,qr_code,0,none,scenario_a
TX_00001540,1705925874.1154358,ACC_000032,ACC_000400,123.28,p2m,MERCH_00003,DEV_000098,IP_000047,domestic,qr_code,0,none,scenario_b
TX_00001650,1705926196.52572,ACC_000263,ACC_000269,113.18,p2m,MERCH_00021,DEV_000187,IP_000110,domestic,qr_code,0,none,scenario_b
TX_00000853,1705926794.6515326,ACC_000321,ACC_000022,501.17,p2p,None,DEV_000375,IP_000148,domestic,web,0,none,scenario_a
TX_00000066,1705928271.5103865,ACC_000376,ACC_000193,720.24,p2p,None,DEV_000066,IP_000125,domestic,qr_code,0,none,scenario_a
TX_00001147,1705928514.6434119,ACC_000337,ACC_000135,121.84,p2m,MERCH_00028,DEV_000185,IP_000071,domestic,qr_code,0,none,scenario_b
TX_00001044,1705928997.7988346,ACC_000399,ACC_000058,1223.99,p2p,None,DEV_000251,IP_000158,domestic,upi_app,0,none,scenario_a
TX_00000691,1705929959.7747731,ACC_000214,ACC_000147,1352.02,p2p,None,DEV_000348,IP_000068,domestic,upi_app,0,none,scenario_a
TX_00001876,1705930568.284946,ACC_000434,ACC_000029,96.02,p2m,MERCH_00042,DEV_000067,IP_000173,domestic,qr_code,0,none,scenario_b
TX_00001242,1705931726.8577328,ACC_000377,ACC_000186,347.15,p2m,MERCH_00041,DEV_000378,IP_000289,domestic,qr_code,0,none,scenario_b
TX_00000924,1705934756.659468,ACC_000349,ACC_000238,700.4,p2p,None,DEV_000354,IP_000017,domestic,web,0,none,scenario_a
TX_00000812,1705934916.9305482,ACC_000079,ACC_000412,1594.47,p2p,None,DEV_000199,IP_000214,domestic,web,0,none,scenario_a
TX_00001389,1705935327.9782412,ACC_000081,ACC_000377,190.15,p2m,MERCH_00037,DEV_000149,IP_000064,domestic,qr_code,0,none,scenario_b
TX_00000667,1705935358.325833,ACC_000094,ACC_000350,2742.54,p2p,None,DEV_000393,IP_000115,domestic,qr_code,0,none,scenario_a
TX_00001795,1705936172.9238427,ACC_000300,ACC_000483,123.4,p2m,MERCH_00036,DEV_000052,IP_000045,domestic,qr_code,0,none,scenario_b
TX_00000272,1705936749.8022451,ACC_000129,ACC_000092,867.86,p2p,None,DEV_000041,IP_000216,domestic,qr_code,0,none,scenario_a
TX_00001072,1705936784.4174788,ACC_000393,ACC_000045,645.57,p2p,None,DEV_000397,IP_000011,domestic,web,0,none,scenario_a
TX_00000650,1705936829.8245308,ACC_000288,ACC_000464,330.13,p2p,None,DEV_000071,IP_000113,domestic,qr_code,0,none,scenario_a
TX_00001598,1705937068.7841249,ACC_000180,ACC_000085,115.99,p2m,MERCH_00007,DEV_000266,IP_000113,domestic,qr_code,0,none,scenario_b
TX_00000399,1705937490.732217,ACC_000224,ACC_000477,1036.74,p2p,None,DEV_000367,IP_000236,domestic,upi_app,0,none,scenario_a
TX_00001325,1705937684.5551083,ACC_000186,ACC_000099,55.25,p2m,MERCH_00044,DEV_000146,IP_000163,domestic,qr_code,0,none,scenario_b
TX_00000986,1705937704.3684988,ACC_000381,ACC_000089,284.38,p2p,None,DEV_000040,IP_000123,domestic,web,0,none,scenario_a
TX_00002225,1705938178.7344282,ACC_000117,ACC_000074,55015.2,intermediary_transfer,None,DEV_000080,IP_000209,domestic,upi_app,1,basic_mule,scenario_d
TX_00002226,1705938608.8063323,ACC_000074,ACC_000452,52814.59,intermediary_transfer,None,DEV_000019,IP_000008,domestic,upi_app,1,basic_mule,scenario_d
TX_00002227,1705939738.3344805,ACC_000452,ACC_000062,50613.98,intermediary_transfer,None,DEV_000019,IP_000008,domestic,upi_app,1,basic_mule,scenario_d
TX_00002349,1705940537.1289465,ACC_000077,ACC_000361,64187.56,intermediary_transfer,None,DEV_000135,IP_000063,domestic,upi_app,1,basic_mule,scenario_d
TX_00002350,1705941014.6681495,ACC_000361,ACC_000458,61620.06,intermediary_transfer,None,DEV_000005,IP_000024,domestic,upi_app,1,basic_mule,scenario_d
TX_00002228,1705941778.9803839,ACC_000062,ACC_000306,48413.37,atm_cashout,None,DEV_000019,IP_000008,domestic,upi_app,1,basic_mule,scenario_d
TX_00002351,1705942194.6596262,ACC_000458,ACC_000306,59052.55,intermediary_transfer,None,DEV_000005,IP_000024,domestic,upi_app,1,basic_mule,scenario_d
TX_00002352,1705942687.1995368,ACC_000306,ACC_000110,56485.05,atm_cashout,None,DEV_000005,IP_000024,domestic,upi_app,1,basic_mule,scenario_d
TX_00001822,1705942799.9136915,ACC_000395,ACC_000483,109.54,p2m,MERCH_00036,DEV_000364,IP_000231,domestic,qr_code,0,none,scenario_b
TX_00001032,1705944018.8077083,ACC_000223,ACC_000035,425.42,p2p,None,DEV_000353,IP_000238,domestic,web,0,none,scenario_a
TX_00001392,1705946696.3079004,ACC_000090,ACC_000377,55.44,p2m,MERCH_00037,DEV_000031,IP_000152,domestic,qr_code,0,none,scenario_b
TX_00000190,1705950309.840425,ACC_000219,ACC_000410,403.56,p2p,None,DEV_000096,IP_000272,domestic,qr_code,0,none,scenario_a
TX_00001620,1705950723.3479533,ACC_000085,ACC_000035,2000.0,merchant_settlement,MERCH_00007,DEV_000048,IP_000079,domestic,web,0,none,scenario_b
TX_00001206,1705951285.0296783,ACC_000009,ACC_000253,2000.0,merchant_settlement,MERCH_00019,DEV_000096,IP_000205,domestic,web,0,none,scenario_b
TX_00001052,1705951552.4431672,ACC_000399,ACC_000285,804.87,p2p,None,DEV_000363,IP_000262,domestic,qr_code,0,none,scenario_a
TX_00001276,1705951904.540502,ACC_000090,ACC_000035,250.03,p2m,MERCH_00005,DEV_000219,IP_000162,domestic,qr_code,0,none,scenario_b
TX_00000723,1705952011.387676,ACC_000413,ACC_000234,682.56,p2p,None,DEV_000189,IP_000046,domestic,upi_app,0,none,scenario_a
TX_00000124,1705952229.9173465,ACC_000217,ACC_000076,610.97,p2p,None,DEV_000184,IP_000090,domestic,web,0,none,scenario_a
TX_00001854,1705953790.637509,ACC_000456,ACC_000029,84.73,p2m,MERCH_00042,DEV_000200,IP_000022,domestic,qr_code,0,none,scenario_b
TX_00000064,1705954883.9182005,ACC_000365,ACC_000156,153.68,p2p,None,DEV_000061,IP_000071,domestic,web,0,none,scenario_a
TX_00000757,1705957749.3533456,ACC_000402,ACC_000144,213.28,p2p,None,DEV_000204,IP_000012,domestic,upi_app,0,none,scenario_a
TX_00001310,1705959783.7973275,ACC_000035,ACC_000303,2504.64,merchant_settlement,MERCH_00005,DEV_000338,IP_000254,domestic,web,0,none,scenario_b
TX_00000879,1705959847.895791,ACC_000381,ACC_000176,261.15,p2p,None,DEV_000363,IP_000242,domestic,upi_app,0,none,scenario_a
TX_00000246,1705960446.5343723,ACC_000155,ACC_000035,3297.01,p2p,None,DEV_000208,IP_000095,domestic,qr_code,0,none,scenario_a
TX_00000421,1705960753.7627401,ACC_000270,ACC_000255,545.96,p2p,None,DEV_000022,IP_000019,domestic,qr_code,0,none,scenario_a
TX_00000617,1705961716.808034,ACC_000325,ACC_000420,579.7,p2p,None,DEV_000301,IP_000059,domestic,upi_app,0,none,scenario_a
TX_00001559,1705961844.1073117,ACC_000037,ACC_000400,129.74,p2m,MERCH_00003,DEV_000028,IP_000127,domestic,qr_code,0,none,scenario_b
TX_00000750,1705963657.5176218,ACC_000174,ACC_000017,326.73,p2p,None,DEV_000009,IP_000191,domestic,web,0,none,scenario_a
TX_00000805,1705963923.299629,ACC_000279,ACC_000021,1001.76,p2p,None,DEV_000321,IP_000047,domestic,upi_app,0,none,scenario_a
TX_00001870,1705964761.4606893,ACC_000153,ACC_000029,87.47,p2m,MERCH_00042,DEV_000359,IP_000159,domestic,qr_code,0,none,scenario_b
TX_00001833,1705967946.0135581,ACC_000483,ACC_000346,2000.0,merchant_settlement,MERCH_00036,DEV_000172,IP_000048,domestic,web,0,none,scenario_b
TX_00002681,1705967966.6489544,ACC_000459,ACC_000402,25000.0,intermediary_transfer,None,DEV_000105,IP_000156,domestic,upi_app,1,layered_mule,scenario_g
TX_00002682,1705968266.6489544,ACC_000239,ACC_000435,30000.0,intermediary_transfer,None,DEV_000084,IP_000106,domestic,upi_app,1,layered_mule,scenario_g
TX_00002683,1705969166.6489544,ACC_000402,ACC_000309,23500.0,intermediary_transfer,None,DEV_000004,IP_000028,domestic,upi_app,1,layered_mule,scenario_g
TX_00002684,1705969466.6489544,ACC_000435,ACC_000309,28000.0,intermediary_transfer,None,DEV_000004,IP_000028,domestic,upi_app,1,layered_mule,scenario_g
TX_00001143,1705970215.3526845,ACC_000324,ACC_000135,76.95,p2m,MERCH_00028,DEV_000011,IP_000125,domestic,qr_code,0,none,scenario_b
TX_00002685,1705971566.6489544,ACC_000309,ACC_000003,25000.0,intermediary_transfer,None,DEV_000004,IP_000028,domestic,upi_app,1,layered_mule,scenario_g
TX_00002686,1705971966.6489544,ACC_000309,ACC_000133,24000.0,intermediary_transfer,None,DEV_000004,IP_000028,domestic,upi_app,1,layered_mule,scenario_g
TX_00001427,1705973640.7054214,ACC_000160,ACC_000350,283.07,p2m,MERCH_00009,DEV_000222,IP_000131,domestic,qr_code,0,none,scenario_b
TX_00001302,1705974448.3866808,ACC_000028,ACC_000035,94.51,p2m,MERCH_00005,DEV_000179,IP_000202,domestic,qr_code,0,none,scenario_b
TX_00001322,1705976647.7830803,ACC_000253,ACC_000099,218.36,p2m,MERCH_00044,DEV_000353,IP_000279,domestic,qr_code,0,none,scenario_b
TX_00002516,1705978549.3583665,ACC_000487,ACC_000315,5457.42,intermediary_transfer,None,DEV_000034,IP_000029,domestic,upi_app,1,fan_out_mule,scenario_f
TX_00002512,1705978875.414116,ACC_000487,ACC_000424,8282.07,intermediary_transfer,None,DEV_000034,IP_000029,domestic,upi_app,1,fan_out_mule,scenario_f
TX_00002509,1705979055.7207987,ACC_000487,ACC_000136,2765.43,intermediary_transfer,None,DEV_000034,IP_000029,domestic,upi_app,1,fan_out_mule,scenario_f
TX_00002514,1705979273.2212956,ACC_000487,ACC_000086,3704.88,intermediary_transfer,None,DEV_000034,IP_000029,domestic,upi_app,1,fan_out_mule,scenario_f
TX_00002513,1705979392.2224457,ACC_000487,ACC_000411,6620.74,intermediary_transfer,None,DEV_000034,IP_000029,domestic,upi_app,1,fan_out_mule,scenario_f
TX_00001611,1705979460.6915975,ACC_000298,ACC_000085,349.9,p2m,MERCH_00007,DEV_000103,IP_000020,domestic,qr_code,0,none,scenario_b
TX_00002507,1705979511.1300888,ACC_000487,ACC_000456,5736.95,intermediary_transfer,None,DEV_000034,IP_000029,domestic,upi_app,1,fan_out_mule,scenario_f
TX_00002508,1705979648.1300588,ACC_000487,ACC_000182,8357.79,intermediary_transfer,None,DEV_000034,IP_000029,domestic,upi_app,1,fan_out_mule,scenario_f
TX_00002510,1705979741.9871302,ACC_000487,ACC_000067,6144.43,intermediary_transfer,None,DEV_000034,IP_000029,domestic,upi_app,1,fan_out_mule,scenario_f
TX_00002511,1705979782.3992348,ACC_000487,ACC_000389,6076.76,intermediary_transfer,None,DEV_000034,IP_000029,domestic,upi_app,1,fan_out_mule,scenario_f
TX_00002515,1705979852.8286567,ACC_000487,ACC_000019,6114.26,intermediary_transfer,None,DEV_000034,IP_000029,domestic,upi_app,1,fan_out_mule,scenario_f
TX_00000265,1705985542.6187303,ACC_000463,ACC_000497,816.75,p2p,None,DEV_000319,IP_000240,domestic,web,0,none,scenario_a
TX_00000840,1705986132.480661,ACC_000309,ACC_000045,4699.82,p2p,None,DEV_000366,IP_000048,domestic,upi_app,0,none,scenario_a
TX_00002717,1705986710.5949824,ACC_000208,ACC_000429,25000.0,intermediary_transfer,None,DEV_000127,IP_000229,domestic,upi_app,1,layered_mule,scenario_g
TX_00002718,1705987010.5949824,ACC_000285,ACC_000349,30000.0,intermediary_transfer,None,DEV_000232,IP_000025,domestic,upi_app,1,layered_mule,scenario_g
TX_00002719,1705987910.5949824,ACC_000429,ACC_000105,23500.0,intermediary_transfer,None,DEV_000010,IP_000000,domestic,upi_app,1,layered_mule,scenario_g
TX_00002720,1705988210.5949824,ACC_000349,ACC_000105,28000.0,intermediary_transfer,None,DEV_000010,IP_000000,domestic,upi_app,1,layered_mule,scenario_g
TX_00001127,1705988693.4981744,ACC_000331,ACC_000135,74.63,p2m,MERCH_00028,DEV_000226,IP_000037,domestic,qr_code,0,none,scenario_b
TX_00002721,1705990310.5949824,ACC_000105,ACC_000023,25000.0,intermediary_transfer,None,DEV_000010,IP_000000,domestic,upi_app,1,layered_mule,scenario_g
TX_00002722,1705990710.5949824,ACC_000105,ACC_000482,24000.0,intermediary_transfer,None,DEV_000010,IP_000000,domestic,upi_app,1,layered_mule,scenario_g
TX_00001283,1705993512.4012423,ACC_000366,ACC_000035,66.85,p2m,MERCH_00005,DEV_000299,IP_000235,domestic,qr_code,0,none,scenario_b
TX_00000452,1705994171.3291514,ACC_000169,ACC_000105,708.22,p2p,None,DEV_000118,IP_000011,domestic,web,0,none,scenario_a
TX_00001467,1705996100.9238744,ACC_000350,ACC_000219,3182.95,merchant_settlement,MERCH_00009,DEV_000075,IP_000038,domestic,web,0,none,scenario_b
TX_00001082,1705997636.3831186,ACC_000165,ACC_000277,1169.14,p2p,None,DEV_000119,IP_000122,domestic,upi_app,0,none,scenario_a
TX_00002741,1705997805.4291344,ACC_000076,ACC_000124,25000.0,intermediary_transfer,None,DEV_000010,IP_000071,domestic,upi_app,1,layered_mule,scenario_g
TX_00002742,1705998105.4291344,ACC_000015,ACC_000463,30000.0,intermediary_transfer,None,DEV_000009,IP_000031,domestic,upi_app,1,layered_mule,scenario_g
TX_00001165,1705998596.1892066,ACC_000464,ACC_000009,55.42,p2m,MERCH_00019,DEV_000166,IP_000002,domestic,qr_code,0,none,scenario_b
TX_00000882,1705998749.6297727,ACC_000272,ACC_000081,519.01,p2p,None,DEV_000392,IP_000276,domestic,web,0,none,scenario_a
TX_00002743,1705999005.4291344,ACC_000124,ACC_000337,23500.0,intermediary_transfer,None,DEV_000006,IP_000011,domestic,upi_app,1,layered_mule,scenario_g
TX_00000486,1705999203.1178932,ACC_000463,ACC_000092,367.38,p2p,None,DEV_000036,IP_000260,domestic,qr_code,0,none,scenario_a
TX_00002744,1705999305.4291344,ACC_000463,ACC_000337,28000.0,intermediary_transfer,None,DEV_000006,IP_000011,domestic,upi_app,1,layered_mule,scenario_g
TX_00002745,1706001405.4291344,ACC_000337,ACC_000386,25000.0,intermediary_transfer,None,DEV_000006,IP_000011,domestic,upi_app,1,layered_mule,scenario_g
TX_00002746,1706001805.4291344,ACC_000337,ACC_000110,24000.0,intermediary_transfer,None,DEV_000006,IP_000011,domestic,upi_app,1,layered_mule,scenario_g
TX_00001737,1706003631.5905094,ACC_000416,ACC_000425,100.03,p2m,MERCH_00017,DEV_000287,IP_000074,domestic,qr_code,0,none,scenario_b
TX_00000937,1706005687.9132397,ACC_000159,ACC_000161,1576.67,p2p,None,DEV_000214,IP_000270,domestic,qr_code,0,none,scenario_a
TX_00000302,1706007000.0414183,ACC_000345,ACC_000269,327.02,p2p,None,DEV_000234,IP_000103,domestic,web,0,none,scenario_a
TX_00000564,1706007528.7907426,ACC_000458,ACC_000039,1352.16,p2p,None,DEV_000392,IP_000202,domestic,qr_code,0,none,scenario_a
TX_00000023,1706007915.6000528,ACC_000057,ACC_000259,1890.89,p2p,None,DEV_000298,IP_000113,domestic,upi_app,0,none,scenario_a
TX_00000267,1706010973.3230174,ACC_000425,ACC_000212,699.36,p2p,None,DEV_000201,IP_000015,domestic,web,0,none,scenario_a
TX_00000329,1706011613.0789893,ACC_000456,ACC_000197,1708.15,p2p,None,DEV_000229,IP_000116,domestic,web,0,none,scenario_a
TX_00000555,1706012973.8691647,ACC_000003,ACC_000065,458.3,p2p,None,DEV_000235,IP_000233,domestic,web,0,none,scenario_a
TX_00001398,1706014669.9403288,ACC_000325,ACC_000377,70.29,p2m,MERCH_00037,DEV_000352,IP_000217,domestic,qr_code,0,none,scenario_b
TX_00000859,1706017939.3334045,ACC_000137,ACC_000193,459.62,p2p,None,DEV_000228,IP_000017,domestic,qr_code,0,none,scenario_a
TX_00000861,1706019810.8264885,ACC_000431,ACC_000259,85.96,p2p,None,DEV_000299,IP_000136,domestic,qr_code,0,none,scenario_a
TX_00001158,1706020617.4638424,ACC_000200,ACC_000009,66.79,p2m,MERCH_00019,DEV_000051,IP_000295,domestic,qr_code,0,none,scenario_b
TX_00001098,1706021174.9617596,ACC_000205,ACC_000333,715.33,p2p,None,DEV_000289,IP_000288,domestic,qr_code,0,none,scenario_a
TX_00001159,1706022140.3989475,ACC_000240,ACC_000009,398.39,p2m,MERCH_00019,DEV_000298,IP_000142,domestic,qr_code,0,none,scenario_b
TX_00001230,1706022586.4479172,ACC_000277,ACC_000186,116.09,p2m,MERCH_00041,DEV_000109,IP_000155,domestic,qr_code,0,none,scenario_b
TX_00001306,1706024585.6180556,ACC_000035,ACC_000250,2893.31,merchant_settlement,MERCH_00005,DEV_000122,IP_000176,domestic,web,0,none,scenario_b
TX_00000826,1706025356.1669514,ACC_000419,ACC_000312,309.34,p2p,None,DEV_000156,IP_000125,domestic,upi_app,0,none,scenario_a
TX_00000797,1706026275.8419843,ACC_000434,ACC_000396,221.98,p2p,None,DEV_000108,IP_000297,domestic,web,0,none,scenario_a
TX_00001532,1706026878.0607162,ACC_000308,ACC_000400,208.53,p2m,MERCH_00003,DEV_000138,IP_000175,domestic,qr_code,0,none,scenario_b
TX_00000258,1706027079.1005478,ACC_000326,ACC_000180,300.22,p2p,None,DEV_000015,IP_000169,domestic,web,0,none,scenario_a
TX_00001006,1706027269.3787918,ACC_000127,ACC_000480,618.93,p2p,None,DEV_000267,IP_000123,domestic,web,0,none,scenario_a
TX_00002329,1706029203.2179582,ACC_000329,ACC_000094,51428.87,intermediary_transfer,None,DEV_000261,IP_000082,domestic,upi_app,1,basic_mule,scenario_d
TX_00002330,1706030042.475588,ACC_000094,ACC_000324,49371.72,intermediary_transfer,None,DEV_000039,IP_000010,domestic,upi_app,1,basic_mule,scenario_d
TX_00002331,1706031255.9143977,ACC_000324,ACC_000451,47314.56,intermediary_transfer,None,DEV_000039,IP_000010,domestic,upi_app,1,basic_mule,scenario_d
TX_00000380,1706031441.2843902,ACC_000124,ACC_000329,474.89,p2p,None,DEV_000218,IP_000239,domestic,qr_code,0,none,scenario_a
TX_00002332,1706032034.82483,ACC_000451,ACC_000098,45257.41,atm_cashout,None,DEV_000039,IP_000010,domestic,upi_app,1,basic_mule,scenario_d
TX_00000676,1706032871.382971,ACC_000206,ACC_000314,513.3,p2p,None,DEV_000141,IP_000075,domestic,qr_code,0,none,scenario_a
TX_00000709,1706035118.5849218,ACC_000379,ACC_000166,970.83,p2p,None,DEV_000007,IP_000015,domestic,qr_code,0,none,scenario_a
TX_00000779,1706035286.0054114,ACC_000234,ACC_000422,684.82,p2p,None,DEV_000210,IP_000261,domestic,qr_code,0,none,scenario_a
TX_00000835,1706042540.9437442,ACC_000359,ACC_000356,278.27,p2p,None,DEV_000079,IP_000166,domestic,web,0,none,scenario_a
TX_00001209,1706044981.3635578,ACC_000009,ACC_000013,3545.55,merchant_settlement,MERCH_00019,DEV_000252,IP_000010,domestic,web,0,none,scenario_b
TX_00000636,1706045113.2026293,ACC_000324,ACC_000154,121.31,p2p,None,DEV_000335,IP_000187,domestic,qr_code,0,none,scenario_a
TX_00001837,1706046357.2757893,ACC_000276,ACC_000029,101.48,p2m,MERCH_00042,DEV_000222,IP_000295,domestic,qr_code,0,none,scenario_b
TX_00000030,1706047291.1289196,ACC_000423,ACC_000008,1745.3,p2p,None,DEV_000242,IP_000279,domestic,qr_code,0,none,scenario_a
TX_00001587,1706048208.3713868,ACC_000198,ACC_000085,90.95,p2m,MERCH_00007,DEV_000351,IP_000234,domestic,qr_code,0,none,scenario_b
TX_00000423,1706051926.129666,ACC_000345,ACC_000462,1287.6,p2p,None,DEV_000030,IP_000045,domestic,web,0,none,scenario_a
TX_00001592,1706054116.2455776,ACC_000147,ACC_000085,139.85,p2m,MERCH_00007,DEV_000001,IP_000005,domestic,qr_code,0,none,scenario_b
TX_00001561,1706057521.2834377,ACC_000477,ACC_000400,88.9,p2m,MERCH_00003,DEV_000373,IP_000178,domestic,qr_code,0,none,scenario_b
TX_00001546,1706060974.9057338,ACC_000464,ACC_000400,198.35,p2m,MERCH_00003,DEV_000231,IP_000275,domestic,qr_code,0,none,scenario_b
TX_00002438,1706061644.8995874,ACC_000116,ACC_000199,3265.25,p2p,None,DEV_000237,IP_000138,domestic,upi_app,1,fan_in_mule,scenario_e
TX_00002444,1706061854.7203865,ACC_000373,ACC_000199,13153.89,p2p,None,DEV_000121,IP_000237,domestic,upi_app,1,fan_in_mule,scenario_e
TX_00002446,1706062336.2291722,ACC_000247,ACC_000199,3108.4,p2p,None,DEV_000164,IP_000278,domestic,upi_app,1,fan_in_mule,scenario_e
TX_00002442,1706062446.833105,ACC_000312,ACC_000199,13059.56,p2p,None,DEV_000200,IP_000002,domestic,upi_app,1,fan_in_mule,scenario_e
TX_00002437,1706063486.504428,ACC_000275,ACC_000199,4375.13,p2p,None,DEV_000126,IP_000208,domestic,upi_app,1,fan_in_mule,scenario_e
TX_00002445,1706063849.2022882,ACC_000123,ACC_000199,7105.75,p2p,None,DEV_000271,IP_000108,domestic,upi_app,1,fan_in_mule,scenario_e
TX_00002440,1706063969.7252433,ACC_000475,ACC_000199,11437.95,p2p,None,DEV_000036,IP_000108,domestic,upi_app,1,fan_in_mule,scenario_e
TX_00002443,1706064739.2145677,ACC_000494,ACC_000199,14958.55,p2p,None,DEV_000322,IP_000203,domestic,upi_app,1,fan_in_mule,scenario_e
TX_00002439,1706064925.2203538,ACC_000005,ACC_000199,10308.91,p2p,None,DEV_000123,IP_000125,domestic,upi_app,1,fan_in_mule,scenario_e
TX_00002441,1706064940.0740361,ACC_000250,ACC_000199,9193.77,p2p,None,DEV_000267,IP_000226,domestic,upi_app,1,fan_in_mule,scenario_e
TX_00001417,1706065717.5273256,ACC_000377,ACC_000196,7287.8,merchant_settlement,MERCH_00037,DEV_000093,IP_000126,domestic,web,0,none,scenario_b
TX_00002261,1706066442.604076,ACC_000469,ACC_000121,63373.58,intermediary_transfer,None,DEV_000162,IP_000128,domestic,upi_app,1,basic_mule,scenario_d
TX_00002262,1706067334.2907667,ACC_000121,ACC_000310,60838.64,intermediary_transfer,None,DEV_000036,IP_000029,domestic,upi_app,1,basic_mule,scenario_d
TX_00001229,1706068030.7067957,ACC_000380,ACC_000186,321.56,p2m,MERCH_00041,DEV_000234,IP_000057,domestic,qr_code,0,none,scenario_b
TX_00002263,1706068947.0999148,ACC_000310,ACC_000008,58303.7,intermediary_transfer,None,DEV_000036,IP_000029,domestic,upi_app,1,basic_mule,scenario_d
TX_00002264,1706070267.936166,ACC_000008,ACC_000113,55768.75,atm_cashout,None,DEV_000036,IP_000029,domestic,upi_app,1,basic_mule,scenario_d
TX_00001273,1706071716.3379552,ACC_000006,ACC_000035,132.46,p2m,MERCH_00005,DEV_000130,IP_000299,domestic,qr_code,0,none,scenario_b
TX_00001732,1706072992.241674,ACC_000064,ACC_000425,246.53,p2m,MERCH_00017,DEV_000291,IP_000093,domestic,qr_code,0,none,scenario_b
TX_00001541,1706077402.0176318,ACC_000481,ACC_000400,269.91,p2m,MERCH_00003,DEV_000139,IP_000021,domestic,qr_code,0,none,scenario_b
TX_00000663,1706077708.8371694,ACC_000348,ACC_000451,246.38,p2p,None,DEV_000161,IP_000136,domestic,upi_app,0,none,scenario_a
TX_00002205,1706078056.3292525,ACC_000393,ACC_000069,77257.37,intermediary_transfer,None,DEV_000107,IP_000229,domestic,upi_app,1,basic_mule,scenario_d
TX_00002237,1706079401.8003242,ACC_000418,ACC_000335,48961.45,intermediary_transfer,None,DEV_000199,IP_000175,domestic,upi_app,1,basic_mule,scenario_d
TX_00002206,1706079830.3190591,ACC_000069,ACC_000204,74167.07,intermediary_transfer,None,DEV_000031,IP_000004,domestic,upi_app,1,basic_mule,scenario_d
TX_00001205,1706080391.0381405,ACC_000009,ACC_000488,2631.62,merchant_settlement,MERCH_00019,DEV_000279,IP_000128,domestic,web,0,none,scenario_b
TX_00002238,1706080595.3066776,ACC_000335,ACC_000398,47002.99,intermediary_transfer,None,DEV_000038,IP_000012,domestic,upi_app,1,basic_mule,scenario_d
TX_00002207,1706080787.7316804,ACC_000204,ACC_000175,71076.78,intermediary_transfer,None,DEV_000031,IP_000004,domestic,upi_app,1,basic_mule,scenario_d
TX_00002208,1706081134.3368778,ACC_000175,ACC_000309,67986.48,atm_cashout,None,DEV_000031,IP_000004,domestic,upi_app,1,basic_mule,scenario_d
TX_00001595,1706081202.0224333,ACC_000009,ACC_000085,265.19,p2m,MERCH_00007,DEV_000287,IP_000037,domestic,qr_code,0,none,scenario_b
TX_00002239,1706082486.3987224,ACC_000398,ACC_000272,45044.53,intermediary_transfer,None,DEV_000038,IP_000012,domestic,upi_app,1,basic_mule,scenario_d
TX_00001564,1706082826.649519,ACC_000338,ACC_000400,65.22,p2m,MERCH_00003,DEV_000363,IP_000145,domestic,qr_code,0,none,scenario_b
TX_00000697,1706082844.3470988,ACC_000455,ACC_000397,585.05,p2p,None,DEV_000050,IP_000039,domestic,upi_app,0,none,scenario_a
TX_00002240,1706083625.8137627,ACC_000272,ACC_000204,43086.07,atm_cashout,None,DEV_000038,IP_000012,domestic,upi_app,1,basic_mule,scenario_d
TX_00001080,1706086371.568176,ACC_000224,ACC_000076,137.81,p2p,None,DEV_000053,IP_000075,domestic,web,0,none,scenario_a
TX_00000439,1706086499.4702497,ACC_000260,ACC_000355,675.0,p2p,None,DEV_000344,IP_000004,domestic,web,0,none,scenario_a
TX_00000244,1706087604.6893437,ACC_000296,ACC_000471,1872.08,p2p,None,DEV_000096,IP_000176,domestic,web,0,none,scenario_a
TX_00000303,1706088933.3781354,ACC_000310,ACC_000360,832.92,p2p,None,DEV_000040,IP_000031,domestic,upi_app,0,none,scenario_a
TX_00000695,1706089213.3228736,ACC_000195,ACC_000062,917.72,p2p,None,DEV_000329,IP_000024,domestic,qr_code,0,none,scenario_a
TX_00000554,1706089222.0389025,ACC_000498,ACC_000239,317.81,p2p,None,DEV_000247,IP_000236,domestic,web,0,none,scenario_a
TX_00001092,1706090662.0653803,ACC_000008,ACC_000019,1006.59,p2p,None,DEV_000137,IP_000147,domestic,upi_app,0,none,scenario_a
TX_00000530,1706090936.8229675,ACC_000093,ACC_000498,2021.61,p2p,None,DEV_000375,IP_000004,domestic,web,0,none,scenario_a
TX_00000409,1706091224.6034207,ACC_000096,ACC_000368,1621.21,p2p,None,DEV_000283,IP_000042,domestic,qr_code,0,none,scenario_a
TX_00001710,1706091642.1945477,ACC_000090,ACC_000111,48.7,p2m,MERCH_00011,DEV_000091,IP_000278,domestic,qr_code,0,none,scenario_b
TX_00001455,1706092714.0146432,ACC_000211,ACC_000350,132.99,p2m,MERCH_00009,DEV_000133,IP_000204,domestic,qr_code,0,none,scenario_b
TX_00000065,1706093251.0693984,ACC_000334,ACC_000059,62.08,p2p,None,DEV_000275,IP_000043,domestic,qr_code,0,none,scenario_a
TX_00001533,1706094511.4349787,ACC_000457,ACC_000400,126.29,p2m,MERCH_00003,DEV_000033,IP_000011,domestic,qr_code,0,none,scenario_b
TX_00001054,1706095026.7809076,ACC_000347,ACC_000098,658.39,p2p,None,DEV_000082,IP_000157,domestic,qr_code,0,none,scenario_a
TX_00000214,1706096982.879211,ACC_000111,ACC_000373,767.19,p2p,None,DEV_000092,IP_000122,domestic,upi_app,0,none,scenario_a
TX_00000016,1706097183.0445614,ACC_000393,ACC_000020,1973.08,p2p,None,DEV_000068,IP_000089,domestic,qr_code,0,none,scenario_a
TX_00000781,1706097222.425086,ACC_000344,ACC_000455,461.93,p2p,None,DEV_000139,IP_000098,domestic,web,0,none,scenario_a
TX_00000275,1706098806.0016122,ACC_000306,ACC_000033,1077.51,p2p,None,DEV_000379,IP_000266,domestic,qr_code,0,none,scenario_a
TX_00000160,1706099426.496414,ACC_000035,ACC_000189,2675.04,p2p,None,DEV_000225,IP_000227,domestic,qr_code,0,none,scenario_a
TX_00000831,1706100649.0923073,ACC_000040,ACC_000180,685.52,p2p,None,DEV_000237,IP_000272,domestic,qr_code,0,none,scenario_a
TX_00000420,1706104718.0627975,ACC_000024,ACC_000438,387.97,p2p,None,DEV_000263,IP_000299,domestic,upi_app,0,none,scenario_a
TX_00001352,1706104901.9373262,ACC_000211,ACC_000099,149.43,p2m,MERCH_00044,DEV_000132,IP_000049,domestic,qr_code,0,none,scenario_b
TX_00000343,1706105881.7723782,ACC_000301,ACC_000177,594.0,p2p,None,DEV_000041,IP_000027,domestic,web,0,none,scenario_a
TX_00001786,1706106031.6008716,ACC_000074,ACC_000483,533.46,p2m,MERCH_00036,DEV_000396,IP_000171,domestic,qr_code,0,none,scenario_b
TX_00001121,1706106315.2514496,ACC_000290,ACC_000135,105.1,p2m,MERCH_00028,DEV_000110,IP_000250,domestic,qr_code,0,none,scenario_b
TX_00000223,1706106641.1725125,ACC_000375,ACC_000223,592.63,p2p,None,DEV_000094,IP_000253,domestic,qr_code,0,none,scenario_a
TX_00000837,1706108100.6189177,ACC_000442,ACC_000137,779.78,p2p,None,DEV_000253,IP_000085,domestic,upi_app,0,none,scenario_a
TX_00001085,1706108175.7263975,ACC_000431,ACC_000274,445.56,p2p,None,DEV_000301,IP_000221,domestic,qr_code,0,none,scenario_a
TX_00000013,1706108555.0674698,ACC_000183,ACC_000454,322.34,p2p,None,DEV_000179,IP_000221,domestic,upi_app,0,none,scenario_a
TX_00000112,1706109061.878353,ACC_000336,ACC_000247,138.81,p2p,None,DEV_000360,IP_000031,domestic,qr_code,0,none,scenario_a
TX_00001720,1706109455.9718342,ACC_000441,ACC_000111,44.48,p2m,MERCH_00011,DEV_000266,IP_000021,domestic,qr_code,0,none,scenario_b
TX_00001191,1706109844.94249,ACC_000065,ACC_000009,104.99,p2m,MERCH_00019,DEV_000260,IP_000260,domestic,qr_code,0,none,scenario_b
TX_00000485,1706110103.787567,ACC_000351,ACC_000018,2923.01,p2p,None,DEV_000037,IP_000107,domestic,upi_app,0,none,scenario_a
TX_00002632,1706110492.3598263,ACC_000261,ACC_000105,9143.92,intermediary_transfer,None,DEV_000018,IP_000005,domestic,upi_app,1,fan_out_mule,scenario_f
TX_00002630,1706110681.4143972,ACC_000261,ACC_000107,5449.74,intermediary_transfer,None,DEV_000018,IP_000005,domestic,upi_app,1,fan_out_mule,scenario_f
TX_00002629,1706110719.9472256,ACC_000261,ACC_000070,2852.44,intermediary_transfer,None,DEV_000018,IP_000005,domestic,upi_app,1,fan_out_mule,scenario_f
TX_00001799,1706110752.5574381,ACC_000205,ACC_000483,124.18,p2m,MERCH_00036,DEV_000112,IP_000257,domestic,qr_code,0,none,scenario_b
TX_00002631,1706111151.3748305,ACC_000261,ACC_000177,6044.15,intermediary_transfer,None,DEV_000018,IP_000005,domestic,upi_app,1,fan_out_mule,scenario_f
TX_00000581,1706111163.0873747,ACC_000028,ACC_000253,636.98,p2p,None,DEV_000028,IP_000230,domestic,web,0,none,scenario_a
TX_00002627,1706111190.2953,ACC_000261,ACC_000349,2115.62,intermediary_transfer,None,DEV_000018,IP_000005,domestic,upi_app,1,fan_out_mule,scenario_f
TX_00002634,1706111462.4765851,ACC_000261,ACC_000333,2957.2,intermediary_transfer,None,DEV_000018,IP_000005,domestic,upi_app,1,fan_out_mule,scenario_f
TX_00002633,1706111611.0459282,ACC_000261,ACC_000450,6325.49,intermediary_transfer,None,DEV_000018,IP_000005,domestic,upi_app,1,fan_out_mule,scenario_f
TX_00002636,1706111611.3753023,ACC_000261,ACC_000140,9013.78,intermediary_transfer,None,DEV_000018,IP_000005,domestic,upi_app,1,fan_out_mule,scenario_f
TX_00002635,1706111729.912108,ACC_000261,ACC_000209,8481.79,intermediary_transfer,None,DEV_000018,IP_000005,domestic,upi_app,1,fan_out_mule,scenario_f
TX_00002628,1706111799.3505125,ACC_000261,ACC_000297,2413.9,intermediary_transfer,None,DEV_000018,IP_000005,domestic,upi_app,1,fan_out_mule,scenario_f
TX_00001285,1706112352.110357,ACC_000474,ACC_000035,190.22,p2m,MERCH_00005,DEV_000299,IP_000290,domestic,qr_code,0,none,scenario_b
TX_00000966,1706112680.8905466,ACC_000130,ACC_000397,1395.33,p2p,None,DEV_000348,IP_000011,domestic,qr_code,0,none,scenario_a
TX_00000208,1706113626.30141,ACC_000336,ACC_000252,1695.33,p2p,None,DEV_000294,IP_000086,domestic,qr_code,0,none,scenario_a
TX_00000870,1706115158.5455866,ACC_000264,ACC_000124,290.97,p2p,None,DEV_000157,IP_000238,domestic,qr_code,0,none,scenario_a
TX_00001011,1706115529.3095927,ACC_000155,ACC_000474,1416.52,p2p,None,DEV_000062,IP_000048,domestic,upi_app,0,none,scenario_a
TX_00001433,1706116375.7011445,ACC_000045,ACC_000350,84.43,p2m,MERCH_00009,DEV_000136,IP_000125,domestic,qr_code,0,none,scenario_b
TX_00000948,1706116826.3383188,ACC_000217,ACC_000185,437.05,p2p,None,DEV_000089,IP_000249,domestic,qr_code,0,none,scenario_a
TX_00000194,1706117055.6130238,ACC_000381,ACC_000276,261.95,p2p,None,DEV_000397,IP_000200,domestic,qr_code,0,none,scenario_a
TX_00000484,1706118605.778457,ACC_000157,ACC_000280,833.34,p2p,None,DEV_000234,IP_000070,domestic,web,0,none,scenario_a
TX_00001394,1706120908.0817957,ACC_000051,ACC_000377,163.43,p2m,MERCH_00037,DEV_000193,IP_000079,domestic,qr_code,0,none,scenario_b
TX_00000600,1706121922.6240144,ACC_000174,ACC_000216,211.96,p2p,None,DEV_000088,IP_000172,domestic,qr_code,0,none,scenario_a
TX_00000668,1706124893.0660925,ACC_000244,ACC_000381,643.12,p2p,None,DEV_000258,IP_000278,domestic,upi_app,0,none,scenario_a
TX_00001039,1706128005.6791003,ACC_000055,ACC_000164,267.88,p2p,None,DEV_000200,IP_000023,domestic,upi_app,0,none,scenario_a
TX_00000090,1706130614.0831997,ACC_000492,ACC_000227,566.3,p2p,None,DEV_000024,IP_000269,domestic,qr_code,0,none,scenario_a
TX_00001308,1706136960.858262,ACC_000035,ACC_000250,2000.0,merchant_settlement,MERCH_00005,DEV_000161,IP_000203,domestic,web,0,none,scenario_b
TX_00001702,1706140249.212016,ACC_000433,ACC_000111,178.43,p2m,MERCH_00011,DEV_000096,IP_000135,domestic,qr_code,0,none,scenario_b
TX_00001409,1706141215.547882,ACC_000278,ACC_000377,207.55,p2m,MERCH_00037,DEV_000362,IP_000158,domestic,qr_code,0,none,scenario_b
TX_00002747,1706147942.8085113,ACC_000403,ACC_000002,25000.0,intermediary_transfer,None,DEV_000038,IP_000183,domestic,upi_app,1,layered_mule,scenario_g
TX_00002748,1706148242.8085113,ACC_000380,ACC_000332,30000.0,intermediary_transfer,None,DEV_000360,IP_000158,domestic,upi_app,1,layered_mule,scenario_g
TX_00001451,1706148317.1835039,ACC_000132,ACC_000350,256.87,p2m,MERCH_00009,DEV_000023,IP_000077,domestic,qr_code,0,none,scenario_b
TX_00002749,1706149142.8085113,ACC_000002,ACC_000203,23500.0,intermediary_transfer,None,DEV_000007,IP_000012,domestic,upi_app,1,layered_mule,scenario_g
TX_00002750,1706149442.8085113,ACC_000332,ACC_000203,28000.0,intermediary_transfer,None,DEV_000007,IP_000012,domestic,upi_app,1,layered_mule,scenario_g
TX_00001317,1706149825.463988,ACC_000288,ACC_000099,105.1,p2m,MERCH_00044,DEV_000015,IP_000237,domestic,qr_code,0,none,scenario_b
TX_00002657,1706150235.5661392,ACC_000381,ACC_000229,25000.0,intermediary_transfer,None,DEV_000100,IP_000229,domestic,upi_app,1,layered_mule,scenario_g
TX_00002658,1706150535.5661392,ACC_000352,ACC_000362,30000.0,intermediary_transfer,None,DEV_000144,IP_000074,domestic,upi_app,1,layered_mule,scenario_g
TX_00002659,1706151435.5661392,ACC_000229,ACC_000095,23500.0,intermediary_transfer,None,DEV_000039,IP_000002,domestic,upi_app,1,layered_mule,scenario_g
TX_00002729,1706151518.8922055,ACC_000206,ACC_000193,25000.0,intermediary_transfer,None,DEV_000093,IP_000027,domestic,upi_app,1,layered_mule,scenario_g
TX_00002751,1706151542.8085113,ACC_000203,ACC_000266,25000.0,intermediary_transfer,None,DEV_000007,IP_000012,domestic,upi_app,1,layered_mule,scenario_g
TX_00002660,1706151735.5661392,ACC_000362,ACC_000095,28000.0,intermediary_transfer,None,DEV_000039,IP_000002,domestic,upi_app,1,layered_mule,scenario_g
TX_00002730,1706151818.8922055,ACC_000443,ACC_000100,30000.0,intermediary_transfer,None,DEV_000356,IP_000112,domestic,upi_app,1,layered_mule,scenario_g
TX_00002752,1706151942.8085113,ACC_000203,ACC_000233,24000.0,intermediary_transfer,None,DEV_000007,IP_000012,domestic,upi_app,1,layered_mule,scenario_g
TX_00002731,1706152718.8922055,ACC_000193,ACC_000435,23500.0,intermediary_transfer,None,DEV_000039,IP_000012,domestic,upi_app,1,layered_mule,scenario_g
TX_00001547,1706152898.2416317,ACC_000102,ACC_000400,291.84,p2m,MERCH_00003,DEV_000157,IP_000043,domestic,qr_code,0,none,scenario_b
TX_00002732,1706153018.8922055,ACC_000100,ACC_000435,28000.0,intermediary_transfer,None,DEV_000039,IP_000012,domestic,upi_app,1,layered_mule,scenario_g
TX_00002661,1706153835.5661392,ACC_000095,ACC_000159,25000.0,intermediary_transfer,None,DEV_000039,IP_000002,domestic,upi_app,1,layered_mule,scenario_g
TX_00002662,1706154235.5661392,ACC_000095,ACC_000138,24000.0,intermediary_transfer,None,DEV_000039,IP_000002,domestic,upi_app,1,layered_mule,scenario_g
TX_00002733,1706155118.8922055,ACC_000435,ACC_000030,25000.0,intermediary_transfer,None,DEV_000039,IP_000012,domestic,upi_app,1,layered_mule,scenario_g
TX_00002734,1706155518.8922055,ACC_000435,ACC_000417,24000.0,intermediary_transfer,None,DEV_000039,IP_000012,domestic,upi_app,1,layered_mule,scenario_g
TX_00001835,1706156483.8598444,ACC_000353,ACC_000029,196.16,p2m,MERCH_00042,DEV_000129,IP_000249,domestic,qr_code,0,none,scenario_b
TX_00001479,1706159696.7810879,ACC_000199,ACC_000336,130.12,p2m,MERCH_00001,DEV_000389,IP_000229,domestic,qr_code,0,none,scenario_b
TX_00001825,1706159923.8376353,ACC_000178,ACC_000483,222.34,p2m,MERCH_00036,DEV_000065,IP_000274,domestic,qr_code,0,none,scenario_b
TX_00000985,1706161348.8702374,ACC_000272,ACC_000109,402.03,p2p,None,DEV_000234,IP_000072,domestic,web,0,none,scenario_a
TX_00001881,1706163716.2379897,ACC_000029,ACC_000282,2000.0,merchant_settlement,MERCH_00042,DEV_000047,IP_000264,domestic,web,0,none,scenario_b
TX_00000529,1706164220.243961,ACC_000258,ACC_000404,834.33,p2p,None,DEV_000188,IP_000075,domestic,qr_code,0,none,scenario_a
TX_00001445,1706164293.5124314,ACC_000214,ACC_000350,140.84,p2m,MERCH_00009,DEV_000272,IP_000234,domestic,qr_code,0,none,scenario_b
TX_00001646,1706165347.8855538,ACC_000338,ACC_000269,126.87,p2m,MERCH_00021,DEV_000378,IP_000278,domestic,qr_code,0,none,scenario_b
TX_00001272,1706165912.093839,ACC_000112,ACC_000035,330.92,p2m,MERCH_00005,DEV_000135,IP_000256,domestic,qr_code,0,none,scenario_b
TX_00001267,1706168703.442418,ACC_000497,ACC_000035,385.25,p2m,MERCH_00005,DEV_000222,IP_000096,domestic,qr_code,0,none,scenario_b
TX_00000579,1706170005.397969,ACC_000239,ACC_000488,2211.18,p2p,None,DEV_000034,IP_000150,domestic,web,0,none,scenario_a
TX_00001731,1706171709.2372694,ACC_000002,ACC_000425,143.04,p2m,MERCH_00017,DEV_000203,IP_000291,domestic,qr_code,0,none,scenario_b
TX_00000532,1706173251.1045094,ACC_000010,ACC_000426,488.26,p2p,None,DEV_000080,IP_000267,domestic,web,0,none,scenario_a
TX_00001406,1706174022.398045,ACC_000441,ACC_000377,63.17,p2m,MERCH_00037,DEV_000181,IP_000021,domestic,qr_code,0,none,scenario_b
TX_00001777,1706174357.9620733,ACC_000425,ACC_000094,2738.53,merchant_settlement,MERCH_00017,DEV_000320,IP_000065,domestic,web,0,none,scenario_b
TX_00000919,1706175696.8533363,ACC_000088,ACC_000494,2753.31,p2p,None,DEV_000175,IP_000082,domestic,web,0,none,scenario_a
TX_00001582,1706177652.1753194,ACC_000249,ACC_000085,99.22,p2m,MERCH_00007,DEV_000354,IP_000254,domestic,qr_code,0,none,scenario_b
TX_00001327,1706178453.608992,ACC_000328,ACC_000099,115.65,p2m,MERCH_00044,DEV_000162,IP_000054,domestic,qr_code,0,none,scenario_b
TX_00000907,1706179013.7503932,ACC_000268,ACC_000035,421.38,p2p,None,DEV_000162,IP_000105,domestic,web,0,none,scenario_a
TX_00000465,1706180202.9335208,ACC_000200,ACC_000340,252.1,p2p,None,DEV_000303,IP_000031,domestic,qr_code,0,none,scenario_a
TX_00001791,1706180856.6034744,ACC_000320,ACC_000483,160.6,p2m,MERCH_00036,DEV_000307,IP_000113,domestic,qr_code,0,none,scenario_b
TX_00001256,1706181910.6573586,ACC_000186,ACC_000254,2000.0,merchant_settlement,MERCH_00041,DEV_000043,IP_000078,domestic,web,0,none,scenario_b
TX_00000006,1706182527.3172624,ACC_000383,ACC_000416,800.89,p2p,None,DEV_000079,IP_000241,domestic,upi_app,0,none,scenario_a
TX_00001572,1706183094.099328,ACC_000400,ACC_000160,2000.0,merchant_settlement,MERCH_00003,DEV_000130,IP_000079,domestic,web,0,none,scenario_b
TX_00001210,1706183819.545542,ACC_000131,ACC_000186,77.51,p2m,MERCH_00041,DEV_000373,IP_000229,domestic,qr_code,0,none,scenario_b
TX_00000809,1706184269.273899,ACC_000479,ACC_000176,295.5,p2p,None,DEV_000225,IP_000001,domestic,upi_app,0,none,scenario_a
TX_00000671,1706184491.1712182,ACC_000135,ACC_000121,196.12,p2p,None,DEV_000205,IP_000224,domestic,qr_code,0,none,scenario_a
TX_00001497,1706184894.1543763,ACC_000247,ACC_000336,166.83,p2m,MERCH_00001,DEV_000245,IP_000125,domestic,qr_code,0,none,scenario_b
TX_00000158,1706185589.8044457,ACC_000015,ACC_000294,2557.71,p2p,None,DEV_000373,IP_000219,domestic,web,0,none,scenario_a
TX_00002531,1706185867.9135554,ACC_000457,ACC_000121,7312.69,intermediary_transfer,None,DEV_000002,IP_000028,domestic,upi_app,1,fan_out_mule,scenario_f
TX_00002536,1706185977.4975266,ACC_000457,ACC_000160,3518.8,intermediary_transfer,None,DEV_000002,IP_000028,domestic,upi_app,1,fan_out_mule,scenario_f
TX_00002530,1706186257.4666524,ACC_000457,ACC_000410,7541.62,intermediary_transfer,None,DEV_000002,IP_000028,domestic,upi_app,1,fan_out_mule,scenario_f
TX_00002528,1706186567.730275,ACC_000457,ACC_000109,6379.66,intermediary_transfer,None,DEV_000002,IP_000028,domestic,upi_app,1,fan_out_mule,scenario_f
TX_00002529,1706186636.8896222,ACC_000457,ACC_000007,2032.25,intermediary_transfer,None,DEV_000002,IP_000028,domestic,upi_app,1,fan_out_mule,scenario_f
TX_00002533,1706186651.4316568,ACC_000457,ACC_000301,2018.46,intermediary_transfer,None,DEV_000002,IP_000028,domestic,upi_app,1,fan_out_mule,scenario_f
TX_00002527,1706186920.7094824,ACC_000457,ACC_000408,4466.29,intermediary_transfer,None,DEV_000002,IP_000028,domestic,upi_app,1,fan_out_mule,scenario_f
TX_00002535,1706186923.2099462,ACC_000457,ACC_000423,6055.41,intermediary_transfer,None,DEV_000002,IP_000028,domestic,upi_app,1,fan_out_mule,scenario_f
TX_00002534,1706187331.2266042,ACC_000457,ACC_000095,5103.66,intermediary_transfer,None,DEV_000002,IP_000028,domestic,upi_app,1,fan_out_mule,scenario_f
TX_00000367,1706187408.4506395,ACC_000200,ACC_000409,1027.72,p2p,None,DEV_000111,IP_000223,domestic,upi_app,0,none,scenario_a
TX_00000122,1706187435.756552,ACC_000279,ACC_000025,1991.08,p2p,None,DEV_000084,IP_000063,domestic,qr_code,0,none,scenario_a
TX_00002532,1706187522.6624618,ACC_000457,ACC_000373,8810.06,intermediary_transfer,None,DEV_000002,IP_000028,domestic,upi_app,1,fan_out_mule,scenario_f
TX_00000384,1706189082.2226114,ACC_000075,ACC_000079,448.63,p2p,None,DEV_000132,IP_000237,domestic,web,0,none,scenario_a
TX_00000814,1706191658.6576123,ACC_000133,ACC_000291,867.28,p2p,None,DEV_000396,IP_000192,domestic,web,0,none,scenario_a
TX_00000288,1706191822.8403199,ACC_000077,ACC_000188,1609.94,p2p,None,DEV_000147,IP_000166,domestic,web,0,none,scenario_a
TX_00000118,1706194599.1533506,ACC_000037,ACC_000443,421.09,p2p,None,DEV_000173,IP_000108,domestic,upi_app,0,none,scenario_a
TX_00001353,1706194680.771191,ACC_000045,ACC_000099,105.63,p2m,MERCH_00044,DEV_000369,IP_000107,domestic,qr_code,0,none,scenario_b
TX_00000681,1706196634.7419045,ACC_000477,ACC_000441,162.31,p2p,None,DEV_000150,IP_000225,domestic,web,0,none,scenario_a
TX_00001000,1706197095.517549,ACC_000400,ACC_000094,619.06,p2p,None,DEV_000125,IP_000097,domestic,upi_app,0,none,scenario_a
TX_00000394,1706197532.1170292,ACC_000128,ACC_000277,1029.56,p2p,None,DEV_000366,IP_000222,domestic,web,0,none,scenario_a
TX_00002400,1706198429.9046957,ACC_000236,ACC_000205,14628.95,p2p,None,DEV_000004,IP_000180,domestic,upi_app,1,fan_in_mule,scenario_e
TX_00002398,1706198527.0515869,ACC_000480,ACC_000205,3633.67,p2p,None,DEV_000247,IP_000060,domestic,upi_app,1,fan_in_mule,scenario_e
TX_00002401,1706198753.0399177,ACC_000163,ACC_000205,14039.69,p2p,None,DEV_000119,IP_000070,domestic,upi_app,1,fan_in_mule,scenario_e
TX_00000412,1706199160.4326038,ACC_000093,ACC_000170,449.27,p2p,None,DEV_000318,IP_000041,domestic,web,0,none,scenario_a
TX_00002404,1706199193.3919158,ACC_000466,ACC_000205,11498.34,p2p,None,DEV_000003,IP_000183,domestic,upi_app,1,fan_in_mule,scenario_e
TX_00002397,1706199231.5723357,ACC_000085,ACC_000205,7120.45,p2p,None,DEV_000129,IP_000290,domestic,upi_app,1,fan_in_mule,scenario_e
TX_00002399,1706199348.7856202,ACC_000474,ACC_000205,5394.85,p2p,None,DEV_000089,IP_000179,domestic,upi_app,1,fan_in_mule,scenario_e
TX_00002406,1706199567.6134813,ACC_000136,ACC_000205,10374.37,p2p,None,DEV_000018,IP_000172,domestic,upi_app,1,fan_in_mule,scenario_e
TX_00002402,1706200115.0164428,ACC_000259,ACC_000205,11350.21,p2p,None,DEV_000245,IP_000054,domestic,upi_app,1,fan_in_mule,scenario_e
TX_00002405,1706200543.5747693,ACC_000135,ACC_000205,12429.94,p2p,None,DEV_000221,IP_000288,domestic,upi_app,1,fan_in_mule,scenario_e
TX_00002403,1706200547.956711,ACC_000109,ACC_000205,3979.84,p2p,None,DEV_000051,IP_000134,domestic,upi_app,1,fan_in_mule,scenario_e
TX_00001605,1706201204.7617493,ACC_000483,ACC_000085,57.88,p2m,MERCH_00007,DEV_000274,IP_000013,domestic,qr_code,0,none,scenario_b
TX_00000037,1706201556.9058688,ACC_000119,ACC_000489,456.13,p2p,None,DEV_000214,IP_000096,domestic,web,0,none,scenario_a
TX_00000052,1706201613.5469954,ACC_000404,ACC_000099,485.42,p2p,None,DEV_000242,IP_000294,domestic,qr_code,0,none,scenario_a
TX_00000647,1706202720.8191624,ACC_000129,ACC_000019,671.52,p2p,None,DEV_000207,IP_000058,domestic,qr_code,0,none,scenario_a
TX_00000893,1706203164.3736634,ACC_000441,ACC_000244,1332.02,p2p,None,DEV_000130,IP_000188,domestic,web,0,none,scenario_a
TX_00000508,1706203427.6014051,ACC_000274,ACC_000399,581.06,p2p,None,DEV_000191,IP_000168,domestic,qr_code,0,none,scenario_a
TX_00000396,1706204611.4314082,ACC_000485,ACC_000395,3222.0,p2p,None,DEV_000112,IP_000022,domestic,upi_app,0,none,scenario_a
TX_00002273,1706204745.260885,ACC_000173,ACC_000206,52620.63,intermediary_transfer,None,DEV_000378,IP_000269,domestic,upi_app,1,basic_mule,scenario_d
TX_00000181,1706205031.8831482,ACC_000081,ACC_000217,1389.81,p2p,None,DEV_000042,IP_000176,domestic,web,0,none,scenario_a
TX_00002274,1706205432.6772034,ACC_000206,ACC_000499,50515.8,intermediary_transfer,None,DEV_000004,IP_000003,domestic,upi_app,1,basic_mule,scenario_d
TX_00001359,1706205997.7743866,ACC_000099,ACC_000334,2067.8,merchant_settlement,MERCH_00044,DEV_000359,IP_000162,domestic,web,0,none,scenario_b
TX_00000598,1706206391.8204145,ACC_000431,ACC_000043,1366.3,p2p,None,DEV_000202,IP_000037,domestic,qr_code,0,none,scenario_a
TX_00001178,1706206628.6915362,ACC_000352,ACC_000009,207.85,p2m,MERCH_00019,DEV_000077,IP_000062,domestic,qr_code,0,none,scenario_b
TX_00002275,1706206867.8973467,ACC_000499,ACC_000048,48410.98,intermediary_transfer,None,DEV_000004,IP_000003,domestic,upi_app,1,basic_mule,scenario_d
TX_00001007,1706207225.0334833,ACC_000311,ACC_000208,443.81,p2p,None,DEV_000059,IP_000155,domestic,qr_code,0,none,scenario_a
TX_00001077,1706207723.737989,ACC_000394,ACC_000103,718.39,p2p,None,DEV_000087,IP_000057,domestic,qr_code,0,none,scenario_a
TX_00002276,1706207977.032699,ACC_000048,ACC_000372,46306.15,atm_cashout,None,DEV_000004,IP_000003,domestic,upi_app,1,basic_mule,scenario_d
TX_00000497,1706208271.0131066,ACC_000194,ACC_000255,2174.08,p2p,None,DEV_000338,IP_000159,domestic,web,0,none,scenario_a
TX_00001436,1706209219.2207212,ACC_000476,ACC_000350,126.94,p2m,MERCH_00009,DEV_000352,IP_000267,domestic,qr_code,0,none,scenario_b
TX_00000713,1706209687.2942927,ACC_000439,ACC_000485,211.83,p2p,None,DEV_000068,IP_000034,domestic,qr_code,0,none,scenario_a
TX_00001069,1706210774.8034053,ACC_000015,ACC_000044,711.82,p2p,None,DEV_000233,IP_000146,domestic,upi_app,0,none,scenario_a
TX_00000411,1706212827.1817322,ACC_000346,ACC_000013,396.24,p2p,None,DEV_000116,IP_000270,domestic,web,0,none,scenario_a
TX_00001583,1706213063.200922,ACC_000477,ACC_000085,112.54,p2m,MERCH_00007,DEV_000279,IP_000207,domestic,qr_code,0,none,scenario_b
TX_00000054,1706216275.1276634,ACC_000223,ACC_000020,359.4,p2p,None,DEV_000293,IP_000015,domestic,upi_app,0,none,scenario_a
TX_00001413,1706217195.7401783,ACC_000377,ACC_000257,4422.55,merchant_settlement,MERCH_00037,DEV_000323,IP_000216,domestic,web,0,none,scenario_b
TX_00000009,1706218208.448795,ACC_000301,ACC_000015,459.49,p2p,None,DEV_000023,IP_000256,domestic,upi_app,0,none,scenario_a
TX_00001590,1706219566.6230948,ACC_000322,ACC_000085,109.52,p2m,MERCH_00007,DEV_000344,IP_000130,domestic,qr_code,0,none,scenario_b
TX_00000261,1706219993.0993307,ACC_000036,ACC_000463,568.61,p2p,None,DEV_000013,IP_000105,domestic,upi_app,0,none,scenario_a
TX_00000121,1706220412.5878556,ACC_000330,ACC_000093,63.79,p2p,None,DEV_000368,IP_000204,domestic,web,0,none,scenario_a
TX_00002483,1706220887.194703,ACC_000357,ACC_000488,9693.27,p2p,None,DEV_000151,IP_000083,domestic,upi_app,1,fan_in_mule,scenario_e
TX_00002480,1706220913.355212,ACC_000190,ACC_000488,7989.18,p2p,None,DEV_000318,IP_000186,domestic,upi_app,1,fan_in_mule,scenario_e
TX_00002486,1706221640.2859628,ACC_000230,ACC_000488,8729.14,p2p,None,DEV_000095,IP_000185,domestic,upi_app,1,fan_in_mule,scenario_e
TX_00002485,1706222020.4413455,ACC_000180,ACC_000488,7692.47,p2p,None,DEV_000301,IP_000072,domestic,upi_app,1,fan_in_mule,scenario_e
TX_00002482,1706222094.9218326,ACC_000181,ACC_000488,5998.55,p2p,None,DEV_000280,IP_000267,domestic,upi_app,1,fan_in_mule,scenario_e
TX_00002484,1706222164.2899806,ACC_000409,ACC_000488,11757.65,p2p,None,DEV_000208,IP_000004,domestic,upi_app,1,fan_in_mule,scenario_e
TX_00002481,1706222480.9288602,ACC_000276,ACC_000488,7404.76,p2p,None,DEV_000116,IP_000230,domestic,upi_app,1,fan_in_mule,scenario_e
TX_00002478,1706222741.8093095,ACC_000108,ACC_000488,10605.77,p2p,None,DEV_000383,IP_000095,domestic,upi_app,1,fan_in_mule,scenario_e
TX_00002479,1706222957.971757,ACC_000000,ACC_000488,12448.03,p2p,None,DEV_000179,IP_000213,domestic,upi_app,1,fan_in_mule,scenario_e
TX_00002477,1706223041.3563774,ACC_000314,ACC_000488,13467.75,p2p,None,DEV_000015,IP_000276,domestic,upi_app,1,fan_in_mule,scenario_e
TX_00001385,1706223819.827196,ACC_000494,ACC_000377,70.98,p2m,MERCH_00037,DEV_000243,IP_000152,domestic,qr_code,0,none,scenario_b
TX_00001834,1706225088.0144057,ACC_000221,ACC_000029,334.11,p2m,MERCH_00042,DEV_000079,IP_000298,domestic,qr_code,0,none,scenario_b
TX_00001346,1706231032.520341,ACC_000105,ACC_000099,178.55,p2m,MERCH_00044,DEV_000193,IP_000116,domestic,qr_code,0,none,scenario_b
TX_00001318,1706239361.4573193,ACC_000121,ACC_000099,129.2,p2m,MERCH_00044,DEV_000265,IP_000185,domestic,qr_code,0,none,scenario_b
TX_00001603,1706243601.1290352,ACC_000420,ACC_000085,285.9,p2m,MERCH_00007,DEV_000257,IP_000216,domestic,qr_code,0,none,scenario_b
TX_00000563,1706250491.2840223,ACC_000460,ACC_000287,1023.31,p2p,None,DEV_000076,IP_000092,domestic,qr_code,0,none,scenario_a
TX_00001875,1706251441.3937986,ACC_000493,ACC_000029,69.86,p2m,MERCH_00042,DEV_000038,IP_000255,domestic,qr_code,0,none,scenario_b
TX_00001164,1706252915.309187,ACC_000176,ACC_000009,113.41,p2m,MERCH_00019,DEV_000387,IP_000187,domestic,qr_code,0,none,scenario_b
TX_00001110,1706256251.567118,ACC_000031,ACC_000135,292.95,p2m,MERCH_00028,DEV_000119,IP_000066,domestic,qr_code,0,none,scenario_b
TX_00000980,1706259147.8248124,ACC_000255,ACC_000288,5122.03,p2p,None,DEV_000285,IP_000004,domestic,upi_app,0,none,scenario_a
TX_00000309,1706261872.0378828,ACC_000339,ACC_000249,492.31,p2p,None,DEV_000021,IP_000179,domestic,qr_code,0,none,scenario_a
TX_00001670,1706262757.6732051,ACC_000269,ACC_000280,3310.76,merchant_settlement,MERCH_00021,DEV_000015,IP_000248,domestic,web,0,none,scenario_b
TX_00001515,1706264809.134789,ACC_000336,ACC_000473,2022.72,merchant_settlement,MERCH_00001,DEV_000217,IP_000275,domestic,web,0,none,scenario_b
TX_00000721,1706265108.8067698,ACC_000497,ACC_000423,548.34,p2p,None,DEV_000264,IP_000154,domestic,web,0,none,scenario_a
TX_00000276,1706265471.2363458,ACC_000201,ACC_000438,603.39,p2p,None,DEV_000024,IP_000140,domestic,web,0,none,scenario_a
TX_00000810,1706265509.96093,ACC_000483,ACC_000425,783.64,p2p,None,DEV_000394,IP_000299,domestic,qr_code,0,none,scenario_a
TX_00001831,1706267463.733306,ACC_000483,ACC_000137,2000.0,merchant_settlement,MERCH_00036,DEV_000287,IP_000247,domestic,web,0,none,scenario_b
TX_00001797,1706268545.1858497,ACC_000215,ACC_000483,153.29,p2m,MERCH_00036,DEV_000095,IP_000099,domestic,qr_code,0,none,scenario_b
TX_00000345,1706268772.8443794,ACC_000354,ACC_000037,260.95,p2p,None,DEV_000141,IP_000160,domestic,qr_code,0,none,scenario_a
TX_00000536,1706269304.3004963,ACC_000278,ACC_000091,2148.51,p2p,None,DEV_000380,IP_000154,domestic,upi_app,0,none,scenario_a
TX_00001290,1706269673.7628093,ACC_000118,ACC_000035,68.11,p2m,MERCH_00005,DEV_000080,IP_000266,domestic,qr_code,0,none,scenario_b
TX_00001640,1706270198.3946712,ACC_000114,ACC_000269,129.12,p2m,MERCH_00021,DEV_000056,IP_000113,domestic,qr_code,0,none,scenario_b
TX_00001756,1706270446.3418858,ACC_000275,ACC_000425,712.62,p2m,MERCH_00017,DEV_000396,IP_000218,domestic,qr_code,0,none,scenario_b
TX_00000067,1706270880.749356,ACC_000460,ACC_000494,306.09,p2p,None,DEV_000157,IP_000098,domestic,upi_app,0,none,scenario_a
TX_00001030,1706274130.2953186,ACC_000361,ACC_000096,585.38,p2p,None,DEV_000335,IP_000093,domestic,web,0,none,scenario_a
TX_00000938,1706275444.7932348,ACC_000024,ACC_000190,609.36,p2p,None,DEV_000283,IP_000000,domestic,qr_code,0,none,scenario_a
TX_00000053,1706275817.6380925,ACC_000481,ACC_000119,102.83,p2p,None,DEV_000279,IP_000245,domestic,qr_code,0,none,scenario_a
TX_00000778,1706278163.0734973,ACC_000092,ACC_000424,2614.64,p2p,None,DEV_000107,IP_000152,domestic,web,0,none,scenario_a
TX_00000764,1706280956.0411005,ACC_000015,ACC_000073,753.23,p2p,None,DEV_000138,IP_000208,domestic,web,0,none,scenario_a
TX_00000022,1706282997.4242175,ACC_000452,ACC_000127,393.93,p2p,None,DEV_000356,IP_000067,domestic,qr_code,0,none,scenario_a
TX_00000692,1706283451.9900386,ACC_000220,ACC_000041,3062.64,p2p,None,DEV_000065,IP_000184,domestic,qr_code,0,none,scenario_a
TX_00000806,1706284290.3801515,ACC_000190,ACC_000218,905.29,p2p,None,DEV_000043,IP_000035,domestic,web,0,none,scenario_a
TX_00000580,1706285202.8992615,ACC_000219,ACC_000083,1218.89,p2p,None,DEV_000137,IP_000126,domestic,web,0,none,scenario_a
TX_00000912,1706285473.5113962,ACC_000329,ACC_000186,2523.21,p2p,None,DEV_000211,IP_000059,domestic,upi_app,0,none,scenario_a
TX_00000036,1706286299.540294,ACC_000462,ACC_000261,273.16,p2p,None,DEV_000337,IP_000240,domestic,qr_code,0,none,scenario_a
TX_00000274,1706287836.7721245,ACC_000172,ACC_000157,336.75,p2p,None,DEV_000101,IP_000143,domestic,qr_code,0,none,scenario_a
TX_00000592,1706288313.9704776,ACC_000039,ACC_000204,413.91,p2p,None,DEV_000203,IP_000116,domestic,qr_code,0,none,scenario_a
TX_00001123,1706288571.6554017,ACC_000016,ACC_000135,358.65,p2m,MERCH_00028,DEV_000221,IP_000275,domestic,qr_code,0,none,scenario_b
TX_00001808,1706288911.591428,ACC_000012,ACC_000483,217.51,p2m,MERCH_00036,DEV_000277,IP_000239,domestic,qr_code,0,none,scenario_b
TX_00000406,1706289725.8438628,ACC_000364,ACC_000289,3972.99,p2p,None,DEV_000191,IP_000039,domestic,upi_app,0,none,scenario_a
TX_00001363,1706293703.2298105,ACC_000099,ACC_000499,4960.74,merchant_settlement,MERCH_00044,DEV_000315,IP_000110,domestic,web,0,none,scenario_b
TX_00000880,1706294261.23701,ACC_000372,ACC_000188,2410.78,p2p,None,DEV_000069,IP_000171,domestic,web,0,none,scenario_a
TX_00000333,1706295116.7559977,ACC_000248,ACC_000437,1153.03,p2p,None,DEV_000275,IP_000201,domestic,web,0,none,scenario_a
TX_00001764,1706295800.8796692,ACC_000167,ACC_000425,142.95,p2m,MERCH_00017,DEV_000262,IP_000044,domestic,qr_code,0,none,scenario_b
TX_00001141,1706296077.5061939,ACC_000436,ACC_000135,68.94,p2m,MERCH_00028,DEV_000189,IP_000287,domestic,qr_code,0,none,scenario_b
TX_00000828,1706296712.6674278,ACC_000271,ACC_000380,1067.25,p2p,None,DEV_000087,IP_000237,domestic,web,0,none,scenario_a
TX_00000594,1706296763.9262657,ACC_000236,ACC_000332,1053.93,p2p,None,DEV_000314,IP_000235,domestic,qr_code,0,none,scenario_a
TX_00000872,1706296981.7908037,ACC_000286,ACC_000268,550.31,p2p,None,DEV_000031,IP_000070,domestic,qr_code,0,none,scenario_a
TX_00001419,1706297941.5970755,ACC_000384,ACC_000350,243.55,p2m,MERCH_00009,DEV_000130,IP_000085,domestic,qr_code,0,none,scenario_b
TX_00000069,1706301159.3761816,ACC_000096,ACC_000146,432.24,p2p,None,DEV_000337,IP_000256,domestic,web,0,none,scenario_a
TX_00001015,1706303855.6919322,ACC_000365,ACC_000303,2246.77,p2p,None,DEV_000017,IP_000025,domestic,qr_code,0,none,scenario_a
TX_00001035,1706304312.4694107,ACC_000471,ACC_000463,275.89,p2p,None,DEV_000261,IP_000290,domestic,upi_app,0,none,scenario_a
TX_00001724,1706308237.7257454,ACC_000111,ACC_000008,2000.0,merchant_settlement,MERCH_00011,DEV_000208,IP_000019,domestic,web,0,none,scenario_b
TX_00001838,1706310923.1938004,ACC_000166,ACC_000029,137.29,p2m,MERCH_00042,DEV_000065,IP_000291,domestic,qr_code,0,none,scenario_b
TX_00001866,1706316616.3711755,ACC_000202,ACC_000029,106.11,p2m,MERCH_00042,DEV_000345,IP_000288,domestic,qr_code,0,none,scenario_b
TX_00001415,1706318885.4446259,ACC_000377,ACC_000086,3313.66,merchant_settlement,MERCH_00037,DEV_000059,IP_000091,domestic,web,0,none,scenario_b
TX_00001529,1706319153.4411602,ACC_000328,ACC_000400,119.79,p2m,MERCH_00003,DEV_000175,IP_000096,domestic,qr_code,0,none,scenario_b
TX_00001187,1706328813.5944502,ACC_000097,ACC_000009,199.38,p2m,MERCH_00019,DEV_000195,IP_000020,domestic,qr_code,0,none,scenario_b
TX_00002787,1706338864.0504034,ACC_000407,ACC_000151,40000.0,p2p,None,DEV_000318,IP_000114,domestic,upi_app,1,camouflage_mule,scenario_h
TX_00002788,1706339164.0504034,ACC_000151,ACC_000269,402.52,p2m,MERCH_00021,DEV_000176,IP_000009,domestic,qr_code,1,camouflage_mule,scenario_h
TX_00002789,1706339464.0504034,ACC_000151,ACC_000269,221.53,p2m,MERCH_00021,DEV_000374,IP_000256,domestic,qr_code,1,camouflage_mule,scenario_h
TX_00002790,1706340664.0504034,ACC_000151,ACC_000240,38500.0,intermediary_transfer,None,DEV_000041,IP_000270,domestic,upi_app,1,camouflage_mule,scenario_h
TX_00000595,1706345865.064607,ACC_000092,ACC_000296,328.23,p2p,None,DEV_000029,IP_000120,domestic,upi_app,0,none,scenario_a
TX_00001397,1706346293.5516794,ACC_000084,ACC_000377,210.16,p2m,MERCH_00037,DEV_000370,IP_000062,domestic,qr_code,0,none,scenario_b
TX_00001562,1706347567.756203,ACC_000102,ACC_000400,407.22,p2m,MERCH_00003,DEV_000045,IP_000042,domestic,qr_code,0,none,scenario_b
TX_00000747,1706349516.7404215,ACC_000166,ACC_000477,253.79,p2p,None,DEV_000030,IP_000015,domestic,web,0,none,scenario_a
TX_00000354,1706350704.681273,ACC_000417,ACC_000061,1338.66,p2p,None,DEV_000183,IP_000005,domestic,upi_app,0,none,scenario_a
TX_00000780,1706350945.0973146,ACC_000452,ACC_000046,2621.51,p2p,None,DEV_000200,IP_000148,domestic,qr_code,0,none,scenario_a
TX_00000457,1706352352.024147,ACC_000407,ACC_000219,328.08,p2p,None,DEV_000340,IP_000269,domestic,qr_code,0,none,scenario_a
TX_00001775,1706354927.968204,ACC_000425,ACC_000436,5654.78,merchant_settlement,MERCH_00017,DEV_000330,IP_000039,domestic,web,0,none,scenario_b
TX_00000495,1706355088.390088,ACC_000212,ACC_000282,1133.05,p2p,None,DEV_000088,IP_000294,domestic,upi_app,0,none,scenario_a
TX_00000823,1706359701.795222,ACC_000029,ACC_000096,1602.76,p2p,None,DEV_000198,IP_000216,domestic,web,0,none,scenario_a
TX_00000517,1706361165.7495594,ACC_000303,ACC_000417,942.96,p2p,None,DEV_000040,IP_000204,domestic,upi_app,0,none,scenario_a
TX_00002175,1706361275.8929389,ACC_000376,ACC_000296,254.35,p2m,MERCH_00020,DEV_000059,IP_000263,domestic,pos,0,none,scenario_c
TX_00002155,1706361327.4219391,ACC_000410,ACC_000296,562.51,p2m,MERCH_00020,DEV_000118,IP_000241,domestic,pos,0,none,scenario_c
TX_00002170,1706361377.0866175,ACC_000347,ACC_000296,805.82,p2m,MERCH_00020,DEV_000352,IP_000099,domestic,pos,0,none,scenario_c
TX_00002199,1706361403.0537536,ACC_000270,ACC_000296,4223.45,p2m,MERCH_00020,DEV_000260,IP_000136,domestic,pos,0,none,scenario_c
TX_00002174,1706361496.0629215,ACC_000389,ACC_000296,742.84,p2m,MERCH_00020,DEV_000097,IP_000196,domestic,pos,0,none,scenario_c
TX_00002186,1706361526.16374,ACC_000186,ACC_000296,2056.42,p2m,MERCH_00020,DEV_000114,IP_000047,domestic,pos,0,none,scenario_c
TX_00002143,1706361685.9436266,ACC_000206,ACC_000296,1994.72,p2m,MERCH_00020,DEV_000037,IP_000156,domestic,pos,0,none,scenario_c
TX_00002190,1706361734.8356059,ACC_000213,ACC_000296,677.14,p2m,MERCH_00020,DEV_000296,IP_000185,domestic,pos,0,none,scenario_c
TX_00002183,1706361763.4653506,ACC_000460,ACC_000296,1192.94,p2m,MERCH_00020,DEV_000212,IP_000190,domestic,pos,0,none,scenario_c
TX_00002185,1706361776.5590632,ACC_000477,ACC_000296,7432.92,p2m,MERCH_00020,DEV_000064,IP_000141,domestic,pos,0,none,scenario_c
TX_00002194,1706361895.7701173,ACC_000282,ACC_000296,1432.83,p2m,MERCH_00020,DEV_000076,IP_000048,domestic,pos,0,none,scenario_c
TX_00002169,1706361903.8529003,ACC_000199,ACC_000296,515.49,p2m,MERCH_00020,DEV_000053,IP_000071,domestic,pos,0,none,scenario_c
TX_00002156,1706361917.796151,ACC_000486,ACC_000296,392.95,p2m,MERCH_00020,DEV_000163,IP_000261,domestic,pos,0,none,scenario_c
TX_00002142,1706361993.7607129,ACC_000070,ACC_000296,790.05,p2m,MERCH_00020,DEV_000023,IP_000054,domestic,pos,0,none,scenario_c
TX_00002167,1706362022.366011,ACC_000402,ACC_000296,840.42,p2m,MERCH_00020,DEV_000171,IP_000167,domestic,pos,0,none,scenario_c
TX_00002181,1706362039.9640405,ACC_000229,ACC_000296,1117.53,p2m,MERCH_00020,DEV_000014,IP_000162,domestic,pos,0,none,scenario_c
TX_00002164,1706362101.0911317,ACC_000065,ACC_000296,546.63,p2m,MERCH_00020,DEV_000199,IP_000278,domestic,pos,0,none,scenario_c
TX_00002158,1706362262.333798,ACC_000467,ACC_000296,759.75,p2m,MERCH_00020,DEV_000256,IP_000258,domestic,pos,0,none,scenario_c
TX_00002149,1706362269.8415275,ACC_000460,ACC_000296,1116.16,p2m,MERCH_00020,DEV_000215,IP_000074,domestic,pos,0,none,scenario_c
TX_00002139,1706362329.017052,ACC_000327,ACC_000296,713.82,p2m,MERCH_00020,DEV_000223,IP_000213,domestic,pos,0,none,scenario_c
TX_00002196,1706362366.3038092,ACC_000340,ACC_000296,1705.67,p2m,MERCH_00020,DEV_000214,IP_000270,domestic,pos,0,none,scenario_c
TX_00002168,1706362396.4867718,ACC_000064,ACC_000296,2906.66,p2m,MERCH_00020,DEV_000115,IP_000180,domestic,pos,0,none,scenario_c
TX_00002195,1706362422.480022,ACC_000063,ACC_000296,1444.04,p2m,MERCH_00020,DEV_000245,IP_000218,domestic,pos,0,none,scenario_c
TX_00002191,1706362615.09537,ACC_000347,ACC_000296,4115.84,p2m,MERCH_00020,DEV_000284,IP_000065,domestic,pos,0,none,scenario_c
TX_00000220,1706362929.9329274,ACC_000210,ACC_000076,2168.77,p2p,None,DEV_000031,IP_000264,domestic,qr_code,0,none,scenario_a
TX_00002163,1706362940.164599,ACC_000388,ACC_000296,431.32,p2m,MERCH_00020,DEV_000162,IP_000052,domestic,pos,0,none,scenario_c
TX_00002153,1706363191.289495,ACC_000201,ACC_000296,688.89,p2m,MERCH_00020,DEV_000205,IP_000008,domestic,pos,0,none,scenario_c
TX_00002165,1706363255.0852368,ACC_000044,ACC_000296,19621.41,p2m,MERCH_00020,DEV_000319,IP_000156,domestic,pos,0,none,scenario_c
TX_00002144,1706363345.726062,ACC_000286,ACC_000296,213.16,p2m,MERCH_00020,DEV_000390,IP_000010,domestic,pos,0,none,scenario_c
TX_00002182,1706363568.0446277,ACC_000185,ACC_000296,6662.05,p2m,MERCH_00020,DEV_000307,IP_000088,domestic,pos,0,none,scenario_c
TX_00002178,1706363636.076243,ACC_000327,ACC_000296,307.81,p2m,MERCH_00020,DEV_000215,IP_000190,domestic,pos,0,none,scenario_c
TX_00002145,1706363636.6856492,ACC_000480,ACC_000296,228.2,p2m,MERCH_00020,DEV_000057,IP_000192,domestic,pos,0,none,scenario_c
TX_00002157,1706363738.3740125,ACC_000069,ACC_000296,679.93,p2m,MERCH_00020,DEV_000265,IP_000095,domestic,pos,0,none,scenario_c
TX_00002166,1706363938.349742,ACC_000190,ACC_000296,688.85,p2m,MERCH_00020,DEV_000221,IP_000169,domestic,pos,0,none,scenario_c
TX_00000351,1706364035.5820844,ACC_000095,ACC_000393,965.26,p2p,None,DEV_000093,IP_000176,domestic,upi_app,0,none,scenario_a
TX_00002154,1706364043.8967562,ACC_000260,ACC_000296,464.29,p2m,MERCH_00020,DEV_000238,IP_000069,domestic,pos,0,none,scenario_c
TX_00002189,1706364276.0346513,ACC_000366,ACC_000296,956.76,p2m,MERCH_00020,DEV_000088,IP_000152,domestic,pos,0,none,scenario_c
TX_00002146,1706364357.5988498,ACC_000372,ACC_000296,867.57,p2m,MERCH_00020,DEV_000298,IP_000192,domestic,pos,0,none,scenario_c
TX_00002198,1706364404.7179039,ACC_000181,ACC_000296,1020.53,p2m,MERCH_00020,DEV_000081,IP_000053,domestic,pos,0,none,scenario_c
TX_00002176,1706364528.319658,ACC_000096,ACC_000296,1418.6,p2m,MERCH_00020,DEV_000002,IP_000014,domestic,pos,0,none,scenario_c
TX_00002188,1706364538.0510123,ACC_000144,ACC_000296,1308.49,p2m,MERCH_00020,DEV_000205,IP_000278,domestic,pos,0,none,scenario_c
TX_00002184,1706364621.0067039,ACC_000321,ACC_000296,2116.51,p2m,MERCH_00020,DEV_000175,IP_000261,domestic,pos,0,none,scenario_c
TX_00002159,1706364627.0867527,ACC_000019,ACC_000296,7565.28,p2m,MERCH_00020,DEV_000312,IP_000043,domestic,pos,0,none,scenario_c
TX_00002151,1706365313.9429064,ACC_000034,ACC_000296,949.12,p2m,MERCH_00020,DEV_000094,IP_000072,domestic,pos,0,none,scenario_c
TX_00002180,1706365844.4691768,ACC_000474,ACC_000296,1089.47,p2m,MERCH_00020,DEV_000031,IP_000198,domestic,pos,0,none,scenario_c
TX_00002161,1706366093.1777906,ACC_000438,ACC_000296,375.52,p2m,MERCH_00020,DEV_000068,IP_000257,domestic,pos,0,none,scenario_c
TX_00002141,1706366259.021853,ACC_000172,ACC_000296,1091.61,p2m,MERCH_00020,DEV_000356,IP_000103,domestic,pos,0,none,scenario_c
TX_00002172,1706366304.7097347,ACC_000050,ACC_000296,380.3,p2m,MERCH_00020,DEV_000203,IP_000151,domestic,pos,0,none,scenario_c
TX_00002152,1706366379.1554234,ACC_000126,ACC_000296,1601.31,p2m,MERCH_00020,DEV_000349,IP_000196,domestic,pos,0,none,scenario_c
TX_00000711,1706366606.9255154,ACC_000400,ACC_000078,101.5,p2p,None,DEV_000267,IP_000164,domestic,web,0,none,scenario_a
TX_00002150,1706366666.1710486,ACC_000348,ACC_000296,478.24,p2m,MERCH_00020,DEV_000085,IP_000248,domestic,pos,0,none,scenario_c
TX_00002197,1706366827.6559818,ACC_000097,ACC_000296,1039.75,p2m,MERCH_00020,DEV_000047,IP_000121,domestic,pos,0,none,scenario_c
TX_00002187,1706367056.3650713,ACC_000438,ACC_000296,1296.99,p2m,MERCH_00020,DEV_000108,IP_000193,domestic,pos,0,none,scenario_c
TX_00002193,1706367558.1214054,ACC_000115,ACC_000296,875.04,p2m,MERCH_00020,DEV_000030,IP_000061,domestic,pos,0,none,scenario_c
TX_00002171,1706367930.521129,ACC_000171,ACC_000296,402.58,p2m,MERCH_00020,DEV_000006,IP_000156,domestic,pos,0,none,scenario_c
TX_00002173,1706368257.1714642,ACC_000496,ACC_000296,683.63,p2m,MERCH_00020,DEV_000239,IP_000257,domestic,pos,0,none,scenario_c
TX_00000048,1706368436.8950195,ACC_000069,ACC_000188,1925.94,p2p,None,DEV_000254,IP_000036,domestic,upi_app,0,none,scenario_a
TX_00002140,1706368598.0231915,ACC_000222,ACC_000296,3455.46,p2m,MERCH_00020,DEV_000081,IP_000124,domestic,pos,0,none,scenario_c
TX_00002177,1706369011.2443995,ACC_000239,ACC_000296,1262.01,p2m,MERCH_00020,DEV_000223,IP_000053,domestic,pos,0,none,scenario_c
TX_00002192,1706369035.2745519,ACC_000123,ACC_000296,1174.37,p2m,MERCH_00020,DEV_000097,IP_000011,domestic,pos,0,none,scenario_c
TX_00001086,1706369517.8058665,ACC_000439,ACC_000293,1526.69,p2p,None,DEV_000264,IP_000166,domestic,web,0,none,scenario_a
TX_00002138,1706370069.6747112,ACC_000365,ACC_000296,2820.31,p2m,MERCH_00020,DEV_000235,IP_000097,domestic,pos,0,none,scenario_c
TX_00000534,1706370447.773602,ACC_000013,ACC_000420,1074.56,p2p,None,DEV_000050,IP_000005,domestic,upi_app,0,none,scenario_a
TX_00001040,1706370479.0607164,ACC_000476,ACC_000149,753.17,p2p,None,DEV_000141,IP_000253,domestic,upi_app,0,none,scenario_a
TX_00000565,1706370900.105463,ACC_000271,ACC_000384,643.21,p2p,None,DEV_000198,IP_000291,domestic,qr_code,0,none,scenario_a
TX_00002160,1706371368.5522547,ACC_000472,ACC_000296,371.82,p2m,MERCH_00020,DEV_000323,IP_000264,domestic,pos,0,none,scenario_c
TX_00002162,1706371856.6114087,ACC_000421,ACC_000296,1117.95,p2m,MERCH_00020,DEV_000392,IP_000102,domestic,pos,0,none,scenario_c
TX_00000163,1706371971.6231053,ACC_000075,ACC_000426,132.78,p2p,None,DEV_000351,IP_000296,domestic,web,0,none,scenario_a
TX_00002200,1706372166.1400478,ACC_000343,ACC_000296,2118.43,p2m,MERCH_00020,DEV_000241,IP_000275,domestic,pos,0,none,scenario_c
TX_00001364,1706374423.4595094,ACC_000099,ACC_000053,2651.29,merchant_settlement,MERCH_00044,DEV_000091,IP_000075,domestic,web,0,none,scenario_b
TX_00002148,1706374942.7481992,ACC_000256,ACC_000296,1214.6,p2m,MERCH_00020,DEV_000359,IP_000231,domestic,pos,0,none,scenario_c
TX_00001470,1706374947.6325247,ACC_000099,ACC_000336,202.77,p2m,MERCH_00001,DEV_000075,IP_000267,domestic,qr_code,0,none,scenario_b
TX_00000804,1706375159.3401017,ACC_000371,ACC_000136,160.89,p2p,None,DEV_000385,IP_000010,domestic,upi_app,0,none,scenario_a
TX_00001084,1706376384.7702544,ACC_000454,ACC_000463,1685.01,p2p,None,DEV_000141,IP_000093,domestic,web,0,none,scenario_a
TX_00001366,1706377416.4787927,ACC_000206,ACC_000377,43.55,p2m,MERCH_00037,DEV_000196,IP_000061,domestic,qr_code,0,none,scenario_b
TX_00000934,1706378493.8357773,ACC_000308,ACC_000473,1271.34,p2p,None,DEV_000167,IP_000172,domestic,web,0,none,scenario_a
TX_00001319,1706378596.0476081,ACC_000066,ACC_000099,109.67,p2m,MERCH_00044,DEV_000153,IP_000096,domestic,qr_code,0,none,scenario_b
TX_00000981,1706378930.4967792,ACC_000389,ACC_000340,272.39,p2p,None,DEV_000058,IP_000268,domestic,web,0,none,scenario_a
TX_00000105,1706380458.462258,ACC_000234,ACC_000074,267.32,p2p,None,DEV_000293,IP_000193,domestic,qr_code,0,none,scenario_a
TX_00002179,1706380765.4871829,ACC_000036,ACC_000296,2271.78,p2m,MERCH_00020,DEV_000086,IP_000160,domestic,pos,0,none,scenario_c
TX_00000070,1706381142.6035802,ACC_000278,ACC_000324,543.1,p2p,None,DEV_000135,IP_000279,domestic,qr_code,0,none,scenario_a
TX_00001569,1706381293.2497363,ACC_000400,ACC_000220,5639.19,merchant_settlement,MERCH_00003,DEV_000028,IP_000253,domestic,web,0,none,scenario_b
TX_00000166,1706383255.2100353,ACC_000319,ACC_000491,299.72,p2p,None,DEV_000317,IP_000066,domestic,qr_code,0,none,scenario_a
TX_00001639,1706387023.78974,ACC_000439,ACC_000269,279.33,p2m,MERCH_00021,DEV_000306,IP_000265,domestic,qr_code,0,none,scenario_b
TX_00000480,1706387141.634719,ACC_000241,ACC_000257,846.31,p2p,None,DEV_000053,IP_000163,domestic,upi_app,0,none,scenario_a
TX_00002147,1706387144.1466684,ACC_000104,ACC_000296,2635.71,p2m,MERCH_00020,DEV_000120,IP_000207,domestic,pos,0,none,scenario_c
TX_00000172,1706387376.7836857,ACC_000455,ACC_000058,1184.99,p2p,None,DEV_000226,IP_000212,domestic,web,0,none,scenario_a
TX_00000085,1706389648.7218597,ACC_000481,ACC_000375,323.13,p2p,None,DEV_000363,IP_000091,domestic,web,0,none,scenario_a
TX_00000686,1706389830.9205942,ACC_000097,ACC_000284,861.4,p2p,None,DEV_000001,IP_000038,domestic,upi_app,0,none,scenario_a
TX_00000701,1706390021.5514958,ACC_000384,ACC_000052,809.99,p2p,None,DEV_000002,IP_000087,domestic,upi_app,0,none,scenario_a
TX_00000567,1706390304.5355926,ACC_000169,ACC_000461,118.88,p2p,None,DEV_000087,IP_000215,domestic,upi_app,0,none,scenario_a
TX_00001399,1706391166.367738,ACC_000451,ACC_000377,48.09,p2m,MERCH_00037,DEV_000044,IP_000281,domestic,qr_code,0,none,scenario_b
TX_00001779,1706395220.850135,ACC_000425,ACC_000421,2000.0,merchant_settlement,MERCH_00017,DEV_000025,IP_000037,domestic,web,0,none,scenario_b
TX_00000658,1706395746.4894514,ACC_000021,ACC_000307,1349.31,p2p,None,DEV_000050,IP_000199,domestic,qr_code,0,none,scenario_a
TX_00001821,1706396069.5838523,ACC_000488,ACC_000483,122.67,p2m,MERCH_00036,DEV_000344,IP_000006,domestic,qr_code,0,none,scenario_b
TX_00001604,1706401215.9794796,ACC_000242,ACC_000085,106.94,p2m,MERCH_00007,DEV_000242,IP_000055,domestic,qr_code,0,none,scenario_b
TX_00001116,1706401672.314498,ACC_000157,ACC_000135,75.08,p2m,MERCH_00028,DEV_000184,IP_000098,domestic,qr_code,0,none,scenario_b
TX_00001706,1706401986.3080173,ACC_000221,ACC_000111,167.86,p2m,MERCH_00011,DEV_000033,IP_000165,domestic,qr_code,0,none,scenario_b
TX_00001155,1706406760.219821,ACC_000135,ACC_000208,3846.15,merchant_settlement,MERCH_00028,DEV_000009,IP_000288,domestic,web,0,none,scenario_b
TX_00001372,1706408153.6167393,ACC_000383,ACC_000377,97.42,p2m,MERCH_00037,DEV_000321,IP_000068,domestic,qr_code,0,none,scenario_b
TX_00001028,1706413567.830309,ACC_000085,ACC_000350,2362.98,p2p,None,DEV_000122,IP_000227,domestic,web,0,none,scenario_a
TX_00001628,1706415087.9080281,ACC_000402,ACC_000269,321.33,p2m,MERCH_00021,DEV_000269,IP_000211,domestic,qr_code,0,none,scenario_b
TX_00000852,1706417252.2786279,ACC_000130,ACC_000258,462.62,p2p,None,DEV_000108,IP_000209,domestic,qr_code,0,none,scenario_a
TX_00000168,1706417764.3047807,ACC_000313,ACC_000334,653.41,p2p,None,DEV_000085,IP_000134,domestic,upi_app,0,none,scenario_a
TX_00001182,1706419316.4052386,ACC_000234,ACC_000009,194.65,p2m,MERCH_00019,DEV_000121,IP_000261,domestic,qr_code,0,none,scenario_b
TX_00000224,1706419800.7934692,ACC_000231,ACC_000272,704.59,p2p,None,DEV_000196,IP_000287,domestic,web,0,none,scenario_a
TX_00001112,1706422341.406404,ACC_000259,ACC_000135,459.49,p2m,MERCH_00028,DEV_000121,IP_000130,domestic,qr_code,0,none,scenario_b
TX_00000045,1706423713.3725846,ACC_000069,ACC_000465,1067.13,p2p,None,DEV_000309,IP_000062,domestic,qr_code,0,none,scenario_a
TX_00001172,1706424205.8822045,ACC_000396,ACC_000009,190.02,p2m,MERCH_00019,DEV_000306,IP_000034,domestic,qr_code,0,none,scenario_b
TX_00000702,1706424316.3755515,ACC_000061,ACC_000292,230.63,p2p,None,DEV_000383,IP_000227,domestic,web,0,none,scenario_a
TX_00000642,1706425700.409233,ACC_000481,ACC_000381,976.37,p2p,None,DEV_000028,IP_000036,domestic,web,0,none,scenario_a
TX_00000299,1706428416.4774947,ACC_000425,ACC_000465,275.74,p2p,None,DEV_000290,IP_000031,domestic,upi_app,0,none,scenario_a
TX_00002775,1706428780.2947698,ACC_000302,ACC_000221,40000.0,p2p,None,DEV_000300,IP_000192,domestic,upi_app,1,camouflage_mule,scenario_h
TX_00002776,1706429080.2947698,ACC_000221,ACC_000483,401.5,p2m,MERCH_00036,DEV_000288,IP_000247,domestic,qr_code,1,camouflage_mule,scenario_h
TX_00002777,1706429380.2947698,ACC_000221,ACC_000483,401.45,p2m,MERCH_00036,DEV_000041,IP_000103,domestic,qr_code,1,camouflage_mule,scenario_h
TX_00000365,1706429796.344497,ACC_000262,ACC_000005,391.29,p2p,None,DEV_000217,IP_000101,domestic,upi_app,0,none,scenario_a
TX_00000881,1706429954.6593635,ACC_000399,ACC_000010,391.36,p2p,None,DEV_000071,IP_000151,domestic,upi_app,0,none,scenario_a
TX_00002778,1706430580.2947698,ACC_000221,ACC_000109,38500.0,intermediary_transfer,None,DEV_000355,IP_000142,domestic,upi_app,1,camouflage_mule,scenario_h
TX_00000431,1706434977.4808133,ACC_000184,ACC_000064,499.47,p2p,None,DEV_000165,IP_000290,domestic,web,0,none,scenario_a
TX_00000996,1706435951.4924924,ACC_000226,ACC_000112,1053.54,p2p,None,DEV_000380,IP_000251,domestic,upi_app,0,none,scenario_a
TX_00001105,1706438999.9738226,ACC_000015,ACC_000095,443.91,p2p,None,DEV_000377,IP_000247,domestic,web,0,none,scenario_a
TX_00000191,1706440766.7537353,ACC_000087,ACC_000156,739.43,p2p,None,DEV_000094,IP_000161,domestic,qr_code,0,none,scenario_a
TX_00000569,1706442254.7076173,ACC_000238,ACC_000274,365.42,p2p,None,DEV_000359,IP_000151,domestic,upi_app,0,none,scenario_a
TX_00000918,1706445396.79171,ACC_000019,ACC_000295,1806.67,p2p,None,DEV_000110,IP_000179,domestic,web,0,none,scenario_a
TX_00000896,1706445624.570045,ACC_000466,ACC_000088,1059.85,p2p,None,DEV_000081,IP_000080,domestic,upi_app,0,none,scenario_a
TX_00000758,1706449883.923722,ACC_000001,ACC_000151,303.84,p2p,None,DEV_000339,IP_000195,domestic,web,0,none,scenario_a
TX_00000078,1706450523.0162785,ACC_000133,ACC_000462,1224.57,p2p,None,DEV_000270,IP_000228,domestic,qr_code,0,none,scenario_a
TX_00000856,1706451059.1832418,ACC_000182,ACC_000121,207.74,p2p,None,DEV_000372,IP_000169,domestic,upi_app,0,none,scenario_a
TX_00000041,1706453169.0258455,ACC_000383,ACC_000316,380.72,p2p,None,DEV_000052,IP_000285,domestic,web,0,none,scenario_a
TX_00000672,1706453208.9053688,ACC_000087,ACC_000478,1040.06,p2p,None,DEV_000256,IP_000205,domestic,web,0,none,scenario_a
TX_00001444,1706454310.661937,ACC_000235,ACC_000350,149.06,p2m,MERCH_00009,DEV_000157,IP_000029,domestic,qr_code,0,none,scenario_b
TX_00000659,1706454754.068765,ACC_000101,ACC_000238,691.69,p2p,None,DEV_000251,IP_000178,domestic,upi_app,0,none,scenario_a
TX_00000094,1706455397.1522486,ACC_000431,ACC_000355,696.88,p2p,None,DEV_000075,IP_000244,domestic,upi_app,0,none,scenario_a
TX_00001183,1706455799.4743633,ACC_000125,ACC_000009,138.15,p2m,MERCH_00019,DEV_000025,IP_000030,domestic,qr_code,0,none,scenario_b
TX_00002209,1706455993.4961336,ACC_000154,ACC_000491,50228.4,intermediary_transfer,None,DEV_000335,IP_000150,domestic,upi_app,1,basic_mule,scenario_d
TX_00002210,1706457462.3317647,ACC_000491,ACC_000101,48219.27,intermediary_transfer,None,DEV_000006,IP_000017,domestic,upi_app,1,basic_mule,scenario_d
TX_00002211,1706459703.0805526,ACC_000101,ACC_000142,46210.13,intermediary_transfer,None,DEV_000006,IP_000017,domestic,upi_app,1,basic_mule,scenario_d
TX_00002212,1706460379.607249,ACC_000142,ACC_000252,44200.99,atm_cashout,None,DEV_000006,IP_000017,domestic,upi_app,1,basic_mule,scenario_d
TX_00001776,1706460428.73275,ACC_000425,ACC_000153,3018.5,merchant_settlement,MERCH_00017,DEV_000195,IP_000051,domestic,web,0,none,scenario_b
TX_00001045,1706460566.0784228,ACC_000079,ACC_000071,330.57,p2p,None,DEV_000352,IP_000179,domestic,web,0,none,scenario_a
TX_00000743,1706461762.7086117,ACC_000058,ACC_000284,551.23,p2p,None,DEV_000069,IP_000085,domestic,qr_code,0,none,scenario_a
TX_00000952,1706463109.049446,ACC_000408,ACC_000328,557.62,p2p,None,DEV_000227,IP_000243,domestic,web,0,none,scenario_a
TX_00000920,1706463454.8797972,ACC_000212,ACC_000183,691.7,p2p,None,DEV_000158,IP_000079,domestic,qr_code,0,none,scenario_a
TX_00000278,1706464108.2077756,ACC_000498,ACC_000385,715.26,p2p,None,DEV_000317,IP_000105,domestic,upi_app,0,none,scenario_a
TX_00001542,1706465657.586007,ACC_000259,ACC_000400,210.7,p2m,MERCH_00003,DEV_000099,IP_000142,domestic,qr_code,0,none,scenario_b
TX_00001185,1706467037.0652244,ACC_000089,ACC_000009,257.46,p2m,MERCH_00019,DEV_000018,IP_000167,domestic,qr_code,0,none,scenario_b
TX_00000182,1706468665.889628,ACC_000265,ACC_000259,622.19,p2p,None,DEV_000168,IP_000291,domestic,upi_app,0,none,scenario_a
TX_00000307,1706469096.6002135,ACC_000112,ACC_000169,294.52,p2p,None,DEV_000243,IP_000270,domestic,qr_code,0,none,scenario_a
TX_00000915,1706470163.2715814,ACC_000111,ACC_000211,705.02,p2p,None,DEV_000294,IP_000196,domestic,qr_code,0,none,scenario_a
TX_00001502,1706471081.8897517,ACC_000450,ACC_000336,253.85,p2m,MERCH_00001,DEV_000375,IP_000045,domestic,qr_code,0,none,scenario_b
TX_00000502,1706472080.4709055,ACC_000499,ACC_000087,864.31,p2p,None,DEV_000180,IP_000050,domestic,web,0,none,scenario_a
TX_00000407,1706472548.79355,ACC_000067,ACC_000471,320.01,p2p,None,DEV_000024,IP_000061,domestic,upi_app,0,none,scenario_a
TX_00001193,1706472725.2887945,ACC_000391,ACC_000009,50.81,p2m,MERCH_00019,DEV_000186,IP_000167,domestic,qr_code,0,none,scenario_b
TX_00001484,1706476585.4574194,ACC_000465,ACC_000336,922.6,p2m,MERCH_00001,DEV_000015,IP_000093,domestic,qr_code,0,none,scenario_b
TX_00001019,1706477728.6294875,ACC_000200,ACC_000194,1758.13,p2p,None,DEV_000317,IP_000124,domestic,qr_code,0,none,scenario_a
TX_00002566,1706478901.2521312,ACC_000089,ACC_000417,4504.94,intermediary_transfer,None,DEV_000036,IP_000019,domestic,upi_app,1,fan_out_mule,scenario_f
TX_00002563,1706478987.7720954,ACC_000089,ACC_000040,7306.77,intermediary_transfer,None,DEV_000036,IP_000019,domestic,upi_app,1,fan_out_mule,scenario_f
TX_00002558,1706479026.3718097,ACC_000089,ACC_000129,8941.76,intermediary_transfer,None,DEV_000036,IP_000019,domestic,upi_app,1,fan_out_mule,scenario_f
TX_00002557,1706479415.7189252,ACC_000089,ACC_000072,6791.99,intermediary_transfer,None,DEV_000036,IP_000019,domestic,upi_app,1,fan_out_mule,scenario_f
TX_00002565,1706479530.5766666,ACC_000089,ACC_000002,6011.59,intermediary_transfer,None,DEV_000036,IP_000019,domestic,upi_app,1,fan_out_mule,scenario_f
TX_00002562,1706479558.4996555,ACC_000089,ACC_000260,6154.03,intermediary_transfer,None,DEV_000036,IP_000019,domestic,upi_app,1,fan_out_mule,scenario_f
TX_00002559,1706479577.4277017,ACC_000089,ACC_000046,3266.0,intermediary_transfer,None,DEV_000036,IP_000019,domestic,upi_app,1,fan_out_mule,scenario_f
TX_00002561,1706479678.678403,ACC_000089,ACC_000289,8789.76,intermediary_transfer,None,DEV_000036,IP_000019,domestic,upi_app,1,fan_out_mule,scenario_f
TX_00002560,1706479899.4000363,ACC_000089,ACC_000429,4127.49,intermediary_transfer,None,DEV_000036,IP_000019,domestic,upi_app,1,fan_out_mule,scenario_f
TX_00002564,1706479944.722055,ACC_000089,ACC_000280,2364.42,intermediary_transfer,None,DEV_000036,IP_000019,domestic,upi_app,1,fan_out_mule,scenario_f
TX_00000710,1706482416.6138833,ACC_000040,ACC_000123,20.0,p2p,None,DEV_000333,IP_000223,domestic,qr_code,0,none,scenario_a
TX_00001393,1706491366.845972,ACC_000010,ACC_000377,174.75,p2m,MERCH_00037,DEV_000017,IP_000271,domestic,qr_code,0,none,scenario_b
TX_00001680,1706495229.1725025,ACC_000413,ACC_000111,224.31,p2m,MERCH_00011,DEV_000092,IP_000113,domestic,qr_code,0,none,scenario_b
TX_00001016,1706506477.1244214,ACC_000413,ACC_000209,934.99,p2p,None,DEV_000328,IP_000104,domestic,qr_code,0,none,scenario_a
TX_00000145,1706509617.5908086,ACC_000269,ACC_000375,2630.78,p2p,None,DEV_000047,IP_000227,domestic,upi_app,0,none,scenario_a
TX_00000939,1706510973.0154753,ACC_000248,ACC_000393,1224.96,p2p,None,DEV_000243,IP_000211,domestic,qr_code,0,none,scenario_a
TX_00002835,1706511230.2771409,ACC_000223,ACC_000235,40000.0,p2p,None,DEV_000133,IP_000093,domestic,upi_app,1,camouflage_mule,scenario_h
TX_00002836,1706511530.2771409,ACC_000235,ACC_000219,431.35,p2m,MERCH_00047,DEV_000225,IP_000010,domestic,qr_code,1,camouflage_mule,scenario_h
TX_00002837,1706511830.2771409,ACC_000235,ACC_000219,443.31,p2m,MERCH_00047,DEV_000061,IP_000250,domestic,qr_code,1,camouflage_mule,scenario_h
TX_00002838,1706513030.2771409,ACC_000235,ACC_000180,38500.0,intermediary_transfer,None,DEV_000371,IP_000064,domestic,upi_app,1,camouflage_mule,scenario_h
TX_00000983,1706513432.356361,ACC_000280,ACC_000407,2109.12,p2p,None,DEV_000197,IP_000143,domestic,upi_app,0,none,scenario_a
TX_00001278,1706513490.0761378,ACC_000196,ACC_000035,97.88,p2m,MERCH_00005,DEV_000176,IP_000152,domestic,qr_code,0,none,scenario_b
TX_00002765,1706514400.3626826,ACC_000335,ACC_000436,25000.0,intermediary_transfer,None,DEV_000029,IP_000218,domestic,upi_app,1,layered_mule,scenario_g
TX_00002766,1706514700.3626826,ACC_000237,ACC_000141,30000.0,intermediary_transfer,None,DEV_000390,IP_000231,domestic,upi_app,1,layered_mule,scenario_g
TX_00002767,1706515600.3626826,ACC_000436,ACC_000159,23500.0,intermediary_transfer,None,DEV_000013,IP_000016,domestic,upi_app,1,layered_mule,scenario_g
TX_00002768,1706515900.3626826,ACC_000141,ACC_000159,28000.0,intermediary_transfer,None,DEV_000013,IP_000016,domestic,upi_app,1,layered_mule,scenario_g
TX_00000392,1706516493.008119,ACC_000312,ACC_000468,739.1,p2p,None,DEV_000290,IP_000043,domestic,qr_code,0,none,scenario_a
TX_00000058,1706516783.315787,ACC_000078,ACC_000074,598.9,p2p,None,DEV_000111,IP_000028,domestic,upi_app,0,none,scenario_a
TX_00002769,1706518000.3626826,ACC_000159,ACC_000374,25000.0,intermediary_transfer,None,DEV_000013,IP_000016,domestic,upi_app,1,layered_mule,scenario_g
TX_00002770,1706518400.3626826,ACC_000159,ACC_000084,24000.0,intermediary_transfer,None,DEV_000013,IP_000016,domestic,upi_app,1,layered_mule,scenario_g
TX_00001090,1706518858.59848,ACC_000441,ACC_000006,681.34,p2p,None,DEV_000160,IP_000178,domestic,upi_app,0,none,scenario_a
TX_00000969,1706521939.311443,ACC_000485,ACC_000266,810.36,p2p,None,DEV_000262,IP_000107,domestic,qr_code,0,none,scenario_a
TX_00001790,1706522189.575438,ACC_000409,ACC_000483,109.39,p2m,MERCH_00036,DEV_000095,IP_000224,domestic,qr_code,0,none,scenario_b
TX_00000725,1706523064.4850876,ACC_000392,ACC_000356,200.17,p2p,None,DEV_000384,IP_000025,domestic,upi_app,0,none,scenario_a
TX_00001659,1706523571.388701,ACC_000001,ACC_000269,447.63,p2m,MERCH_00021,DEV_000369,IP_000184,domestic,qr_code,0,none,scenario_b
TX_00001231,1706525245.5951204,ACC_000276,ACC_000186,128.98,p2m,MERCH_00041,DEV_000071,IP_000157,domestic,qr_code,0,none,scenario_b
TX_00001093,1706527064.7940187,ACC_000360,ACC_000138,604.95,p2p,None,DEV_000106,IP_000179,domestic,qr_code,0,none,scenario_a
TX_00000670,1706527805.439282,ACC_000102,ACC_000023,577.2,p2p,None,DEV_000112,IP_000288,domestic,web,0,none,scenario_a
TX_00000688,1706528449.3471038,ACC_000358,ACC_000224,372.29,p2p,None,DEV_000244,IP_000237,domestic,upi_app,0,none,scenario_a
TX_00000788,1706528932.125235,ACC_000362,ACC_000317,336.14,p2p,None,DEV_000210,IP_000130,domestic,web,0,none,scenario_a
TX_00000011,1706529990.0214167,ACC_000167,ACC_000011,490.1,p2p,None,DEV_000060,IP_000149,domestic,qr_code,0,none,scenario_a
TX_00000923,1706530054.0969045,ACC_000367,ACC_000181,2145.53,p2p,None,DEV_000123,IP_000017,domestic,qr_code,0,none,scenario_a
TX_00000087,1706532284.167573,ACC_000000,ACC_000141,930.9,p2p,None,DEV_000397,IP_000176,domestic,qr_code,0,none,scenario_a
TX_00000469,1706532644.3153417,ACC_000136,ACC_000010,957.42,p2p,None,DEV_000227,IP_000252,domestic,upi_app,0,none,scenario_a
TX_00000460,1706533463.7954676,ACC_000224,ACC_000286,2076.58,p2p,None,DEV_000318,IP_000238,domestic,web,0,none,scenario_a
TX_00000545,1706533996.9579065,ACC_000177,ACC_000296,720.62,p2p,None,DEV_000123,IP_000241,domestic,qr_code,0,none,scenario_a
TX_00001536,1706534863.0711832,ACC_000326,ACC_000400,338.14,p2m,MERCH_00003,DEV_000114,IP_000271,domestic,qr_code,0,none,scenario_b
TX_00000417,1706535383.0860047,ACC_000016,ACC_000143,7869.97,p2p,None,DEV_000219,IP_000281,domestic,qr_code,0,none,scenario_a
TX_00000291,1706535656.0092802,ACC_000142,ACC_000397,3128.49,p2p,None,DEV_000020,IP_000087,domestic,web,0,none,scenario_a
TX_00002333,1706537843.7153358,ACC_000005,ACC_000224,73441.7,intermediary_transfer,None,DEV_000003,IP_000283,domestic,upi_app,1,basic_mule,scenario_d
TX_00002334,1706538510.922165,ACC_000224,ACC_000407,70504.03,intermediary_transfer,None,DEV_000007,IP_000018,domestic,upi_app,1,basic_mule,scenario_d
TX_00000984,1706538586.1111977,ACC_000116,ACC_000332,242.63,p2p,None,DEV_000008,IP_000210,domestic,web,0,none,scenario_a
TX_00002335,1706539128.9196682,ACC_000407,ACC_000255,67566.36,intermediary_transfer,None,DEV_000007,IP_000018,domestic,upi_app,1,basic_mule,scenario_d
TX_00001050,1706540042.6104617,ACC_000055,ACC_000124,1845.27,p2p,None,DEV_000388,IP_000292,domestic,qr_code,0,none,scenario_a
TX_00002336,1706540095.8152568,ACC_000255,ACC_000328,64628.7,atm_cashout,None,DEV_000007,IP_000018,domestic,upi_app,1,basic_mule,scenario_d
TX_00000252,1706540143.8304262,ACC_000384,ACC_000393,618.17,p2p,None,DEV_000218,IP_000160,domestic,upi_app,0,none,scenario_a
TX_00001707,1706541178.5400689,ACC_000160,ACC_000111,507.85,p2m,MERCH_00011,DEV_000270,IP_000147,domestic,qr_code,0,none,scenario_b
TX_00001469,1706543696.9051344,ACC_000350,ACC_000116,6230.58,merchant_settlement,MERCH_00009,DEV_000337,IP_000180,domestic,web,0,none,scenario_b
TX_00000286,1706544345.1265318,ACC_000073,ACC_000143,1082.21,p2p,None,DEV_000026,IP_000007,domestic,web,0,none,scenario_a
TX_00001721,1706546798.8431592,ACC_000168,ACC_000111,208.67,p2m,MERCH_00011,DEV_000283,IP_000268,domestic,qr_code,0,none,scenario_b
TX_00000025,1706546822.395495,ACC_000022,ACC_000098,325.13,p2p,None,DEV_000005,IP_000052,domestic,upi_app,0,none,scenario_a
TX_00000119,1706547459.546269,ACC_000179,ACC_000062,952.09,p2p,None,DEV_000083,IP_000049,domestic,upi_app,0,none,scenario_a
TX_00000979,1706547540.5923362,ACC_000052,ACC_000159,809.5,p2p,None,DEV_000057,IP_000244,domestic,qr_code,0,none,scenario_a
TX_00001412,1706548405.0856078,ACC_000377,ACC_000112,2946.32,merchant_settlement,MERCH_00037,DEV_000051,IP_000196,domestic,web,0,none,scenario_b
TX_00000839,1706550372.5576706,ACC_000329,ACC_000491,277.25,p2p,None,DEV_000258,IP_000258,domestic,qr_code,0,none,scenario_a
TX_00000059,1706552507.1320686,ACC_000307,ACC_000213,868.23,p2p,None,DEV_000235,IP_000180,domestic,upi_app,0,none,scenario_a
TX_00001758,1706553355.2238085,ACC_000250,ACC_000425,78.62,p2m,MERCH_00017,DEV_000323,IP_000254,domestic,qr_code,0,none,scenario_b
TX_00000389,1706553359.3550901,ACC_000023,ACC_000035,437.93,p2p,None,DEV_000057,IP_000016,domestic,qr_code,0,none,scenario_a
TX_00001656,1706554979.3820071,ACC_000227,ACC_000269,71.88,p2m,MERCH_00021,DEV_000260,IP_000288,domestic,qr_code,0,none,scenario_b
TX_00001140,1706555572.741466,ACC_000408,ACC_000135,48.21,p2m,MERCH_00028,DEV_000340,IP_000236,domestic,qr_code,0,none,scenario_b
TX_00000236,1706556795.5445905,ACC_000168,ACC_000274,803.08,p2p,None,DEV_000381,IP_000261,domestic,web,0,none,scenario_a
TX_00001047,1706557056.7875695,ACC_000250,ACC_000147,733.56,p2p,None,DEV_000010,IP_000031,domestic,web,0,none,scenario_a
TX_00000738,1706558017.1792374,ACC_000189,ACC_000267,1569.34,p2p,None,DEV_000391,IP_000171,domestic,upi_app,0,none,scenario_a
TX_00000539,1706559945.5633245,ACC_000470,ACC_000295,912.04,p2p,None,DEV_000208,IP_000232,domestic,upi_app,0,none,scenario_a
TX_00001223,1706560484.3444982,ACC_000350,ACC_000186,544.07,p2m,MERCH_00041,DEV_000142,IP_000148,domestic,qr_code,0,none,scenario_b
TX_00001402,1706561054.4357653,ACC_000318,ACC_000377,207.72,p2m,MERCH_00037,DEV_000014,IP_000211,domestic,qr_code,0,none,scenario_b
TX_00001538,1706561081.705237,ACC_000448,ACC_000400,88.26,p2m,MERCH_00003,DEV_000359,IP_000195,domestic,qr_code,0,none,scenario_b
TX_00001257,1706561493.3510268,ACC_000186,ACC_000195,3394.56,merchant_settlement,MERCH_00041,DEV_000216,IP_000090,domestic,web,0,none,scenario_b
TX_00000230,1706561664.4110656,ACC_000360,ACC_000429,1230.76,p2p,None,DEV_000175,IP_000072,domestic,qr_code,0,none,scenario_a
TX_00002249,1706562609.2493107,ACC_000417,ACC_000346,48094.07,intermediary_transfer,None,DEV_000043,IP_000120,domestic,upi_app,1,basic_mule,scenario_d
TX_00002723,1706563525.990284,ACC_000056,ACC_000375,25000.0,intermediary_transfer,None,DEV_000143,IP_000193,domestic,upi_app,1,layered_mule,scenario_g
TX_00000068,1706563677.7564025,ACC_000417,ACC_000377,817.77,p2p,None,DEV_000017,IP_000189,domestic,upi_app,0,none,scenario_a
TX_00002724,1706563825.990284,ACC_000010,ACC_000344,30000.0,intermediary_transfer,None,DEV_000068,IP_000115,domestic,upi_app,1,layered_mule,scenario_g
TX_00002250,1706564544.5184793,ACC_000346,ACC_000406,46170.31,intermediary_transfer,None,DEV_000039,IP_000009,domestic,upi_app,1,basic_mule,scenario_d
TX_00002725,1706564725.990284,ACC_000375,ACC_000203,23500.0,intermediary_transfer,None,DEV_000018,IP_000013,domestic,upi_app,1,layered_mule,scenario_g
TX_00000430,1706564825.200236,ACC_000273,ACC_000349,2532.33,p2p,None,DEV_000342,IP_000158,domestic,web,0,none,scenario_a
TX_00002726,1706565025.990284,ACC_000344,ACC_000203,28000.0,intermediary_transfer,None,DEV_000018,IP_000013,domestic,upi_app,1,layered_mule,scenario_g
TX_00002325,1706565103.7568474,ACC_000387,ACC_000110,38602.76,intermediary_transfer,None,DEV_000009,IP_000001,domestic,upi_app,1,basic_mule,scenario_d
TX_00002251,1706566155.3444738,ACC_000406,ACC_000416,44246.55,intermediary_transfer,None,DEV_000039,IP_000009,domestic,upi_app,1,basic_mule,scenario_d
TX_00001648,1706566680.8181348,ACC_000326,ACC_000269,171.44,p2m,MERCH_00021,DEV_000327,IP_000128,domestic,qr_code,0,none,scenario_b
TX_00002727,1706567125.990284,ACC_000203,ACC_000052,25000.0,intermediary_transfer,None,DEV_000018,IP_000013,domestic,upi_app,1,layered_mule,scenario_g
TX_00002326,1706567498.1038582,ACC_000110,ACC_000338,37058.65,intermediary_transfer,None,DEV_000013,IP_000016,domestic,upi_app,1,basic_mule,scenario_d
TX_00002728,1706567525.990284,ACC_000203,ACC_000388,24000.0,intermediary_transfer,None,DEV_000018,IP_000013,domestic,upi_app,1,layered_mule,scenario_g
TX_00001683,1706567599.3203092,ACC_000082,ACC_000111,350.26,p2m,MERCH_00011,DEV_000221,IP_000088,domestic,qr_code,0,none,scenario_b
TX_00002252,1706567738.0914688,ACC_000416,ACC_000464,42322.78,atm_cashout,None,DEV_000039,IP_000009,domestic,upi_app,1,basic_mule,scenario_d
TX_00002327,1706568302.2300012,ACC_000338,ACC_000498,35514.54,intermediary_transfer,None,DEV_000013,IP_000016,domestic,upi_app,1,basic_mule,scenario_d
TX_00001678,1706568731.8610601,ACC_000215,ACC_000111,206.94,p2m,MERCH_00011,DEV_000320,IP_000230,domestic,qr_code,0,none,scenario_b
TX_00001344,1706568782.9053397,ACC_000235,ACC_000099,237.06,p2m,MERCH_00044,DEV_000185,IP_000178,domestic,qr_code,0,none,scenario_b
TX_00000018,1706569119.5367703,ACC_000137,ACC_000243,6843.74,p2p,None,DEV_000132,IP_000163,domestic,web,0,none,scenario_a
TX_00002328,1706570645.7441702,ACC_000498,ACC_000309,33970.43,atm_cashout,None,DEV_000013,IP_000016,domestic,upi_app,1,basic_mule,scenario_d
TX_00001296,1706572752.5559363,ACC_000403,ACC_000035,105.78,p2m,MERCH_00005,DEV_000348,IP_000150,domestic,qr_code,0,none,scenario_b
TX_00001337,1706573495.6249964,ACC_000314,ACC_000099,201.45,p2m,MERCH_00044,DEV_000136,IP_000052,domestic,qr_code,0,none,scenario_b
TX_00001613,1706578279.292827,ACC_000139,ACC_000085,138.85,p2m,MERCH_00007,DEV_000326,IP_000043,domestic,qr_code,0,none,scenario_b
TX_00001416,1706582562.121098,ACC_000377,ACC_000330,4273.43,merchant_settlement,MERCH_00037,DEV_000383,IP_000041,domestic,web,0,none,scenario_b
TX_00002468,1706585398.902555,ACC_000414,ACC_000238,12022.55,p2p,None,DEV_000155,IP_000097,domestic,upi_app,1,fan_in_mule,scenario_e
TX_00002473,1706585445.0331993,ACC_000237,ACC_000238,8174.46,p2p,None,DEV_000009,IP_000258,domestic,upi_app,1,fan_in_mule,scenario_e
TX_00002471,1706585645.811624,ACC_000200,ACC_000238,11359.25,p2p,None,DEV_000168,IP_000071,domestic,upi_app,1,fan_in_mule,scenario_e
TX_00002467,1706585647.7276266,ACC_000222,ACC_000238,10549.21,p2p,None,DEV_000333,IP_000067,domestic,upi_app,1,fan_in_mule,scenario_e
TX_00002472,1706585888.4011002,ACC_000351,ACC_000238,12839.11,p2p,None,DEV_000320,IP_000093,domestic,upi_app,1,fan_in_mule,scenario_e
TX_00001405,1706585918.2849147,ACC_000446,ACC_000377,933.4,p2m,MERCH_00037,DEV_000155,IP_000238,domestic,qr_code,0,none,scenario_b
TX_00002475,1706586965.866559,ACC_000233,ACC_000238,13906.03,p2p,None,DEV_000388,IP_000046,domestic,upi_app,1,fan_in_mule,scenario_e
TX_00002476,1706587326.8789575,ACC_000291,ACC_000238,12687.1,p2p,None,DEV_000106,IP_000080,domestic,upi_app,1,fan_in_mule,scenario_e
TX_00001149,1706587535.1733804,ACC_000191,ACC_000135,142.12,p2m,MERCH_00028,DEV_000140,IP_000219,domestic,qr_code,0,none,scenario_b
TX_00002469,1706587944.1818812,ACC_000212,ACC_000238,5463.35,p2p,None,DEV_000371,IP_000112,domestic,upi_app,1,fan_in_mule,scenario_e
TX_00002474,1706588183.9037936,ACC_000258,ACC_000238,6133.17,p2p,None,DEV_000327,IP_000235,domestic,upi_app,1,fan_in_mule,scenario_e
TX_00002470,1706588235.598077,ACC_000279,ACC_000238,13087.44,p2p,None,DEV_000193,IP_000226,domestic,upi_app,1,fan_in_mule,scenario_e
TX_00001102,1706588260.8332946,ACC_000164,ACC_000088,356.1,p2p,None,DEV_000255,IP_000185,domestic,web,0,none,scenario_a
TX_00001519,1706589800.9491045,ACC_000336,ACC_000457,3023.53,merchant_settlement,MERCH_00001,DEV_000158,IP_000212,domestic,web,0,none,scenario_b
TX_00001485,1706596213.3702924,ACC_000134,ACC_000336,130.77,p2m,MERCH_00001,DEV_000286,IP_000230,domestic,qr_code,0,none,scenario_b
TX_00000942,1706597816.4311311,ACC_000211,ACC_000083,1105.89,p2p,None,DEV_000254,IP_000153,domestic,web,0,none,scenario_a
TX_00001305,1706601903.3797097,ACC_000032,ACC_000035,695.35,p2m,MERCH_00005,DEV_000002,IP_000083,domestic,qr_code,0,none,scenario_b
TX_00000571,1706602868.852828,ACC_000266,ACC_000135,773.53,p2p,None,DEV_000088,IP_000164,domestic,upi_app,0,none,scenario_a
TX_00000855,1706604381.4798858,ACC_000297,ACC_000355,1675.57,p2p,None,DEV_000387,IP_000165,domestic,upi_app,0,none,scenario_a
TX_00001391,1706605665.1408436,ACC_000191,ACC_000377,171.6,p2m,MERCH_00037,DEV_000062,IP_000083,domestic,qr_code,0,none,scenario_b
TX_00000157,1706605996.837126,ACC_000478,ACC_000190,864.03,p2p,None,DEV_000041,IP_000239,domestic,qr_code,0,none,scenario_a
TX_00001167,1706610976.8402572,ACC_000056,ACC_000009,74.62,p2m,MERCH_00019,DEV_000002,IP_000289,domestic,qr_code,0,none,scenario_b
TX_00001063,1706611040.2233036,ACC_000142,ACC_000257,1211.21,p2p,None,DEV_000052,IP_000074,domestic,web,0,none,scenario_a
TX_00000298,1706611259.8806026,ACC_000454,ACC_000487,501.79,p2p,None,DEV_000211,IP_000041,domestic,upi_app,0,none,scenario_a
TX_00002391,1706611382.5457122,ACC_000420,ACC_000050,11581.6,p2p,None,DEV_000341,IP_000192,domestic,upi_app,1,fan_in_mule,scenario_e
TX_00002387,1706612455.7003052,ACC_000291,ACC_000050,6563.72,p2p,None,DEV_000321,IP_000077,domestic,upi_app,1,fan_in_mule,scenario_e
TX_00002392,1706612635.648749,ACC_000289,ACC_000050,12528.21,p2p,None,DEV_000027,IP_000087,domestic,upi_app,1,fan_in_mule,scenario_e
TX_00002393,1706612797.5659537,ACC_000225,ACC_000050,11870.18,p2p,None,DEV_000267,IP_000030,domestic,upi_app,1,fan_in_mule,scenario_e
TX_00001089,1706612926.38261,ACC_000398,ACC_000087,991.73,p2p,None,DEV_000241,IP_000055,domestic,upi_app,0,none,scenario_a
TX_00001460,1706612962.8652248,ACC_000465,ACC_000350,91.07,p2m,MERCH_00009,DEV_000297,IP_000273,domestic,qr_code,0,none,scenario_b
TX_00000867,1706613374.5105073,ACC_000145,ACC_000489,1221.46,p2p,None,DEV_000126,IP_000257,domestic,qr_code,0,none,scenario_a
TX_00000742,1706613552.110134,ACC_000474,ACC_000231,497.82,p2p,None,DEV_000315,IP_000045,domestic,qr_code,0,none,scenario_a
TX_00000339,1706613994.7556841,ACC_000106,ACC_000382,1475.14,p2p,None,DEV_000013,IP_000283,domestic,upi_app,0,none,scenario_a
TX_00002388,1706614090.5864925,ACC_000060,ACC_000050,4857.94,p2p,None,DEV_000111,IP_000017,domestic,upi_app,1,fan_in_mule,scenario_e
TX_00002396,1706614238.0739727,ACC_000049,ACC_000050,9490.28,p2p,None,DEV_000272,IP_000248,domestic,upi_app,1,fan_in_mule,scenario_e
TX_00002394,1706614386.5454512,ACC_000003,ACC_000050,7640.33,p2p,None,DEV_000057,IP_000033,domestic,upi_app,1,fan_in_mule,scenario_e
TX_00002389,1706614585.7309222,ACC_000294,ACC_000050,14613.29,p2p,None,DEV_000024,IP_000259,domestic,upi_app,1,fan_in_mule,scenario_e
TX_00000944,1706614619.305208,ACC_000455,ACC_000259,151.67,p2p,None,DEV_000277,IP_000250,domestic,qr_code,0,none,scenario_a
TX_00002395,1706614698.3591821,ACC_000384,ACC_000050,3751.79,p2p,None,DEV_000132,IP_000055,domestic,upi_app,1,fan_in_mule,scenario_e
TX_00002390,1706614817.7277749,ACC_000243,ACC_000050,9354.29,p2p,None,DEV_000047,IP_000180,domestic,upi_app,1,fan_in_mule,scenario_e
TX_00000891,1706617002.0321198,ACC_000232,ACC_000350,621.13,p2p,None,DEV_000204,IP_000154,domestic,upi_app,0,none,scenario_a
TX_00001468,1706617312.0019953,ACC_000350,ACC_000234,4242.96,merchant_settlement,MERCH_00009,DEV_000255,IP_000201,domestic,web,0,none,scenario_b
TX_00000933,1706617556.0079343,ACC_000072,ACC_000300,203.35,p2p,None,DEV_000008,IP_000243,domestic,upi_app,0,none,scenario_a
TX_00001137,1706618389.2640154,ACC_000405,ACC_000135,138.9,p2m,MERCH_00028,DEV_000004,IP_000109,domestic,qr_code,0,none,scenario_b
TX_00001381,1706618822.8815773,ACC_000434,ACC_000377,440.78,p2m,MERCH_00037,DEV_000289,IP_000174,domestic,qr_code,0,none,scenario_b
TX_00000027,1706618854.2073336,ACC_000012,ACC_000357,230.19,p2p,None,DEV_000120,IP_000039,domestic,web,0,none,scenario_a
TX_00000397,1706620725.8933663,ACC_000417,ACC_000137,1297.89,p2p,None,DEV_000270,IP_000139,domestic,upi_app,0,none,scenario_a
TX_00000935,1706620857.7375069,ACC_000448,ACC_000008,789.54,p2p,None,DEV_000023,IP_000222,domestic,upi_app,0,none,scenario_a
TX_00000120,1706621136.8358467,ACC_000437,ACC_000015,1329.79,p2p,None,DEV_000160,IP_000158,domestic,web,0,none,scenario_a
TX_00001584,1706622035.6652477,ACC_000436,ACC_000085,52.71,p2m,MERCH_00007,DEV_000293,IP_000262,domestic,qr_code,0,none,scenario_b
TX_00000900,1706622719.6728144,ACC_000434,ACC_000012,220.53,p2p,None,DEV_000387,IP_000279,domestic,qr_code,0,none,scenario_a
TX_00001384,1706623044.9549222,ACC_000140,ACC_000377,126.91,p2m,MERCH_00037,DEV_000147,IP_000179,domestic,qr_code,0,none,scenario_b
TX_00000590,1706623523.2553284,ACC_000227,ACC_000245,750.86,p2p,None,DEV_000075,IP_000133,domestic,web,0,none,scenario_a
TX_00000146,1706624040.019407,ACC_000168,ACC_000088,1503.02,p2p,None,DEV_000261,IP_000053,domestic,web,0,none,scenario_a
TX_00001594,1706624543.3874004,ACC_000017,ACC_000085,121.98,p2m,MERCH_00007,DEV_000265,IP_000299,domestic,qr_code,0,none,scenario_b
TX_00000225,1706625317.3030806,ACC_000321,ACC_000300,2142.83,p2p,None,DEV_000384,IP_000153,domestic,web,0,none,scenario_a
TX_00001493,1706626532.8127093,ACC_000181,ACC_000336,311.01,p2m,MERCH_00001,DEV_000174,IP_000192,domestic,qr_code,0,none,scenario_b
TX_00000863,1706626650.569792,ACC_000121,ACC_000411,634.14,p2p,None,DEV_000203,IP_000293,domestic,qr_code,0,none,scenario_a
TX_00001660,1706627164.1987267,ACC_000277,ACC_000269,80.58,p2m,MERCH_00021,DEV_000135,IP_000065,domestic,qr_code,0,none,scenario_b
TX_00000125,1706627958.043701,ACC_000329,ACC_000299,948.66,p2p,None,DEV_000338,IP_000175,domestic,upi_app,0,none,scenario_a
TX_00000034,1706629129.1132421,ACC_000097,ACC_000087,426.55,p2p,None,DEV_000201,IP_000220,domestic,qr_code,0,none,scenario_a
TX_00000488,1706629437.5453918,ACC_000066,ACC_000473,2518.42,p2p,None,DEV_000109,IP_000279,domestic,web,0,none,scenario_a
TX_00000573,1706630402.2963955,ACC_000424,ACC_000231,306.91,p2p,None,DEV_000229,IP_000135,domestic,upi_app,0,none,scenario_a
TX_00000020,1706630836.9651089,ACC_000059,ACC_000140,832.6,p2p,None,DEV_000092,IP_000070,domestic,upi_app,0,none,scenario_a
TX_00001514,1706631566.9145195,ACC_000336,ACC_000152,2868.97,merchant_settlement,MERCH_00001,DEV_000121,IP_000185,domestic,web,0,none,scenario_b
TX_00000489,1706634540.2560601,ACC_000167,ACC_000045,917.27,p2p,None,DEV_000208,IP_000215,domestic,upi_app,0,none,scenario_a
TX_00000760,1706636621.9685614,ACC_000212,ACC_000112,877.73,p2p,None,DEV_000389,IP_000158,domestic,web,0,none,scenario_a
TX_00000537,1706636945.807985,ACC_000349,ACC_000243,1626.29,p2p,None,DEV_000297,IP_000179,domestic,upi_app,0,none,scenario_a
TX_00000982,1706640964.9732423,ACC_000463,ACC_000199,584.94,p2p,None,DEV_000190,IP_000257,domestic,upi_app,0,none,scenario_a
TX_00001527,1706642323.6825354,ACC_000066,ACC_000400,299.1,p2m,MERCH_00003,DEV_000051,IP_000072,domestic,qr_code,0,none,scenario_b
TX_00000306,1706644423.2506912,ACC_000165,ACC_000025,721.08,p2p,None,DEV_000093,IP_000283,domestic,upi_app,0,none,scenario_a
TX_00001375,1706644538.688804,ACC_000099,ACC_000377,153.12,p2m,MERCH_00037,DEV_000219,IP_000100,domestic,qr_code,0,none,scenario_b
TX_00001122,1706646039.7178538,ACC_000183,ACC_000135,135.37,p2m,MERCH_00028,DEV_000371,IP_000057,domestic,qr_code,0,none,scenario_b
TX_00000763,1706646854.816291,ACC_000229,ACC_000482,615.78,p2p,None,DEV_000031,IP_000086,domestic,qr_code,0,none,scenario_a
TX_00001295,1706648232.7214978,ACC_000370,ACC_000035,325.09,p2m,MERCH_00005,DEV_000151,IP_000277,domestic,qr_code,0,none,scenario_b
TX_00001512,1706649507.8501127,ACC_000247,ACC_000336,115.86,p2m,MERCH_00001,DEV_000087,IP_000069,domestic,qr_code,0,none,scenario_b
TX_00000049,1706650081.3357682,ACC_000239,ACC_000294,461.2,p2p,None,DEV_000183,IP_000094,domestic,web,0,none,scenario_a
TX_00000207,1706651523.7419744,ACC_000028,ACC_000438,565.08,p2p,None,DEV_000095,IP_000092,domestic,web,0,none,scenario_a
TX_00001170,1706652194.5406563,ACC_000024,ACC_000009,219.9,p2m,MERCH_00019,DEV_000005,IP_000232,domestic,qr_code,0,none,scenario_b
TX_00000513,1706654982.2772245,ACC_000319,ACC_000140,344.03,p2p,None,DEV_000161,IP_000119,domestic,web,0,none,scenario_a
TX_00001696,1706655763.0807316,ACC_000354,ACC_000111,89.14,p2m,MERCH_00011,DEV_000069,IP_000219,domestic,qr_code,0,none,scenario_b
TX_00001668,1706656275.419869,ACC_000110,ACC_000269,42.14,p2m,MERCH_00021,DEV_000121,IP_000077,domestic,qr_code,0,none,scenario_b
TX_00000889,1706656313.7903934,ACC_000095,ACC_000391,1010.16,p2p,None,DEV_000234,IP_000234,domestic,qr_code,0,none,scenario_a
TX_00001477,1706656748.1270812,ACC_000217,ACC_000336,75.69,p2m,MERCH_00001,DEV_000195,IP_000074,domestic,qr_code,0,none,scenario_b
TX_00000625,1706657505.6630766,ACC_000252,ACC_000298,1633.5,p2p,None,DEV_000336,IP_000052,domestic,web,0,none,scenario_a
